Field Key,Extent,Age as at 31/03/24,Field Key,Month,Yield_Month,Green_Leaf_Month,Extend,VP/SD_m,Date Last Pruned_m,10/1/2025 0:00,% on Divisional Extent,Plucking Round - Months,GL/Ha/Rd -Month,GL/Ha/Rd - Todate,Nitrogen per Hect- Month,Last 12 Months Nitrogen,Last 12 Months YPH - Nitrogen,Last 12 Months Nitrogen Ratio,PH Value,Foilar spraying Rounds,Plucking Average - Month,Plucking Average - Todate,LPH - Month,LPH - Todate,Green Leaf Todate,Extent Plucked To Date,Plucker To date,Wedding Date,Weeding Days,FERTILIZER_Less than 800,FERTILIZER_800 - 1400,FERTILIZER_1400-1900,FERTILIZER_1900,Yeild_Total,Green Leaf_Total,Month,Year,AirTemp_Max,AirTemp_Min,SoilTemp_Morning,SoilTemp_Afternoon,RH_Morning,RH_Afternoon,Sunshine,Evaporation,Rainfall,WetDays
10,2.67,35,10,Jan,224.530691,2472.520262,2.67,SD,Feb.2025,8,0.018797522,17,4.728116,5.054845,140,220,1631.413588,14.24870466,14.24870466,3,25.04854369,22.5042735,4.822097378,5.155320555,5163.367496,45.39,234,45783,178,180,360,3,1080,2641.537545,29088.47368,Jan,2021,,12.3,,,89,78,4.4,48.6,132.1,11
10/2A,3.6,37,10/2A,Jan,107.774732,1600.192889,3.6,VP,"June.,2024",17,0.025344973,23,6.990676,8.461046,160,320,1859.642431,18.18181818,5.72,2,30.42857143,24.89293212,7.12962963,8.629227053,17439.35706,82.8,714.5,45939,22,250,750,3,2250,1029.847437,15290.73205,Jan,2021,,12.3,,,89,78,4.4,48.6,132.1,11
3-Oct,2,12,3-Oct,Jan,179.624553,1481.660082,2,VP,"Apr,2023",30,0.014080541,27,8.824593,9.314848,160,400,2617.235399,16.14856681,4.4,3,24.55555556,27.34697856,9,9.5,13755.57968,54,513,45824,137,310,1317.5,4,5270,2113.230036,17431.29509,Jan,2021,,12.3,,,89,78,4.4,48.6,132.1,11
4-Oct,1.25,48,4-Oct,Jan,226.326937,1166.807315,1.25,VP,"June,2024",17,0.008800338,21,10.197308,9.15143,160,320,1976.926698,17.10315339,4.39,3,17.35897436,25.12244898,10.4,9.333333333,6035.041196,26.25,245,45918,43,250,500,4,2000,1187.846603,6123.831855,Jan,2021,,12.3,,,89,78,4.4,48.6,132.1,11
11,6.48,31,11,Jan,197.587008,5280.636534,6.48,VP,Oct.2024,14,0.045620952,35,4.640275,5.840694,160,240,1228.843266,20.63628547,5.11,1,21.06521739,21.63508512,4.732510288,5.956790123,28659.33698,226.8,1351,45788,173,310,2030.5,4,8122,2324.553039,62125.13569,Jan,2021,,12.3,,,89,78,4.4,48.6,132.1,11
1-Nov,2.98,6,1-Nov,Jan,179.624553,2207.673523,2.98,VP,"Oct,2023",23,0.020980006,22,10.419293,15.70372,160,320,3170.901669,10.6631123,5.46,2,21.06315789,23.67047619,10.62639821,16.01586333,24369.60421,65.56,1050,45903,58,310,2008.8,4,8035.2,2325.971315,28587.32394,Jan,2021,,12.3,,,89,78,4.4,48.6,132.1,11
11/1A,2.27,24,11/1A,Jan,251.474374,2354.357871,2.27,VP,"Apr,2022",42,0.015981414,20,11.086534,17.763651,80,240,3458.300954,7.332722273,4.99,1,22.46753247,21.19513678,11.30690162,18.11674009,17093.23691,45.4,822.5,45783,52,310,930,4,3720,2958.52205,27698.32789,Jan,2021,,12.3,,,89,78,4.4,48.6,132.1,11
12,6.39,17,12,Jan,143.699642,3787.123171,6.39,SD,"Nov,2022",35,0.044987328,34,3.963983,5.135878,160,400,1857.529201,22.75312856,22.75312856,1,19.72258065,24.73989455,4.04277517,5.23796373,27605.28836,217.26,1138,45783,183,250,667.5,4,2670,1690.584029,44554.39024,Jan,2021,,12.3,,,89,78,4.4,48.6,132.1,11
1-Dec,4.25,7,1-Dec,Jan,251.474374,4407.938745,4.25,VP,"Oct,2023",24,0.029921149,25,13.554114,16.154196,320,560,4692.427294,12.60977257,4.56,3,24.52765957,27.20936875,13.82352941,16.47529412,46701.70791,106.25,1750.5,45931,30,310,1156.3,4,4625.2,2958.52205,51858.10288,Jan,2021,,12.3,,,89,78,4.4,48.6,132.1,11
1A/1,4,21,1A/1,Jan,202.077622,3333.735185,4,VP,"Jul,2022",38,0.028161081,22,7.680664,9.236853,160,320,2485.158522,13.60544218,6.08,3,18.40425532,25.09167672,7.833333333,9.420454545,20395.59576,88,829,45931,23,200 Kgs.,180,250,310,2483.045292,40963.54345,Jan,2021,,12.3,,,89,78,4.4,48.6,132.1,11
1A/2,4.09,23,1A/2,Jan,143.699642,2423.995895,4.09,VP,"Apr,2022",40,0.028794706,22,6.233073,9.093531,80,320,2039.266985,16.58031088,5.03,3,17.88461538,23.10245656,6.356968215,9.274283174,18903.25901,89.98,834.5,45931,30,250,1000,3,3000,1880.206381,31716.24141,Jan,2021,,12.3,,,89,78,4.4,48.6,132.1,11
1B/1,2.31,23,1B/1,Jan,143.699642,1369.053916,2.31,VP,"May,2022",40,0.016263025,19,10.399352,8.8132,80,240,1815.264601,13.96973225,4.53,2,23.18367347,25.49809886,10.60606061,8.988380041,9862.953597,43.89,394.5,,80,250,1022.5,3,3067.5,1965.029488,18721.21092,Jan,2021,,12.3,,,89,78,4.4,48.6,132.1,11
2,5.24,36,2,Jan,161.662098,3493.754474,5.24,VP,"Jan,2025",2,0.0369,11,0,4.422843,0,80,652.988081,12.94498382,4.39,0,0,21.56923077,0,4.510756419,5498.702035,58,260,45945,16,250,1625,4,6500,1932.153645,41756.66738,Jan,2021,,12.3,,,89,78,4.4,48.6,132.1,11
2A,6.5,31,2A,Jan,161.662098,4333.855741,6.5,VP,"Jan 2025,",2,0.0458,16,0,4.883696,0,80,972.085816,8.695652174,4.66,0,0,20.91505792,0,4.980769231,10622.84912,104,518,45934,27,250,577.5,3,1732.5,1885.651417,50550.75575,Jan,2021,,12.3,,,89,78,4.4,48.6,132.1,11
3,5,37,3,Jan,107.774732,2222.490124,5,VP,"Aug, 2024",15,0.035201352,21,6.92894,7.437871,160,240,1590.205602,15.94684385,5.42,2,24.03773585,24.3992467,7.066666667,7.585714286,19055.23812,105,796.5,45799,162,250,1310,4,5240,1581.541359,32613.95311,Jan,2021,,12.3,,,89,78,4.4,48.6,132.1,11
4,8.09,17,4,Jan,197.587008,6592.646536,8.09,VP,"Nov,2022",35,0.056955787,16,6.969017,10.358837,160,240,2013.908224,12.59181532,4.75,1,20.74782609,26.17769653,7.107540173,10.56474042,35100.30946,129.44,1367.5,45840,121,310,1550,4,6200,2298.431531,76688.98273,Jan,2021,,12.3,,,89,78,4.4,48.6,132.1,11
5A/1,5.7,31,5A/1,Jan,179.624553,4222.731235,5.7,VP,"Sep,2021",49,0.040129541,20,4.816542,8.192422,0,80,1929.379023,4.381161008,4.381161008,1,22.82142857,23.89186352,4.912280702,8.355263158,22313.474,114,952.5,45783,44,310,2507.9,3,7523.7,2150.304247,50550.75575,Jan,2021,,12.3,,,89,78,4.4,48.6,132.1,11
5A/2,7.62,29,5A/2,Jan,135.35904,4253.976831,7.62,VP,"Nov,2021",47,0.05364686,19,3.834542,7.92034,0,80,1707.489869,4.95049505,5,0,18.43624161,24.38905515,3.910761155,8.077773173,27967.09667,144.78,1169.5,45783,81,310,1767,4,7068,2165.644796,68060.49167,Jan,2021,,12.3,,,89,78,4.4,48.6,132.1,11
5B/1,4.18,30,5B/1,Jan,197.587008,3406.336529,4.18,VP,"May,2024",17,0.02942833,34,4.222293,5.284766,240,400,2075.191895,20.36659878,5.35,1,28.82407407,28.95953003,4.306220096,5.389811427,21750.66106,142.12,766,45765,196,310,2362.2,4,9448.8,2413.025589,41599.78572,Jan,2021,,12.3,,,89,78,4.4,48.6,132.1,11
6A/1,2,12,6A/1,Jan,197.587008,1629.826091,2,VP,"Apr,2023",30,0.014080541,33,4.575715,6.804148,160,400,2702.821216,15.63721658,3.97,2,26.64285714,29.48689956,4.666666667,6.939393939,13241.79226,66,458,45818,143,310,1116,4,4464,2509.460667,20699.66292,Jan,2021,,12.3,,,89,78,4.4,48.6,132.1,11
6A/2,2,36,6A/2,Jan,269.43683,2222.490124,2,VP,"Feb,2025",8,0.0141,26,5.719644,6.345033,160,240,1788.849225,14.1760189,4.85,3,21.84285714,20.23774146,5.833333333,6.471153846,6677.275474,52,336.5,45911,50,310,923.8,4,3695.2,3627.359356,29920.81802,Jan,2021,,12.3,,,89,78,4.4,48.6,132.1,11
6A/2/1,2,42,6A/2/1,Jan,295.852205,2440.381312,2,VP,"May,2024",17,0.014080541,28,6.455026,9.700049,240,480,2613.008939,19.40962394,4.3,3,25.21518987,23.84115523,6.583333333,9.892857143,12950.58069,56,554,45779,182,310,620,4,2480,1469.75149,12123.46573,Jan,2021,,12.3,,,89,78,4.4,48.6,132.1,11
6B/2/3,3,30,6B/2/3,Jan,287.399285,3555.984198,3,VP,"Oct,2021",48,0.021120811,33,7.778715,10.330023,160,400,3123.353993,13.53179973,4.03,2,22.09243697,22.56088207,7.933333333,10.53535354,23072.38901,99,1043,45783,249,310,1295.8,4,5183.2,3381.168057,41835.10821,Jan,2021,,12.3,,,89,78,4.4,48.6,132.1,11
6B/4,3,17,6B/4,Jan,255.964988,3167.048426,3,VP,"Feb,2025",8,0.0227,23,2.934448,2.877255,140,300,1260.541716,25.14668902,4.96,1,29.36206897,22.25229358,2.992776058,2.93444609,4756.455701,74,218,45905,56,310,930,4,3720,3011.352801,37259.39325,Jan,2021,,12.3,,,89,78,4.4,48.6,132.1,11
7,3,12,7,Jan,197.587008,2444.739136,3,VP,"Apr,2023",30,0.021120811,35,4.521242,5.434829,160,480,2717.613826,18.66251944,4.52,1,28.19277108,34.57216495,4.611111111,5.542857143,19728.84873,105,582,45783,178,310,620,4,2480,2359.421335,29193.06145,Jan,2021,,12.3,,,89,78,4.4,48.6,132.1,11
1-Jul,3.73,7,1-Jul,Jan,125.737187,1934.307238,3.73,VP,"Sep,2023",23,0.026260208,35,4.030695,6.5117,160,400,2694.368296,15.68627451,4.38,2,29.64130435,28.727797,4.110813226,6.641133665,24421.57125,130.55,867,45788,173,250,567.5,3,1702.5,1501.073185,23092.10817,Jan,2021,,12.3,,,89,78,4.4,48.6,132.1,11
7A,1.54,43,7A,Jan,108.090344,686.531557,1.54,SD,"Oct,2024",12,0.010842016,35,4.838882,4.3841,160,160,1148.540524,14.71941122,14.71941122,3,25.68421053,24.54356846,4.935064935,4.471243043,5799.718712,53.9,241,45783,301,250,600,4,2400,520.170201,3303.840514,Jan,2021,,12.3,,,89,78,4.4,48.6,132.1,11
1-Aug,6,12,1-Aug,Jan,179.624553,4444.980247,6,VP,"Apr,2023",30,0.042241622,23,8.252629,10.369963,160,240,2645.764005,9.584664537,4.35,2,21.90594059,27.37923947,8.416666667,10.57608696,39181.19353,138,1459.5,45947,14,310,620,4,2480,2151.092074,53230.81737,Jan,2021,,12.3,,,89,78,4.4,48.6,132.1,11
2-Aug,6.55,6,2-Aug,Jan,179.624553,4852.43677,6.55,VP,"Oct,2023",24,0.046113771,18,6.786229,8.948508,160,240,1901.907032,13.33333333,5.11,2,23.34558824,28.94423792,6.921119593,9.126378287,30537.0143,117.9,1076,45884,77,310,1860,4,7440,2113.230036,57087.49141,Jan,2021,,12.3,,,89,78,4.4,48.6,132.1,11
9,6.45,18,9,Jan,98.793504,2628.094571,6.45,SD,"Oct,2022",36,0.045409744,22,6.346714,7.659589,160,160,1924.095948,8.786381109,8.786381109,1,20.30538922,23.18899414,6.472868217,7.811839323,25204.01851,141.9,1108.5,45783,55,250,385,4,1540,1162.27652,30918.75966,Jan,2021,,12.3,,,89,78,4.4,48.6,132.1,11
9A,2,18,9A,Jan,179.624553,1481.660082,2,SD,Nov.2022,36,0.014080541,21,9.314848,11.392596,80,240,2347.79857,10.80108011,10.80108011,2,19.76315789,23.40163934,9.5,11.61904762,11197.42818,42,488,45783,23,180,1161,3,3483,2113.230036,17431.29509,Jan,2021,,12.3,,,89,78,4.4,48.6,132.1,11
9A/2,2.4,23,9A/2,Jan,13.471841,133.349407,2.4,VP,Rev 2022,41,0.016896649,4,0,8.17092,40,40,72.906436,57.97101449,4.82,0,0,0,0,0,222.575849,9.6,80,45783,53,180,225,4,900,158.492253,1568.816558,Jan,2021,,12.3,,,89,78,4.4,48.6,132.1,11
10,2.67,35,10,Feb,198.115316,2181.635526,2.67,SD,Feb.2025,8,0.018797522,17,4.728116,5.054845,140,220,1631.413588,14.24870466,14.24870466,3,25.04854369,22.5042735,4.822097378,5.155320555,5163.367496,45.39,234,45783,178,180,360,3,1080,2641.537545,29088.47368,Feb,2021,25.9,10.2,22.5,23.2,78,65,7.9,73.2,32.6,3
10/2A,3.6,37,10/2A,Feb,95.095352,1411.934902,3.6,VP,"June.,2024",17,0.025344973,23,6.990676,8.461046,160,320,1859.642431,18.18181818,5.72,2,30.42857143,24.89293212,7.12962963,8.629227053,17439.35706,82.8,714.5,45939,22,250,750,3,2250,1029.847437,15290.73205,Feb,2021,25.9,10.2,22.5,23.2,78,65,7.9,73.2,32.6,3
3-Oct,2,12,3-Oct,Feb,158.492253,1307.347131,2,VP,"Apr,2023",30,0.014080541,27,8.824593,9.314848,160,400,2617.235399,16.14856681,4.4,3,24.55555556,27.34697856,9,9.5,13755.57968,54,513,45824,137,310,1317.5,4,5270,2113.230036,17431.29509,Feb,2021,25.9,10.2,22.5,23.2,78,65,7.9,73.2,32.6,3
4-Oct,1.25,48,4-Oct,Feb,110.944577,571.96437,1.25,VP,"June,2024",17,0.008800338,21,10.197308,9.15143,160,320,1976.926698,17.10315339,4.39,3,17.35897436,25.12244898,10.4,9.333333333,6035.041196,26.25,245,45918,43,250,500,4,2000,1187.846603,6123.831855,Feb,2021,25.9,10.2,22.5,23.2,78,65,7.9,73.2,32.6,3
11,6.48,31,11,Feb,174.341478,4659.385177,6.48,VP,Oct.2024,14,0.045620952,35,4.640275,5.840694,160,240,1228.843266,20.63628547,5.11,1,21.06521739,21.63508512,4.732510288,5.956790123,28659.33698,226.8,1351,45788,173,310,2030.5,4,8122,2324.553039,62125.13569,Feb,2021,25.9,10.2,22.5,23.2,78,65,7.9,73.2,32.6,3
1-Nov,2.98,6,1-Nov,Feb,87.578493,1076.382472,2.98,VP,"Oct,2023",23,0.020980006,22,10.419293,15.70372,160,320,3170.901669,10.6631123,5.46,2,21.06315789,23.67047619,10.62639821,16.01586333,24369.60421,65.56,1050,45903,58,310,2008.8,4,8035.2,2325.971315,28587.32394,Feb,2021,25.9,10.2,22.5,23.2,78,65,7.9,73.2,32.6,3
11/1A,2.27,24,11/1A,Feb,221.889154,2077.374592,2.27,VP,"Apr,2022",42,0.015981414,20,11.086534,17.763651,80,240,3458.300954,7.332722273,4.99,1,22.46753247,21.19513678,11.30690162,18.11674009,17093.23691,45.4,822.5,45783,52,310,930,4,3720,2958.52205,27698.32789,Feb,2021,25.9,10.2,22.5,23.2,78,65,7.9,73.2,32.6,3
12,6.39,17,12,Feb,126.793802,3341.579268,6.39,SD,"Nov,2022",35,0.044987328,34,3.963983,5.135878,160,400,1857.529201,22.75312856,22.75312856,1,19.72258065,24.73989455,4.04277517,5.23796373,27605.28836,217.26,1138,45783,183,250,667.5,4,2670,1690.584029,44554.39024,Feb,2021,25.9,10.2,22.5,23.2,78,65,7.9,73.2,32.6,3
1-Dec,4.25,7,1-Dec,Feb,221.889154,3889.357716,4.25,VP,"Oct,2023",24,0.029921149,25,13.554114,16.154196,320,560,4692.427294,12.60977257,4.56,3,24.52765957,27.20936875,13.82352941,16.47529412,46701.70791,106.25,1750.5,45931,30,310,1156.3,4,4625.2,2958.52205,51858.10288,Feb,2021,25.9,10.2,22.5,23.2,78,65,7.9,73.2,32.6,3
1A/1,4,21,1A/1,Feb,178.303784,2941.531046,4,VP,"Jul,2022",38,0.028161081,22,7.680664,9.236853,160,320,2485.158522,13.60544218,6.08,3,18.40425532,25.09167672,7.833333333,9.420454545,20395.59576,88,829,45931,23,200 Kgs.,180,250,310,2483.045292,40963.54345,Feb,2021,25.9,10.2,22.5,23.2,78,65,7.9,73.2,32.6,3
1A/2,4.09,23,1A/2,Feb,126.793802,2138.819907,4.09,VP,"Apr,2022",40,0.028794706,22,6.233073,9.093531,80,320,2039.266985,16.58031088,5.03,3,17.88461538,23.10245656,6.356968215,9.274283174,18903.25901,89.98,834.5,45931,30,250,1000,3,3000,1880.206381,31716.24141,Feb,2021,25.9,10.2,22.5,23.2,78,65,7.9,73.2,32.6,3
1B/1,2.31,23,1B/1,Feb,126.793802,1207.988749,2.31,VP,"May,2022",40,0.016263025,19,10.399352,8.8132,80,240,1815.264601,13.96973225,4.53,2,23.18367347,25.49809886,10.60606061,8.988380041,9862.953597,43.89,394.5,,80,250,1022.5,3,3067.5,1965.029488,18721.21092,Feb,2021,25.9,10.2,22.5,23.2,78,65,7.9,73.2,32.6,3
2,5.24,36,2,Feb,142.643027,3082.724536,5.24,VP,"Jan,2025",2,0.0369,11,0,4.422843,0,80,652.988081,12.94498382,4.39,0,0,21.56923077,0,4.510756419,5498.702035,58,260,45945,16,250,1625,4,6500,1932.153645,41756.66738,Feb,2021,25.9,10.2,22.5,23.2,78,65,7.9,73.2,32.6,3
2A,6.5,31,2A,Feb,126.387412,3388.207982,6.5,VP,"Jan 2025,",2,0.0458,16,0,4.883696,0,80,972.085816,8.695652174,4.66,0,0,20.91505792,0,4.980769231,10622.84912,104,518,45934,27,250,577.5,3,1732.5,1885.651417,50550.75575,Feb,2021,25.9,10.2,22.5,23.2,78,65,7.9,73.2,32.6,3
3,5,37,3,Feb,95.095352,1961.020697,5,VP,"Aug, 2024",15,0.035201352,21,6.92894,7.437871,160,240,1590.205602,15.94684385,5.42,2,24.03773585,24.3992467,7.066666667,7.585714286,19055.23812,105,796.5,45799,162,250,1310,4,5240,1581.541359,32613.95311,Feb,2021,25.9,10.2,22.5,23.2,78,65,7.9,73.2,32.6,3
4,8.09,17,4,Feb,148.219969,4945.476307,8.09,VP,"Nov,2022",35,0.056955787,16,6.969017,10.358837,160,240,2013.908224,12.59181532,4.75,1,20.74782609,26.17769653,7.107540173,10.56474042,35100.30946,129.44,1367.5,45840,121,310,1550,4,6200,2298.431531,76688.98273,Feb,2021,25.9,10.2,22.5,23.2,78,65,7.9,73.2,32.6,3
5A/1,5.7,31,5A/1,Feb,158.492253,3725.939325,5.7,VP,"Sep,2021",49,0.040129541,20,4.816542,8.192422,0,80,1929.379023,4.381161008,4.381161008,1,22.82142857,23.89186352,4.912280702,8.355263158,22313.474,114,952.5,45783,44,310,2507.9,3,7523.7,2150.304247,50550.75575,Feb,2021,25.9,10.2,22.5,23.2,78,65,7.9,73.2,32.6,3
5A/2,7.62,29,5A/2,Feb,166.416865,5230.0422,7.62,VP,"Nov,2021",47,0.05364686,19,3.834542,7.92034,0,80,1707.489869,4.95049505,5,0,18.43624161,24.38905515,3.910761155,8.077773173,27967.09667,144.78,1169.5,45783,81,310,1767,4,7068,2165.644796,68060.49167,Feb,2021,25.9,10.2,22.5,23.2,78,65,7.9,73.2,32.6,3
5B/1,4.18,30,5B/1,Feb,174.341478,3005.591055,4.18,VP,"May,2024",17,0.02942833,34,4.222293,5.284766,240,400,2075.191895,20.36659878,5.35,1,28.82407407,28.95953003,4.306220096,5.389811427,21750.66106,142.12,766,45765,196,310,2362.2,4,9448.8,2413.025589,41599.78572,Feb,2021,25.9,10.2,22.5,23.2,78,65,7.9,73.2,32.6,3
6A/1,2,12,6A/1,Feb,174.341478,1438.081845,2,VP,"Apr,2023",30,0.014080541,33,4.575715,6.804148,160,400,2702.821216,15.63721658,3.97,2,26.64285714,29.48689956,4.666666667,6.939393939,13241.79226,66,458,45818,143,310,1116,4,4464,2509.460667,20699.66292,Feb,2021,25.9,10.2,22.5,23.2,78,65,7.9,73.2,32.6,3
6A/2,2,36,6A/2,Feb,272.606675,2248.637066,2,VP,"Feb,2025",8,0.0141,26,5.719644,6.345033,160,240,1788.849225,14.1760189,4.85,3,21.84285714,20.23774146,5.833333333,6.471153846,6677.275474,52,336.5,45911,50,310,923.8,4,3695.2,3627.359356,29920.81802,Feb,2021,25.9,10.2,22.5,23.2,78,65,7.9,73.2,32.6,3
6A/2/1,2,42,6A/2/1,Feb,126.793802,1045.877705,2,VP,"May,2024",17,0.014080541,28,6.455026,9.700049,240,480,2613.008939,19.40962394,4.3,3,25.21518987,23.84115523,6.583333333,9.892857143,12950.58069,56,554,45779,182,310,620,4,2480,1469.75149,12123.46573,Feb,2021,25.9,10.2,22.5,23.2,78,65,7.9,73.2,32.6,3
6B/2/3,3,30,6B/2/3,Feb,253.587604,3137.633116,3,VP,"Oct,2021",48,0.021120811,33,7.778715,10.330023,160,400,3123.353993,13.53179973,4.03,2,22.09243697,22.56088207,7.933333333,10.53535354,23072.38901,99,1043,45783,249,310,1295.8,4,5183.2,3381.168057,41835.10821,Feb,2021,25.9,10.2,22.5,23.2,78,65,7.9,73.2,32.6,3
6B/4,3,17,6B/4,Feb,225.85146,2794.454494,3,VP,"Feb,2025",8,0.0227,23,2.934448,2.877255,140,300,1260.541716,25.14668902,4.96,1,29.36206897,22.25229358,2.992776058,2.93444609,4756.455701,74,218,45905,56,310,930,4,3720,3011.352801,37259.39325,Feb,2021,25.9,10.2,22.5,23.2,78,65,7.9,73.2,32.6,3
7,3,12,7,Feb,174.341478,2157.122767,3,VP,"Apr,2023",30,0.021120811,35,4.521242,5.434829,160,480,2717.613826,18.66251944,4.52,1,28.19277108,34.57216495,4.611111111,5.542857143,19728.84873,105,582,45783,178,310,620,4,2480,2359.421335,29193.06145,Feb,2021,25.9,10.2,22.5,23.2,78,65,7.9,73.2,32.6,3
1-Jul,3.73,7,1-Jul,Feb,110.944577,1706.74168,3.73,VP,"Sep,2023",23,0.026260208,35,4.030695,6.5117,160,400,2694.368296,15.68627451,4.38,2,29.64130435,28.727797,4.110813226,6.641133665,24421.57125,130.55,867,45788,173,250,567.5,3,1702.5,1501.073185,23092.10817,Feb,2021,25.9,10.2,22.5,23.2,78,65,7.9,73.2,32.6,3
7A,1.54,43,7A,Feb,47.547676,301.997187,1.54,SD,"Oct,2024",12,0.010842016,35,4.838882,4.3841,160,160,1148.540524,14.71941122,14.71941122,3,25.68421053,24.54356846,4.935064935,4.471243043,5799.718712,53.9,241,45783,301,250,600,4,2400,520.170201,3303.840514,Feb,2021,25.9,10.2,22.5,23.2,78,65,7.9,73.2,32.6,3
1-Aug,6,12,1-Aug,Feb,158.492253,3922.041394,6,VP,"Apr,2023",30,0.042241622,23,8.252629,10.369963,160,240,2645.764005,9.584664537,4.35,2,21.90594059,27.37923947,8.416666667,10.57608696,39181.19353,138,1459.5,45947,14,310,620,4,2480,2151.092074,53230.81737,Feb,2021,25.9,10.2,22.5,23.2,78,65,7.9,73.2,32.6,3
2-Aug,6.55,6,2-Aug,Feb,158.492253,4281.561856,6.55,VP,"Oct,2023",24,0.046113771,18,6.786229,8.948508,160,240,1901.907032,13.33333333,5.11,2,23.34558824,28.94423792,6.921119593,9.126378287,30537.0143,117.9,1076,45884,77,310,1860,4,7440,2113.230036,57087.49141,Feb,2021,25.9,10.2,22.5,23.2,78,65,7.9,73.2,32.6,3
9,6.45,18,9,Feb,87.170739,2318.906974,6.45,SD,"Oct,2022",36,0.045409744,22,6.346714,7.659589,160,160,1924.095948,8.786381109,8.786381109,1,20.30538922,23.18899414,6.472868217,7.811839323,25204.01851,141.9,1108.5,45783,55,250,385,4,1540,1162.27652,30918.75966,Feb,2021,25.9,10.2,22.5,23.2,78,65,7.9,73.2,32.6,3
9A,2,18,9A,Feb,158.492253,1307.347131,2,SD,Nov.2022,36,0.014080541,21,9.314848,11.392596,80,240,2347.79857,10.80108011,10.80108011,2,19.76315789,23.40163934,9.5,11.61904762,11197.42818,42,488,45783,23,180,1161,3,3483,2113.230036,17431.29509,Feb,2021,25.9,10.2,22.5,23.2,78,65,7.9,73.2,32.6,3
9A/2,2.4,23,9A/2,Feb,11.886919,117.661242,2.4,VP,Rev 2022,41,0.016896649,4,0,8.17092,40,40,72.906436,57.97101449,4.82,0,0,0,0,0,222.575849,9.6,80,45783,53,180,225,4,900,158.492253,1568.816558,Feb,2021,25.9,10.2,22.5,23.2,78,65,7.9,73.2,32.6,3
10,2.67,35,10,Mar,198.115316,2181.635526,2.67,SD,Feb.2025,8,0.018797522,17,4.728116,5.054845,140,220,1631.413588,14.24870466,14.24870466,3,25.04854369,22.5042735,4.822097378,5.155320555,5163.367496,45.39,234,45783,178,180,360,3,1080,2641.537545,29088.47368,Mar,2021,26,13.3,22.4,23,72,67,6.5,76.5,143.5,6
10/2A,3.6,37,10/2A,Mar,95.095352,1411.934902,3.6,VP,"June.,2024",17,0.025344973,23,6.990676,8.461046,160,320,1859.642431,18.18181818,5.72,2,30.42857143,24.89293212,7.12962963,8.629227053,17439.35706,82.8,714.5,45939,22,250,750,3,2250,1029.847437,15290.73205,Mar,2021,26,13.3,22.4,23,72,67,6.5,76.5,143.5,6
3-Oct,2,12,3-Oct,Mar,158.492253,1307.347131,2,VP,"Apr,2023",30,0.014080541,27,8.824593,9.314848,160,400,2617.235399,16.14856681,4.4,3,24.55555556,27.34697856,9,9.5,13755.57968,54,513,45824,137,310,1317.5,4,5270,2113.230036,17431.29509,Mar,2021,26,13.3,22.4,23,72,67,6.5,76.5,143.5,6
4-Oct,1.25,48,4-Oct,Mar,110.944577,571.96437,1.25,VP,"June,2024",17,0.008800338,21,10.197308,9.15143,160,320,1976.926698,17.10315339,4.39,3,17.35897436,25.12244898,10.4,9.333333333,6035.041196,26.25,245,45918,43,250,500,4,2000,1187.846603,6123.831855,Mar,2021,26,13.3,22.4,23,72,67,6.5,76.5,143.5,6
11,6.48,31,11,Mar,174.341478,4659.385177,6.48,VP,Oct.2024,14,0.045620952,35,4.640275,5.840694,160,240,1228.843266,20.63628547,5.11,1,21.06521739,21.63508512,4.732510288,5.956790123,28659.33698,226.8,1351,45788,173,310,2030.5,4,8122,2324.553039,62125.13569,Mar,2021,26,13.3,22.4,23,72,67,6.5,76.5,143.5,6
1-Nov,2.98,6,1-Nov,Mar,158.492253,1947.947226,2.98,VP,"Oct,2023",23,0.020980006,22,10.419293,15.70372,160,320,3170.901669,10.6631123,5.46,2,21.06315789,23.67047619,10.62639821,16.01586333,24369.60421,65.56,1050,45903,58,310,2008.8,4,8035.2,2325.971315,28587.32394,Mar,2021,26,13.3,22.4,23,72,67,6.5,76.5,143.5,6
11/1A,2.27,24,11/1A,Mar,221.889154,2077.374592,2.27,VP,"Apr,2022",42,0.015981414,20,11.086534,17.763651,80,240,3458.300954,7.332722273,4.99,1,22.46753247,21.19513678,11.30690162,18.11674009,17093.23691,45.4,822.5,45783,52,310,930,4,3720,2958.52205,27698.32789,Mar,2021,26,13.3,22.4,23,72,67,6.5,76.5,143.5,6
12,6.39,17,12,Mar,126.793802,3341.579268,6.39,SD,"Nov,2022",35,0.044987328,34,3.963983,5.135878,160,400,1857.529201,22.75312856,22.75312856,1,19.72258065,24.73989455,4.04277517,5.23796373,27605.28836,217.26,1138,45783,183,250,667.5,4,2670,1690.584029,44554.39024,Mar,2021,26,13.3,22.4,23,72,67,6.5,76.5,143.5,6
1-Dec,4.25,7,1-Dec,Mar,221.889154,3889.357716,4.25,VP,"Oct,2023",24,0.029921149,25,13.554114,16.154196,320,560,4692.427294,12.60977257,4.56,3,24.52765957,27.20936875,13.82352941,16.47529412,46701.70791,106.25,1750.5,45931,30,310,1156.3,4,4625.2,2958.52205,51858.10288,Mar,2021,26,13.3,22.4,23,72,67,6.5,76.5,143.5,6
1A/1,4,21,1A/1,Mar,178.303784,2941.531046,4,VP,"Jul,2022",38,0.028161081,22,7.680664,9.236853,160,320,2485.158522,13.60544218,6.08,3,18.40425532,25.09167672,7.833333333,9.420454545,20395.59576,88,829,45931,23,200 Kgs.,180,250,310,2483.045292,40963.54345,Mar,2021,26,13.3,22.4,23,72,67,6.5,76.5,143.5,6
1A/2,4.09,23,1A/2,Mar,126.793802,2138.819907,4.09,VP,"Apr,2022",40,0.028794706,22,6.233073,9.093531,80,320,2039.266985,16.58031088,5.03,3,17.88461538,23.10245656,6.356968215,9.274283174,18903.25901,89.98,834.5,45931,30,250,1000,3,3000,1880.206381,31716.24141,Mar,2021,26,13.3,22.4,23,72,67,6.5,76.5,143.5,6
1B/1,2.31,23,1B/1,Mar,126.793802,1207.988749,2.31,VP,"May,2022",40,0.016263025,19,10.399352,8.8132,80,240,1815.264601,13.96973225,4.53,2,23.18367347,25.49809886,10.60606061,8.988380041,9862.953597,43.89,394.5,,80,250,1022.5,3,3067.5,1965.029488,18721.21092,Mar,2021,26,13.3,22.4,23,72,67,6.5,76.5,143.5,6
2,5.24,36,2,Mar,142.643027,3082.724536,5.24,VP,"Jan,2025",2,0.0369,11,0,4.422843,0,80,652.988081,12.94498382,4.39,0,0,21.56923077,0,4.510756419,5498.702035,58,260,45945,16,250,1625,4,6500,1932.153645,41756.66738,Mar,2021,26,13.3,22.4,23,72,67,6.5,76.5,143.5,6
2A,6.5,31,2A,Mar,142.643027,3823.99036,6.5,VP,"Jan 2025,",2,0.0458,16,0,4.883696,0,80,972.085816,8.695652174,4.66,0,0,20.91505792,0,4.980769231,10622.84912,104,518,45934,27,250,577.5,3,1732.5,1885.651417,50550.75575,Mar,2021,26,13.3,22.4,23,72,67,6.5,76.5,143.5,6
3,5,37,3,Mar,95.095352,1961.020697,5,VP,"Aug, 2024",15,0.035201352,21,6.92894,7.437871,160,240,1590.205602,15.94684385,5.42,2,24.03773585,24.3992467,7.066666667,7.585714286,19055.23812,105,796.5,45799,162,250,1310,4,5240,1581.541359,32613.95311,Mar,2021,26,13.3,22.4,23,72,67,6.5,76.5,143.5,6
4,8.09,17,4,Mar,174.341478,5817.041062,8.09,VP,"Nov,2022",35,0.056955787,16,6.969017,10.358837,160,240,2013.908224,12.59181532,4.75,1,20.74782609,26.17769653,7.107540173,10.56474042,35100.30946,129.44,1367.5,45840,121,310,1550,4,6200,2298.431531,76688.98273,Mar,2021,26,13.3,22.4,23,72,67,6.5,76.5,143.5,6
5A/1,5.7,31,5A/1,Mar,158.492253,3725.939325,5.7,VP,"Sep,2021",49,0.040129541,20,4.816542,8.192422,0,80,1929.379023,4.381161008,4.381161008,1,22.82142857,23.89186352,4.912280702,8.355263158,22313.474,114,952.5,45783,44,310,2507.9,3,7523.7,2150.304247,50550.75575,Mar,2021,26,13.3,22.4,23,72,67,6.5,76.5,143.5,6
5A/2,7.62,29,5A/2,Mar,166.416865,5230.0422,7.62,VP,"Nov,2021",47,0.05364686,19,3.834542,7.92034,0,80,1707.489869,4.95049505,5,0,18.43624161,24.38905515,3.910761155,8.077773173,27967.09667,144.78,1169.5,45783,81,310,1767,4,7068,2165.644796,68060.49167,Mar,2021,26,13.3,22.4,23,72,67,6.5,76.5,143.5,6
5B/1,4.18,30,5B/1,Mar,174.341478,3005.591055,4.18,VP,"May,2024",17,0.02942833,34,4.222293,5.284766,240,400,2075.191895,20.36659878,5.35,1,28.82407407,28.95953003,4.306220096,5.389811427,21750.66106,142.12,766,45765,196,310,2362.2,4,9448.8,2413.025589,41599.78572,Mar,2021,26,13.3,22.4,23,72,67,6.5,76.5,143.5,6
6A/1,2,12,6A/1,Mar,174.341478,1438.081845,2,VP,"Apr,2023",30,0.014080541,33,4.575715,6.804148,160,400,2702.821216,15.63721658,3.97,2,26.64285714,29.48689956,4.666666667,6.939393939,13241.79226,66,458,45818,143,310,1116,4,4464,2509.460667,20699.66292,Mar,2021,26,13.3,22.4,23,72,67,6.5,76.5,143.5,6
6A/2,2,36,6A/2,Mar,237.738379,1961.020697,2,VP,"Feb,2025",8,0.0141,26,5.719644,6.345033,160,240,1788.849225,14.1760189,4.85,3,21.84285714,20.23774146,5.833333333,6.471153846,6677.275474,52,336.5,45911,50,310,923.8,4,3695.2,3627.359356,29920.81802,Mar,2021,26,13.3,22.4,23,72,67,6.5,76.5,143.5,6
6A/2/1,2,42,6A/2/1,Mar,96.151967,793.123926,2,VP,"May,2024",17,0.014080541,28,6.455026,9.700049,240,480,2613.008939,19.40962394,4.3,3,25.21518987,23.84115523,6.583333333,9.892857143,12950.58069,56,554,45779,182,310,620,4,2480,1469.75149,12123.46573,Mar,2021,26,13.3,22.4,23,72,67,6.5,76.5,143.5,6
6B/2/3,3,30,6B/2/3,Mar,253.587604,3137.633116,3,VP,"Oct,2021",48,0.021120811,33,7.778715,10.330023,160,400,3123.353993,13.53179973,4.03,2,22.09243697,22.56088207,7.933333333,10.53535354,23072.38901,99,1043,45783,249,310,1295.8,4,5183.2,3381.168057,41835.10821,Mar,2021,26,13.3,22.4,23,72,67,6.5,76.5,143.5,6
6B/4,3,17,6B/4,Mar,225.85146,2794.454494,3,VP,"Feb,2025",8,0.0227,23,2.934448,2.877255,140,300,1260.541716,25.14668902,4.96,1,29.36206897,22.25229358,2.992776058,2.93444609,4756.455701,74,218,45905,56,310,930,4,3720,3011.352801,37259.39325,Mar,2021,26,13.3,22.4,23,72,67,6.5,76.5,143.5,6
7,3,12,7,Mar,174.341478,2157.122767,3,VP,"Apr,2023",30,0.021120811,35,4.521242,5.434829,160,480,2717.613826,18.66251944,4.52,1,28.19277108,34.57216495,4.611111111,5.542857143,19728.84873,105,582,45783,178,310,620,4,2480,2359.421335,29193.06145,Mar,2021,26,13.3,22.4,23,72,67,6.5,76.5,143.5,6
1-Jul,3.73,7,1-Jul,Mar,110.944577,1706.74168,3.73,VP,"Sep,2023",23,0.026260208,35,4.030695,6.5117,160,400,2694.368296,15.68627451,4.38,2,29.64130435,28.727797,4.110813226,6.641133665,24421.57125,130.55,867,45788,173,250,567.5,3,1702.5,1501.073185,23092.10817,Mar,2021,26,13.3,22.4,23,72,67,6.5,76.5,143.5,6
7A,1.54,43,7A,Mar,47.547676,301.997187,1.54,SD,"Oct,2024",12,0.010842016,35,4.838882,4.3841,160,160,1148.540524,14.71941122,14.71941122,3,25.68421053,24.54356846,4.935064935,4.471243043,5799.718712,53.9,241,45783,301,250,600,4,2400,520.170201,3303.840514,Mar,2021,26,13.3,22.4,23,72,67,6.5,76.5,143.5,6
1-Aug,6,12,1-Aug,Mar,158.492253,3922.041394,6,VP,"Apr,2023",30,0.042241622,23,8.252629,10.369963,160,240,2645.764005,9.584664537,4.35,2,21.90594059,27.37923947,8.416666667,10.57608696,39181.19353,138,1459.5,45947,14,310,620,4,2480,2151.092074,53230.81737,Mar,2021,26,13.3,22.4,23,72,67,6.5,76.5,143.5,6
2-Aug,6.55,6,2-Aug,Mar,158.492253,4281.561856,6.55,VP,"Oct,2023",24,0.046113771,18,6.786229,8.948508,160,240,1901.907032,13.33333333,5.11,2,23.34558824,28.94423792,6.921119593,9.126378287,30537.0143,117.9,1076,45884,77,310,1860,4,7440,2113.230036,57087.49141,Mar,2021,26,13.3,22.4,23,72,67,6.5,76.5,143.5,6
9,6.45,18,9,Mar,87.170739,2318.906974,6.45,SD,"Oct,2022",36,0.045409744,22,6.346714,7.659589,160,160,1924.095948,8.786381109,8.786381109,1,20.30538922,23.18899414,6.472868217,7.811839323,25204.01851,141.9,1108.5,45783,55,250,385,4,1540,1162.27652,30918.75966,Mar,2021,26,13.3,22.4,23,72,67,6.5,76.5,143.5,6
9A,2,18,9A,Mar,158.492253,1307.347131,2,SD,Nov.2022,36,0.014080541,21,9.314848,11.392596,80,240,2347.79857,10.80108011,10.80108011,2,19.76315789,23.40163934,9.5,11.61904762,11197.42818,42,488,45783,23,180,1161,3,3483,2113.230036,17431.29509,Mar,2021,26,13.3,22.4,23,72,67,6.5,76.5,143.5,6
9A/2,2.4,23,9A/2,Mar,11.886919,117.661242,2.4,VP,Rev 2022,41,0.016896649,4,0,8.17092,40,40,72.906436,57.97101449,4.82,0,0,0,0,0,222.575849,9.6,80,45783,53,180,225,4,900,158.492253,1568.816558,Mar,2021,26,13.3,22.4,23,72,67,6.5,76.5,143.5,6
10,2.67,35,10,Apr,224.530691,2472.520262,2.67,SD,Feb.2025,8,0.018797522,17,4.728116,5.054845,140,220,1631.413588,14.24870466,14.24870466,3,25.04854369,22.5042735,4.822097378,5.155320555,5163.367496,45.39,234,45783,178,180,360,3,1080,2641.537545,29088.47368,Apr,2021,26.5,13.6,23.3,24.3,79,74,7.6,73.5,190.9,6
10/2A,3.6,37,10/2A,Apr,107.774732,1600.192889,3.6,VP,"June.,2024",17,0.025344973,23,6.990676,8.461046,160,320,1859.642431,18.18181818,5.72,2,30.42857143,24.89293212,7.12962963,8.629227053,17439.35706,82.8,714.5,45939,22,250,750,3,2250,1029.847437,15290.73205,Apr,2021,26.5,13.6,23.3,24.3,79,74,7.6,73.5,190.9,6
3-Oct,2,12,3-Oct,Apr,179.624553,1481.660082,2,VP,"Apr,2023",30,0.014080541,27,8.824593,9.314848,160,400,2617.235399,16.14856681,4.4,3,24.55555556,27.34697856,9,9.5,13755.57968,54,513,45824,137,310,1317.5,4,5270,2113.230036,17431.29509,Apr,2021,26.5,13.6,23.3,24.3,79,74,7.6,73.5,190.9,6
4-Oct,1.25,48,4-Oct,Apr,0,0,1.25,VP,"June,2024",17,0.008800338,21,10.197308,9.15143,160,320,1976.926698,17.10315339,4.39,3,17.35897436,25.12244898,10.4,9.333333333,6035.041196,26.25,245,45918,43,250,500,4,2000,1187.846603,6123.831855,Apr,2021,26.5,13.6,23.3,24.3,79,74,7.6,73.5,190.9,6
11,6.48,31,11,Apr,197.587008,5280.636534,6.48,VP,Oct.2024,14,0.045620952,35,4.640275,5.840694,160,240,1228.843266,20.63628547,5.11,1,21.06521739,21.63508512,4.732510288,5.956790123,28659.33698,226.8,1351,45788,173,310,2030.5,4,8122,2324.553039,62125.13569,Apr,2021,26.5,13.6,23.3,24.3,79,74,7.6,73.5,190.9,6
1-Nov,2.98,6,1-Nov,Apr,179.624553,2207.673523,2.98,VP,"Oct,2023",23,0.020980006,22,10.419293,15.70372,160,320,3170.901669,10.6631123,5.46,2,21.06315789,23.67047619,10.62639821,16.01586333,24369.60421,65.56,1050,45903,58,310,2008.8,4,8035.2,2325.971315,28587.32394,Apr,2021,26.5,13.6,23.3,24.3,79,74,7.6,73.5,190.9,6
11/1A,2.27,24,11/1A,Apr,251.474374,2354.357871,2.27,VP,"Apr,2022",42,0.015981414,20,11.086534,17.763651,80,240,3458.300954,7.332722273,4.99,1,22.46753247,21.19513678,11.30690162,18.11674009,17093.23691,45.4,822.5,45783,52,310,930,4,3720,2958.52205,27698.32789,Apr,2021,26.5,13.6,23.3,24.3,79,74,7.6,73.5,190.9,6
12,6.39,17,12,Apr,143.699642,3787.123171,6.39,SD,"Nov,2022",35,0.044987328,34,3.963983,5.135878,160,400,1857.529201,22.75312856,22.75312856,1,19.72258065,24.73989455,4.04277517,5.23796373,27605.28836,217.26,1138,45783,183,250,667.5,4,2670,1690.584029,44554.39024,Apr,2021,26.5,13.6,23.3,24.3,79,74,7.6,73.5,190.9,6
1-Dec,4.25,7,1-Dec,Apr,251.474374,4407.938745,4.25,VP,"Oct,2023",24,0.029921149,25,13.554114,16.154196,320,560,4692.427294,12.60977257,4.56,3,24.52765957,27.20936875,13.82352941,16.47529412,46701.70791,106.25,1750.5,45931,30,310,1156.3,4,4625.2,2958.52205,51858.10288,Apr,2021,26.5,13.6,23.3,24.3,79,74,7.6,73.5,190.9,6
1A/1,4,21,1A/1,Apr,202.077622,3333.735185,4,VP,"Jul,2022",38,0.028161081,22,7.680664,9.236853,160,320,2485.158522,13.60544218,6.08,3,18.40425532,25.09167672,7.833333333,9.420454545,20395.59576,88,829,45931,23,200 Kgs.,180,250,310,2483.045292,40963.54345,Apr,2021,26.5,13.6,23.3,24.3,79,74,7.6,73.5,190.9,6
1A/2,4.09,23,1A/2,Apr,143.699642,2423.995895,4.09,VP,"Apr,2022",40,0.028794706,22,6.233073,9.093531,80,320,2039.266985,16.58031088,5.03,3,17.88461538,23.10245656,6.356968215,9.274283174,18903.25901,89.98,834.5,45931,30,250,1000,3,3000,1880.206381,31716.24141,Apr,2021,26.5,13.6,23.3,24.3,79,74,7.6,73.5,190.9,6
1B/1,2.31,23,1B/1,Apr,143.699642,1369.053916,2.31,VP,"May,2022",40,0.016263025,19,10.399352,8.8132,80,240,1815.264601,13.96973225,4.53,2,23.18367347,25.49809886,10.60606061,8.988380041,9862.953597,43.89,394.5,,80,250,1022.5,3,3067.5,1965.029488,18721.21092,Apr,2021,26.5,13.6,23.3,24.3,79,74,7.6,73.5,190.9,6
2,5.24,36,2,Apr,161.662098,3493.754474,5.24,VP,"Jan,2025",2,0.0369,11,0,4.422843,0,80,652.988081,12.94498382,4.39,0,0,21.56923077,0,4.510756419,5498.702035,58,260,45945,16,250,1625,4,6500,1932.153645,41756.66738,Apr,2021,26.5,13.6,23.3,24.3,79,74,7.6,73.5,190.9,6
2A,6.5,31,2A,Apr,161.662098,4333.855741,6.5,VP,"Jan 2025,",2,0.0458,16,0,4.883696,0,80,972.085816,8.695652174,4.66,0,0,20.91505792,0,4.980769231,10622.84912,104,518,45934,27,250,577.5,3,1732.5,1885.651417,50550.75575,Apr,2021,26.5,13.6,23.3,24.3,79,74,7.6,73.5,190.9,6
3,5,37,3,Apr,224.002384,4619.293198,5,VP,"Aug, 2024",15,0.035201352,21,6.92894,7.437871,160,240,1590.205602,15.94684385,5.42,2,24.03773585,24.3992467,7.066666667,7.585714286,19055.23812,105,796.5,45799,162,250,1310,4,5240,1581.541359,32613.95311,Apr,2021,26.5,13.6,23.3,24.3,79,74,7.6,73.5,190.9,6
4,8.09,17,4,Apr,197.587008,6592.646536,8.09,VP,"Nov,2022",35,0.056955787,16,6.969017,10.358837,160,240,2013.908224,12.59181532,4.75,1,20.74782609,26.17769653,7.107540173,10.56474042,35100.30946,129.44,1367.5,45840,121,310,1550,4,6200,2298.431531,76688.98273,Apr,2021,26.5,13.6,23.3,24.3,79,74,7.6,73.5,190.9,6
5A/1,5.7,31,5A/1,Apr,179.624553,4222.731235,5.7,VP,"Sep,2021",49,0.040129541,20,4.816542,8.192422,0,80,1929.379023,4.381161008,4.381161008,1,22.82142857,23.89186352,4.912280702,8.355263158,22313.474,114,952.5,45783,44,310,2507.9,3,7523.7,2150.304247,50550.75575,Apr,2021,26.5,13.6,23.3,24.3,79,74,7.6,73.5,190.9,6
5A/2,7.62,29,5A/2,Apr,188.605781,5927.381159,7.62,VP,"Nov,2021",47,0.05364686,19,3.834542,7.92034,0,80,1707.489869,4.95049505,5,0,18.43624161,24.38905515,3.910761155,8.077773173,27967.09667,144.78,1169.5,45783,81,310,1767,4,7068,2165.644796,68060.49167,Apr,2021,26.5,13.6,23.3,24.3,79,74,7.6,73.5,190.9,6
5B/1,4.18,30,5B/1,Apr,197.587008,3406.336529,4.18,VP,"May,2024",17,0.02942833,34,4.222293,5.284766,240,400,2075.191895,20.36659878,5.35,1,28.82407407,28.95953003,4.306220096,5.389811427,21750.66106,142.12,766,45765,196,310,2362.2,4,9448.8,2413.025589,41599.78572,Apr,2021,26.5,13.6,23.3,24.3,79,74,7.6,73.5,190.9,6
6A/1,2,12,6A/1,Apr,197.587008,1629.826091,2,VP,"Apr,2023",30,0.014080541,33,4.575715,6.804148,160,400,2702.821216,15.63721658,3.97,2,26.64285714,29.48689956,4.666666667,6.939393939,13241.79226,66,458,45818,143,310,1116,4,4464,2509.460667,20699.66292,Apr,2021,26.5,13.6,23.3,24.3,79,74,7.6,73.5,190.9,6
6A/2,2,36,6A/2,Apr,269.43683,2222.490124,2,VP,"Feb,2025",8,0.0141,26,5.719644,6.345033,160,240,1788.849225,14.1760189,4.85,3,21.84285714,20.23774146,5.833333333,6.471153846,6677.275474,52,336.5,45911,50,310,923.8,4,3695.2,3627.359356,29920.81802,Apr,2021,26.5,13.6,23.3,24.3,79,74,7.6,73.5,190.9,6
6A/2/1,2,42,6A/2/1,Apr,0,0,2,VP,"May,2024",17,0.014080541,28,6.455026,9.700049,240,480,2613.008939,19.40962394,4.3,3,25.21518987,23.84115523,6.583333333,9.892857143,12950.58069,56,554,45779,182,310,620,4,2480,1469.75149,12123.46573,Apr,2021,26.5,13.6,23.3,24.3,79,74,7.6,73.5,190.9,6
6B/2/3,3,30,6B/2/3,Apr,287.399285,3555.984198,3,VP,"Oct,2021",48,0.021120811,33,7.778715,10.330023,160,400,3123.353993,13.53179973,4.03,2,22.09243697,22.56088207,7.933333333,10.53535354,23072.38901,99,1043,45783,249,310,1295.8,4,5183.2,3381.168057,41835.10821,Apr,2021,26.5,13.6,23.3,24.3,79,74,7.6,73.5,190.9,6
6B/4,3,17,6B/4,Apr,255.964988,3167.048426,3,VP,"Feb,2025",8,0.0227,23,2.934448,2.877255,140,300,1260.541716,25.14668902,4.96,1,29.36206897,22.25229358,2.992776058,2.93444609,4756.455701,74,218,45905,56,310,930,4,3720,3011.352801,37259.39325,Apr,2021,26.5,13.6,23.3,24.3,79,74,7.6,73.5,190.9,6
7,3,12,7,Apr,197.587008,2444.739136,3,VP,"Apr,2023",30,0.021120811,35,4.521242,5.434829,160,480,2717.613826,18.66251944,4.52,1,28.19277108,34.57216495,4.611111111,5.542857143,19728.84873,105,582,45783,178,310,620,4,2480,2359.421335,29193.06145,Apr,2021,26.5,13.6,23.3,24.3,79,74,7.6,73.5,190.9,6
1-Jul,3.73,7,1-Jul,Apr,125.737187,1934.307238,3.73,VP,"Sep,2023",23,0.026260208,35,4.030695,6.5117,160,400,2694.368296,15.68627451,4.38,2,29.64130435,28.727797,4.110813226,6.641133665,24421.57125,130.55,867,45788,173,250,567.5,3,1702.5,1501.073185,23092.10817,Apr,2021,26.5,13.6,23.3,24.3,79,74,7.6,73.5,190.9,6
7A,1.54,43,7A,Apr,0,0,1.54,SD,"Oct,2024",12,0.010842016,35,4.838882,4.3841,160,160,1148.540524,14.71941122,14.71941122,3,25.68421053,24.54356846,4.935064935,4.471243043,5799.718712,53.9,241,45783,301,250,600,4,2400,520.170201,3303.840514,Apr,2021,26.5,13.6,23.3,24.3,79,74,7.6,73.5,190.9,6
1-Aug,6,12,1-Aug,Apr,179.624553,4444.980247,6,VP,"Apr,2023",30,0.042241622,23,8.252629,10.369963,160,240,2645.764005,9.584664537,4.35,2,21.90594059,27.37923947,8.416666667,10.57608696,39181.19353,138,1459.5,45947,14,310,620,4,2480,2151.092074,53230.81737,Apr,2021,26.5,13.6,23.3,24.3,79,74,7.6,73.5,190.9,6
2-Aug,6.55,6,2-Aug,Apr,179.624553,4852.43677,6.55,VP,"Oct,2023",24,0.046113771,18,6.786229,8.948508,160,240,1901.907032,13.33333333,5.11,2,23.34558824,28.94423792,6.921119593,9.126378287,30537.0143,117.9,1076,45884,77,310,1860,4,7440,2113.230036,57087.49141,Apr,2021,26.5,13.6,23.3,24.3,79,74,7.6,73.5,190.9,6
9,6.45,18,9,Apr,98.793504,2628.094571,6.45,SD,"Oct,2022",36,0.045409744,22,6.346714,7.659589,160,160,1924.095948,8.786381109,8.786381109,1,20.30538922,23.18899414,6.472868217,7.811839323,25204.01851,141.9,1108.5,45783,55,250,385,4,1540,1162.27652,30918.75966,Apr,2021,26.5,13.6,23.3,24.3,79,74,7.6,73.5,190.9,6
9A,2,18,9A,Apr,179.624553,1481.660082,2,SD,Nov.2022,36,0.014080541,21,9.314848,11.392596,80,240,2347.79857,10.80108011,10.80108011,2,19.76315789,23.40163934,9.5,11.61904762,11197.42818,42,488,45783,23,180,1161,3,3483,2113.230036,17431.29509,Apr,2021,26.5,13.6,23.3,24.3,79,74,7.6,73.5,190.9,6
9A/2,2.4,23,9A/2,Apr,13.471841,133.349407,2.4,VP,Rev 2022,41,0.016896649,4,0,8.17092,40,40,72.906436,57.97101449,4.82,0,0,0,0,0,222.575849,9.6,80,45783,53,180,225,4,900,158.492253,1568.816558,Apr,2021,26.5,13.6,23.3,24.3,79,74,7.6,73.5,190.9,6
10,2.67,35,10,May,237.738379,2617.962631,2.67,SD,Feb.2025,8,0.018797522,17,4.728116,5.054845,140,220,1631.413588,14.24870466,14.24870466,3,25.04854369,22.5042735,4.822097378,5.155320555,5163.367496,45.39,234,45783,178,180,360,3,1080,2641.537545,29088.47368,May,2021,24.6,16.2,23.4,23.8,88,86,4,42.6,365.3,15
10/2A,3.6,37,10/2A,May,142.290822,2112.672964,3.6,VP,"June.,2024",17,0.025344973,23,6.990676,8.461046,160,320,1859.642431,18.18181818,5.72,2,30.42857143,24.89293212,7.12962963,8.629227053,17439.35706,82.8,714.5,45939,22,250,750,3,2250,1029.847437,15290.73205,May,2021,24.6,16.2,23.4,23.8,88,86,4,42.6,365.3,15
3-Oct,2,12,3-Oct,May,190.190703,1568.816558,2,VP,"Apr,2023",30,0.014080541,27,8.824593,9.314848,160,400,2617.235399,16.14856681,4.4,3,24.55555556,27.34697856,9,9.5,13755.57968,54,513,45824,137,310,1317.5,4,5270,2113.230036,17431.29509,May,2021,24.6,16.2,23.4,23.8,88,86,4,42.6,365.3,15
4-Oct,1.25,48,4-Oct,May,0,0,1.25,VP,"June,2024",17,0.008800338,21,10.197308,9.15143,160,320,1976.926698,17.10315339,4.39,3,17.35897436,25.12244898,10.4,9.333333333,6035.041196,26.25,245,45918,43,250,500,4,2000,1187.846603,6123.831855,May,2021,24.6,16.2,23.4,23.8,88,86,4,42.6,365.3,15
11,6.48,31,11,May,209.209774,5591.262212,6.48,VP,Oct.2024,14,0.045620952,35,4.640275,5.840694,160,240,1228.843266,20.63628547,5.11,1,21.06521739,21.63508512,4.732510288,5.956790123,28659.33698,226.8,1351,45788,173,310,2030.5,4,8122,2324.553039,62125.13569,May,2021,24.6,16.2,23.4,23.8,88,86,4,42.6,365.3,15
1-Nov,2.98,6,1-Nov,May,332.018222,4080.66618,2.98,VP,"Oct,2023",23,0.020980006,22,10.419293,15.70372,160,320,3170.901669,10.6631123,5.46,2,21.06315789,23.67047619,10.62639821,16.01586333,24369.60421,65.56,1050,45903,58,310,2008.8,4,8035.2,2325.971315,28587.32394,May,2021,24.6,16.2,23.4,23.8,88,86,4,42.6,365.3,15
11/1A,2.27,24,11/1A,May,266.266985,2492.84951,2.27,VP,"Apr,2022",42,0.015981414,20,11.086534,17.763651,80,240,3458.300954,7.332722273,4.99,1,22.46753247,21.19513678,11.30690162,18.11674009,17093.23691,45.4,822.5,45783,52,310,930,4,3720,2958.52205,27698.32789,May,2021,24.6,16.2,23.4,23.8,88,86,4,42.6,365.3,15
12,6.39,17,12,May,152.152563,4009.895122,6.39,SD,"Nov,2022",35,0.044987328,34,3.963983,5.135878,160,400,1857.529201,22.75312856,22.75312856,1,19.72258065,24.73989455,4.04277517,5.23796373,27605.28836,217.26,1138,45783,183,250,667.5,4,2670,1690.584029,44554.39024,May,2021,24.6,16.2,23.4,23.8,88,86,4,42.6,365.3,15
1-Dec,4.25,7,1-Dec,May,266.266985,4667.229259,4.25,VP,"Oct,2023",24,0.029921149,25,13.554114,16.154196,320,560,4692.427294,12.60977257,4.56,3,24.52765957,27.20936875,13.82352941,16.47529412,46701.70791,106.25,1750.5,45931,30,310,1156.3,4,4625.2,2958.52205,51858.10288,May,2021,24.6,16.2,23.4,23.8,88,86,4,42.6,365.3,15
1A/1,4,21,1A/1,May,213.964541,3529.837255,4,VP,"Jul,2022",38,0.028161081,22,7.680664,9.236853,160,320,2485.158522,13.60544218,6.08,3,18.40425532,25.09167672,7.833333333,9.420454545,20395.59576,88,829,45931,23,200 Kgs.,180,250,310,2483.045292,40963.54345,May,2021,24.6,16.2,23.4,23.8,88,86,4,42.6,365.3,15
1A/2,4.09,23,1A/2,May,152.152563,2566.583889,4.09,VP,"Apr,2022",40,0.028794706,22,6.233073,9.093531,80,320,2039.266985,16.58031088,5.03,3,17.88461538,23.10245656,6.356968215,9.274283174,18903.25901,89.98,834.5,45931,30,250,1000,3,3000,1880.206381,31716.24141,May,2021,24.6,16.2,23.4,23.8,88,86,4,42.6,365.3,15
1B/1,2.31,23,1B/1,May,152.152563,1449.586499,2.31,VP,"May,2022",40,0.016263025,19,10.399352,8.8132,80,240,1815.264601,13.96973225,4.53,2,23.18367347,25.49809886,10.60606061,8.988380041,9862.953597,43.89,394.5,,80,250,1022.5,3,3067.5,1965.029488,18721.21092,May,2021,24.6,16.2,23.4,23.8,88,86,4,42.6,365.3,15
2,5.24,36,2,May,171.171633,3699.269443,5.24,VP,"Jan,2025",2,0.0369,11,0,4.422843,0,80,652.988081,12.94498382,4.39,0,0,21.56923077,0,4.510756419,5498.702035,58,260,45945,16,250,1625,4,6500,1932.153645,41756.66738,May,2021,24.6,16.2,23.4,23.8,88,86,4,42.6,365.3,15
2A,6.5,31,2A,May,171.171633,4588.788432,6.5,VP,"Jan 2025,",2,0.0458,16,0,4.883696,0,80,972.085816,8.695652174,4.66,0,0,20.91505792,0,4.980769231,10622.84912,104,518,45934,27,250,577.5,3,1732.5,1885.651417,50550.75575,May,2021,24.6,16.2,23.4,23.8,88,86,4,42.6,365.3,15
3,5,37,3,May,230.342074,4750.027911,5,VP,"Aug, 2024",15,0.035201352,21,6.92894,7.437871,160,240,1590.205602,15.94684385,5.42,2,24.03773585,24.3992467,7.066666667,7.585714286,19055.23812,105,796.5,45799,162,250,1310,4,5240,1581.541359,32613.95311,May,2021,24.6,16.2,23.4,23.8,88,86,4,42.6,365.3,15
4,8.09,17,4,May,209.209774,6980.449274,8.09,VP,"Nov,2022",35,0.056955787,16,6.969017,10.358837,160,240,2013.908224,12.59181532,4.75,1,20.74782609,26.17769653,7.107540173,10.56474042,35100.30946,129.44,1367.5,45840,121,310,1550,4,6200,2298.431531,76688.98273,May,2021,24.6,16.2,23.4,23.8,88,86,4,42.6,365.3,15
5A/1,5.7,31,5A/1,May,190.190703,4471.12719,5.7,VP,"Sep,2021",49,0.040129541,20,4.816542,8.192422,0,80,1929.379023,4.381161008,4.381161008,1,22.82142857,23.89186352,4.912280702,8.355263158,22313.474,114,952.5,45783,44,310,2507.9,3,7523.7,2150.304247,50550.75575,May,2021,24.6,16.2,23.4,23.8,88,86,4,42.6,365.3,15
5A/2,7.62,29,5A/2,May,199.700238,6276.050639,7.62,VP,"Nov,2021",47,0.05364686,19,3.834542,7.92034,0,80,1707.489869,4.95049505,5,0,18.43624161,24.38905515,3.910761155,8.077773173,27967.09667,144.78,1169.5,45783,81,310,1767,4,7068,2165.644796,68060.49167,May,2021,24.6,16.2,23.4,23.8,88,86,4,42.6,365.3,15
5B/1,4.18,30,5B/1,May,209.209774,3606.709266,4.18,VP,"May,2024",17,0.02942833,34,4.222293,5.284766,240,400,2075.191895,20.36659878,5.35,1,28.82407407,28.95953003,4.306220096,5.389811427,21750.66106,142.12,766,45765,196,310,2362.2,4,9448.8,2413.025589,41599.78572,May,2021,24.6,16.2,23.4,23.8,88,86,4,42.6,365.3,15
6A/1,2,12,6A/1,May,209.209774,1725.698214,2,VP,"Apr,2023",30,0.014080541,33,4.575715,6.804148,160,400,2702.821216,15.63721658,3.97,2,26.64285714,29.48689956,4.666666667,6.939393939,13241.79226,66,458,45818,143,310,1116,4,4464,2509.460667,20699.66292,May,2021,24.6,16.2,23.4,23.8,88,86,4,42.6,365.3,15
6A/2,2,36,6A/2,May,496.609058,4096.354345,2,VP,"Feb,2025",8,0.0141,26,5.719644,6.345033,160,240,1788.849225,14.1760189,4.85,3,21.84285714,20.23774146,5.833333333,6.471153846,6677.275474,52,336.5,45911,50,310,923.8,4,3695.2,3627.359356,29920.81802,May,2021,24.6,16.2,23.4,23.8,88,86,4,42.6,365.3,15
6A/2/1,2,42,6A/2/1,May,0,0,2,VP,"May,2024",17,0.014080541,28,6.455026,9.700049,240,480,2613.008939,19.40962394,4.3,3,25.21518987,23.84115523,6.583333333,9.892857143,12950.58069,56,554,45779,182,310,620,4,2480,1469.75149,12123.46573,May,2021,24.6,16.2,23.4,23.8,88,86,4,42.6,365.3,15
6B/2/3,3,30,6B/2/3,May,304.305125,3765.159739,3,VP,"Oct,2021",48,0.021120811,33,7.778715,10.330023,160,400,3123.353993,13.53179973,4.03,2,22.09243697,22.56088207,7.933333333,10.53535354,23072.38901,99,1043,45783,249,310,1295.8,4,5183.2,3381.168057,41835.10821,May,2021,24.6,16.2,23.4,23.8,88,86,4,42.6,365.3,15
6B/4,3,17,6B/4,May,271.021752,3353.345392,3,VP,"Feb,2025",8,0.0227,23,2.934448,2.877255,140,300,1260.541716,25.14668902,4.96,1,29.36206897,22.25229358,2.992776058,2.93444609,4756.455701,74,218,45905,56,310,930,4,3720,3011.352801,37259.39325,May,2021,24.6,16.2,23.4,23.8,88,86,4,42.6,365.3,15
7,3,12,7,May,209.209774,2588.54732,3,VP,"Apr,2023",30,0.021120811,35,4.521242,5.434829,160,480,2717.613826,18.66251944,4.52,1,28.19277108,34.57216495,4.611111111,5.542857143,19728.84873,105,582,45783,178,310,620,4,2480,2359.421335,29193.06145,May,2021,24.6,16.2,23.4,23.8,88,86,4,42.6,365.3,15
1-Jul,3.73,7,1-Jul,May,133.133492,2048.090016,3.73,VP,"Sep,2023",23,0.026260208,35,4.030695,6.5117,160,400,2694.368296,15.68627451,4.38,2,29.64130435,28.727797,4.110813226,6.641133665,24421.57125,130.55,867,45788,173,250,567.5,3,1702.5,1501.073185,23092.10817,May,2021,24.6,16.2,23.4,23.8,88,86,4,42.6,365.3,15
7A,1.54,43,7A,May,0,0,1.54,SD,"Oct,2024",12,0.010842016,35,4.838882,4.3841,160,160,1148.540524,14.71941122,14.71941122,3,25.68421053,24.54356846,4.935064935,4.471243043,5799.718712,53.9,241,45783,301,250,600,4,2400,520.170201,3303.840514,May,2021,24.6,16.2,23.4,23.8,88,86,4,42.6,365.3,15
1-Aug,6,12,1-Aug,May,190.190703,4706.449673,6,VP,"Apr,2023",30,0.042241622,23,8.252629,10.369963,160,240,2645.764005,9.584664537,4.35,2,21.90594059,27.37923947,8.416666667,10.57608696,39181.19353,138,1459.5,45947,14,310,620,4,2480,2151.092074,53230.81737,May,2021,24.6,16.2,23.4,23.8,88,86,4,42.6,365.3,15
2-Aug,6.55,6,2-Aug,May,190.190703,5137.874227,6.55,VP,"Oct,2023",24,0.046113771,18,6.786229,8.948508,160,240,1901.907032,13.33333333,5.11,2,23.34558824,28.94423792,6.921119593,9.126378287,30537.0143,117.9,1076,45884,77,310,1860,4,7440,2113.230036,57087.49141,May,2021,24.6,16.2,23.4,23.8,88,86,4,42.6,365.3,15
9,6.45,18,9,May,104.604887,2782.688369,6.45,SD,"Oct,2022",36,0.045409744,22,6.346714,7.659589,160,160,1924.095948,8.786381109,8.786381109,1,20.30538922,23.18899414,6.472868217,7.811839323,25204.01851,141.9,1108.5,45783,55,250,385,4,1540,1162.27652,30918.75966,May,2021,24.6,16.2,23.4,23.8,88,86,4,42.6,365.3,15
9A,2,18,9A,May,190.190703,1568.816558,2,SD,Nov.2022,36,0.014080541,21,9.314848,11.392596,80,240,2347.79857,10.80108011,10.80108011,2,19.76315789,23.40163934,9.5,11.61904762,11197.42818,42,488,45783,23,180,1161,3,3483,2113.230036,17431.29509,May,2021,24.6,16.2,23.4,23.8,88,86,4,42.6,365.3,15
9A/2,2.4,23,9A/2,May,14.264303,141.19349,2.4,VP,Rev 2022,41,0.016896649,4,0,8.17092,40,40,72.906436,57.97101449,4.82,0,0,0,0,0,222.575849,9.6,80,45783,53,180,225,4,900,158.492253,1568.816558,May,2021,24.6,16.2,23.4,23.8,88,86,4,42.6,365.3,15
10,2.67,35,10,Jun,237.738379,2617.962631,2.67,SD,Feb.2025,8,0.018797522,17,4.728116,5.054845,140,220,1631.413588,14.24870466,14.24870466,3,25.04854369,22.5042735,4.822097378,5.155320555,5163.367496,45.39,234,45783,178,180,360,3,1080,2641.537545,29088.47368,Jun,2021,23.9,15.5,22.8,23.8,87,81,5,47.5,160,7
10/2A,3.6,37,10/2A,Jun,144.051847,2138.819907,3.6,VP,"June.,2024",17,0.025344973,23,6.990676,8.461046,160,320,1859.642431,18.18181818,5.72,2,30.42857143,24.89293212,7.12962963,8.629227053,17439.35706,82.8,714.5,45939,22,250,750,3,2250,1029.847437,15290.73205,Jun,2021,23.9,15.5,22.8,23.8,87,81,5,47.5,160,7
3-Oct,2,12,3-Oct,Jun,190.190703,1568.816558,2,VP,"Apr,2023",30,0.014080541,27,8.824593,9.314848,160,400,2617.235399,16.14856681,4.4,3,24.55555556,27.34697856,9,9.5,13755.57968,54,513,45824,137,310,1317.5,4,5270,2113.230036,17431.29509,Jun,2021,23.9,15.5,22.8,23.8,87,81,5,47.5,160,7
4-Oct,1.25,48,4-Oct,Jun,0,0,1.25,VP,"June,2024",17,0.008800338,21,10.197308,9.15143,160,320,1976.926698,17.10315339,4.39,3,17.35897436,25.12244898,10.4,9.333333333,6035.041196,26.25,245,45918,43,250,500,4,2000,1187.846603,6123.831855,Jun,2021,23.9,15.5,22.8,23.8,87,81,5,47.5,160,7
11,6.48,31,11,Jun,209.209774,5591.262212,6.48,VP,Oct.2024,14,0.045620952,35,4.640275,5.840694,160,240,1228.843266,20.63628547,5.11,1,21.06521739,21.63508512,4.732510288,5.956790123,28659.33698,226.8,1351,45788,173,310,2030.5,4,8122,2324.553039,62125.13569,Jun,2021,23.9,15.5,22.8,23.8,87,81,5,47.5,160,7
1-Nov,2.98,6,1-Nov,Jun,296.561343,3644.883803,2.98,VP,"Oct,2023",23,0.020980006,22,10.419293,15.70372,160,320,3170.901669,10.6631123,5.46,2,21.06315789,23.67047619,10.62639821,16.01586333,24369.60421,65.56,1050,45903,58,310,2008.8,4,8035.2,2325.971315,28587.32394,Jun,2021,23.9,15.5,22.8,23.8,87,81,5,47.5,160,7
11/1A,2.27,24,11/1A,Jun,266.266985,2492.84951,2.27,VP,"Apr,2022",42,0.015981414,20,11.086534,17.763651,80,240,3458.300954,7.332722273,4.99,1,22.46753247,21.19513678,11.30690162,18.11674009,17093.23691,45.4,822.5,45783,52,310,930,4,3720,2958.52205,27698.32789,Jun,2021,23.9,15.5,22.8,23.8,87,81,5,47.5,160,7
12,6.39,17,12,Jun,152.152563,4009.895122,6.39,SD,"Nov,2022",35,0.044987328,34,3.963983,5.135878,160,400,1857.529201,22.75312856,22.75312856,1,19.72258065,24.73989455,4.04277517,5.23796373,27605.28836,217.26,1138,45783,183,250,667.5,4,2670,1690.584029,44554.39024,Jun,2021,23.9,15.5,22.8,23.8,87,81,5,47.5,160,7
1-Dec,4.25,7,1-Dec,Jun,266.266985,4667.229259,4.25,VP,"Oct,2023",24,0.029921149,25,13.554114,16.154196,320,560,4692.427294,12.60977257,4.56,3,24.52765957,27.20936875,13.82352941,16.47529412,46701.70791,106.25,1750.5,45931,30,310,1156.3,4,4625.2,2958.52205,51858.10288,Jun,2021,23.9,15.5,22.8,23.8,87,81,5,47.5,160,7
1A/1,4,21,1A/1,Jun,213.964541,3529.837255,4,VP,"Jul,2022",38,0.028161081,22,7.680664,9.236853,160,320,2485.158522,13.60544218,6.08,3,18.40425532,25.09167672,7.833333333,9.420454545,20395.59576,88,829,45931,23,200 Kgs.,180,250,310,2483.045292,40963.54345,Jun,2021,23.9,15.5,22.8,23.8,87,81,5,47.5,160,7
1A/2,4.09,23,1A/2,Jun,152.152563,2566.583889,4.09,VP,"Apr,2022",40,0.028794706,22,6.233073,9.093531,80,320,2039.266985,16.58031088,5.03,3,17.88461538,23.10245656,6.356968215,9.274283174,18903.25901,89.98,834.5,45931,30,250,1000,3,3000,1880.206381,31716.24141,Jun,2021,23.9,15.5,22.8,23.8,87,81,5,47.5,160,7
1B/1,2.31,23,1B/1,Jun,152.152563,1449.586499,2.31,VP,"May,2022",40,0.016263025,19,10.399352,8.8132,80,240,1815.264601,13.96973225,4.53,2,23.18367347,25.49809886,10.60606061,8.988380041,9862.953597,43.89,394.5,,80,250,1022.5,3,3067.5,1965.029488,18721.21092,Jun,2021,23.9,15.5,22.8,23.8,87,81,5,47.5,160,7
2,5.24,36,2,Jun,171.171633,3699.269443,5.24,VP,"Jan,2025",2,0.0369,11,0,4.422843,0,80,652.988081,12.94498382,4.39,0,0,21.56923077,0,4.510756419,5498.702035,58,260,45945,16,250,1625,4,6500,1932.153645,41756.66738,Jun,2021,23.9,15.5,22.8,23.8,87,81,5,47.5,160,7
2A,6.5,31,2A,Jun,171.171633,4588.788432,6.5,VP,"Jan 2025,",2,0.0458,16,0,4.883696,0,80,972.085816,8.695652174,4.66,0,0,20.91505792,0,4.980769231,10622.84912,104,518,45934,27,250,577.5,3,1732.5,1885.651417,50550.75575,Jun,2021,23.9,15.5,22.8,23.8,87,81,5,47.5,160,7
3,5,37,3,Jun,230.342074,4750.027911,5,VP,"Aug, 2024",15,0.035201352,21,6.92894,7.437871,160,240,1590.205602,15.94684385,5.42,2,24.03773585,24.3992467,7.066666667,7.585714286,19055.23812,105,796.5,45799,162,250,1310,4,5240,1581.541359,32613.95311,Jun,2021,23.9,15.5,22.8,23.8,87,81,5,47.5,160,7
4,8.09,17,4,Jun,209.209774,6980.449274,8.09,VP,"Nov,2022",35,0.056955787,16,6.969017,10.358837,160,240,2013.908224,12.59181532,4.75,1,20.74782609,26.17769653,7.107540173,10.56474042,35100.30946,129.44,1367.5,45840,121,310,1550,4,6200,2298.431531,76688.98273,Jun,2021,23.9,15.5,22.8,23.8,87,81,5,47.5,160,7
5A/1,5.7,31,5A/1,Jun,190.190703,4471.12719,5.7,VP,"Sep,2021",49,0.040129541,20,4.816542,8.192422,0,80,1929.379023,4.381161008,4.381161008,1,22.82142857,23.89186352,4.912280702,8.355263158,22313.474,114,952.5,45783,44,310,2507.9,3,7523.7,2150.304247,50550.75575,Jun,2021,23.9,15.5,22.8,23.8,87,81,5,47.5,160,7
5A/2,7.62,29,5A/2,Jun,199.700238,6276.050639,7.62,VP,"Nov,2021",47,0.05364686,19,3.834542,7.92034,0,80,1707.489869,4.95049505,5,0,18.43624161,24.38905515,3.910761155,8.077773173,27967.09667,144.78,1169.5,45783,81,310,1767,4,7068,2165.644796,68060.49167,Jun,2021,23.9,15.5,22.8,23.8,87,81,5,47.5,160,7
5B/1,4.18,30,5B/1,Jun,209.209774,3606.709266,4.18,VP,"May,2024",17,0.02942833,34,4.222293,5.284766,240,400,2075.191895,20.36659878,5.35,1,28.82407407,28.95953003,4.306220096,5.389811427,21750.66106,142.12,766,45765,196,310,2362.2,4,9448.8,2413.025589,41599.78572,Jun,2021,23.9,15.5,22.8,23.8,87,81,5,47.5,160,7
6A/1,2,12,6A/1,Jun,209.209774,1725.698214,2,VP,"Apr,2023",30,0.014080541,33,4.575715,6.804148,160,400,2702.821216,15.63721658,3.97,2,26.64285714,29.48689956,4.666666667,6.939393939,13241.79226,66,458,45818,143,310,1116,4,4464,2509.460667,20699.66292,Jun,2021,23.9,15.5,22.8,23.8,87,81,5,47.5,160,7
6A/2,2,36,6A/2,Jun,443.778308,3660.571968,2,VP,"Feb,2025",8,0.0141,26,5.719644,6.345033,160,240,1788.849225,14.1760189,4.85,3,21.84285714,20.23774146,5.833333333,6.471153846,6677.275474,52,336.5,45911,50,310,923.8,4,3695.2,3627.359356,29920.81802,Jun,2021,23.9,15.5,22.8,23.8,87,81,5,47.5,160,7
6A/2/1,2,42,6A/2/1,Jun,0,0,2,VP,"May,2024",17,0.014080541,28,6.455026,9.700049,240,480,2613.008939,19.40962394,4.3,3,25.21518987,23.84115523,6.583333333,9.892857143,12950.58069,56,554,45779,182,310,620,4,2480,1469.75149,12123.46573,Jun,2021,23.9,15.5,22.8,23.8,87,81,5,47.5,160,7
6B/2/3,3,30,6B/2/3,Jun,304.305125,3765.159739,3,VP,"Oct,2021",48,0.021120811,33,7.778715,10.330023,160,400,3123.353993,13.53179973,4.03,2,22.09243697,22.56088207,7.933333333,10.53535354,23072.38901,99,1043,45783,249,310,1295.8,4,5183.2,3381.168057,41835.10821,Jun,2021,23.9,15.5,22.8,23.8,87,81,5,47.5,160,7
6B/4,3,17,6B/4,Jun,271.021752,3353.345392,3,VP,"Feb,2025",8,0.0227,23,2.934448,2.877255,140,300,1260.541716,25.14668902,4.96,1,29.36206897,22.25229358,2.992776058,2.93444609,4756.455701,74,218,45905,56,310,930,4,3720,3011.352801,37259.39325,Jun,2021,23.9,15.5,22.8,23.8,87,81,5,47.5,160,7
7,3,12,7,Jun,244.078069,3019.971874,3,VP,"Apr,2023",30,0.021120811,35,4.521242,5.434829,160,480,2717.613826,18.66251944,4.52,1,28.19277108,34.57216495,4.611111111,5.542857143,19728.84873,105,582,45783,178,310,620,4,2480,2359.421335,29193.06145,Jun,2021,23.9,15.5,22.8,23.8,87,81,5,47.5,160,7
1-Jul,3.73,7,1-Jul,Jun,133.133492,2048.090016,3.73,VP,"Sep,2023",23,0.026260208,35,4.030695,6.5117,160,400,2694.368296,15.68627451,4.38,2,29.64130435,28.727797,4.110813226,6.641133665,24421.57125,130.55,867,45788,173,250,567.5,3,1702.5,1501.073185,23092.10817,Jun,2021,23.9,15.5,22.8,23.8,87,81,5,47.5,160,7
7A,1.54,43,7A,Jun,0,0,1.54,SD,"Oct,2024",12,0.010842016,35,4.838882,4.3841,160,160,1148.540524,14.71941122,14.71941122,3,25.68421053,24.54356846,4.935064935,4.471243043,5799.718712,53.9,241,45783,301,250,600,4,2400,520.170201,3303.840514,Jun,2021,23.9,15.5,22.8,23.8,87,81,5,47.5,160,7
1-Aug,6,12,1-Aug,Jun,190.190703,4706.449673,6,VP,"Apr,2023",30,0.042241622,23,8.252629,10.369963,160,240,2645.764005,9.584664537,4.35,2,21.90594059,27.37923947,8.416666667,10.57608696,39181.19353,138,1459.5,45947,14,310,620,4,2480,2151.092074,53230.81737,Jun,2021,23.9,15.5,22.8,23.8,87,81,5,47.5,160,7
2-Aug,6.55,6,2-Aug,Jun,190.190703,5137.874227,6.55,VP,"Oct,2023",24,0.046113771,18,6.786229,8.948508,160,240,1901.907032,13.33333333,5.11,2,23.34558824,28.94423792,6.921119593,9.126378287,30537.0143,117.9,1076,45884,77,310,1860,4,7440,2113.230036,57087.49141,Jun,2021,23.9,15.5,22.8,23.8,87,81,5,47.5,160,7
9,6.45,18,9,Jun,104.604887,2782.688369,6.45,SD,"Oct,2022",36,0.045409744,22,6.346714,7.659589,160,160,1924.095948,8.786381109,8.786381109,1,20.30538922,23.18899414,6.472868217,7.811839323,25204.01851,141.9,1108.5,45783,55,250,385,4,1540,1162.27652,30918.75966,Jun,2021,23.9,15.5,22.8,23.8,87,81,5,47.5,160,7
9A,2,18,9A,Jun,190.190703,1568.816558,2,SD,Nov.2022,36,0.014080541,21,9.314848,11.392596,80,240,2347.79857,10.80108011,10.80108011,2,19.76315789,23.40163934,9.5,11.61904762,11197.42818,42,488,45783,23,180,1161,3,3483,2113.230036,17431.29509,Jun,2021,23.9,15.5,22.8,23.8,87,81,5,47.5,160,7
9A/2,2.4,23,9A/2,Jun,14.264303,141.19349,2.4,VP,Rev 2022,41,0.016896649,4,0,8.17092,40,40,72.906436,57.97101449,4.82,0,0,0,0,0,222.575849,9.6,80,45783,53,180,225,4,900,158.492253,1568.816558,Jun,2021,23.9,15.5,22.8,23.8,87,81,5,47.5,160,7
10,2.67,35,10,Jul,184.907628,2036.193157,2.67,SD,Feb.2025,8,0.018797522,17,4.728116,5.054845,140,220,1631.413588,14.24870466,14.24870466,3,25.04854369,22.5042735,4.822097378,5.155320555,5163.367496,45.39,234,45783,178,180,360,3,1080,2641.537545,29088.47368,Jul,2021,23.4,16.2,22.3,22.7,91,85,3.4,41.2,289.5,16
10/2A,3.6,37,10/2A,Jul,122.215137,1814.597819,3.6,VP,"June.,2024",17,0.025344973,23,6.990676,8.461046,160,320,1859.642431,18.18181818,5.72,2,30.42857143,24.89293212,7.12962963,8.629227053,17439.35706,82.8,714.5,45939,22,250,750,3,2250,1029.847437,15290.73205,Jul,2021,23.4,16.2,22.3,22.7,91,85,3.4,41.2,289.5,16
3-Oct,2,12,3-Oct,Jul,147.926103,1220.190656,2,VP,"Apr,2023",30,0.014080541,27,8.824593,9.314848,160,400,2617.235399,16.14856681,4.4,3,24.55555556,27.34697856,9,9.5,13755.57968,54,513,45824,137,310,1317.5,4,5270,2113.230036,17431.29509,Jul,2021,23.4,16.2,22.3,22.7,91,85,3.4,41.2,289.5,16
4-Oct,1.25,48,4-Oct,Jul,103.548272,533.833412,1.25,VP,"June,2024",17,0.008800338,21,10.197308,9.15143,160,320,1976.926698,17.10315339,4.39,3,17.35897436,25.12244898,10.4,9.333333333,6035.041196,26.25,245,45918,43,250,500,4,2000,1187.846603,6123.831855,Jul,2021,23.4,16.2,22.3,22.7,91,85,3.4,41.2,289.5,16
11,6.48,31,11,Jul,162.718713,4348.759498,6.48,VP,Oct.2024,14,0.045620952,35,4.640275,5.840694,160,240,1228.843266,20.63628547,5.11,1,21.06521739,21.63508512,4.732510288,5.956790123,28659.33698,226.8,1351,45788,173,310,2030.5,4,8122,2324.553039,62125.13569,Jul,2021,23.4,16.2,22.3,22.7,91,85,3.4,41.2,289.5,16
1-Nov,2.98,6,1-Nov,Jul,147.926103,1818.084078,2.98,VP,"Oct,2023",23,0.020980006,22,10.419293,15.70372,160,320,3170.901669,10.6631123,5.46,2,21.06315789,23.67047619,10.62639821,16.01586333,24369.60421,65.56,1050,45903,58,310,2008.8,4,8035.2,2325.971315,28587.32394,Jul,2021,23.4,16.2,22.3,22.7,91,85,3.4,41.2,289.5,16
11/1A,2.27,24,11/1A,Jul,207.096544,1938.882952,2.27,VP,"Apr,2022",42,0.015981414,20,11.086534,17.763651,80,240,3458.300954,7.332722273,4.99,1,22.46753247,21.19513678,11.30690162,18.11674009,17093.23691,45.4,822.5,45783,52,310,930,4,3720,2958.52205,27698.32789,Jul,2021,23.4,16.2,22.3,22.7,91,85,3.4,41.2,289.5,16
12,6.39,17,12,Jul,118.340882,3118.807317,6.39,SD,"Nov,2022",35,0.044987328,34,3.963983,5.135878,160,400,1857.529201,22.75312856,22.75312856,1,19.72258065,24.73989455,4.04277517,5.23796373,27605.28836,217.26,1138,45783,183,250,667.5,4,2670,1690.584029,44554.39024,Jul,2021,23.4,16.2,22.3,22.7,91,85,3.4,41.2,289.5,16
1-Dec,4.25,7,1-Dec,Jul,207.096544,3630.067202,4.25,VP,"Oct,2023",24,0.029921149,25,13.554114,16.154196,320,560,4692.427294,12.60977257,4.56,3,24.52765957,27.20936875,13.82352941,16.47529412,46701.70791,106.25,1750.5,45931,30,310,1156.3,4,4625.2,2958.52205,51858.10288,Jul,2021,23.4,16.2,22.3,22.7,91,85,3.4,41.2,289.5,16
1A/1,4,21,1A/1,Jul,166.416865,2745.428976,4,VP,"Jul,2022",38,0.028161081,22,7.680664,9.236853,160,320,2485.158522,13.60544218,6.08,3,18.40425532,25.09167672,7.833333333,9.420454545,20395.59576,88,829,45931,23,200 Kgs.,180,250,310,2483.045292,40963.54345,Jul,2021,23.4,16.2,22.3,22.7,91,85,3.4,41.2,289.5,16
1A/2,4.09,23,1A/2,Jul,118.340882,1996.231913,4.09,VP,"Apr,2022",40,0.028794706,22,6.233073,9.093531,80,320,2039.266985,16.58031088,5.03,3,17.88461538,23.10245656,6.356968215,9.274283174,18903.25901,89.98,834.5,45931,30,250,1000,3,3000,1880.206381,31716.24141,Jul,2021,23.4,16.2,22.3,22.7,91,85,3.4,41.2,289.5,16
1B/1,2.31,23,1B/1,Jul,118.340882,1127.456166,2.31,VP,"May,2022",40,0.016263025,19,10.399352,8.8132,80,240,1815.264601,13.96973225,4.53,2,23.18367347,25.49809886,10.60606061,8.988380041,9862.953597,43.89,394.5,,80,250,1022.5,3,3067.5,1965.029488,18721.21092,Jul,2021,23.4,16.2,22.3,22.7,91,85,3.4,41.2,289.5,16
2,5.24,36,2,Jul,133.133492,2877.209567,5.24,VP,"Jan,2025",2,0.0369,11,0,4.422843,0,80,652.988081,12.94498382,4.39,0,0,21.56923077,0,4.510756419,5498.702035,58,260,45945,16,250,1625,4,6500,1932.153645,41756.66738,Jul,2021,23.4,16.2,22.3,22.7,91,85,3.4,41.2,289.5,16
2A,6.5,31,2A,Jul,133.133492,3569.057669,6.5,VP,"Jan 2025,",2,0.0458,16,0,4.883696,0,80,972.085816,8.695652174,4.66,0,0,20.91505792,0,4.980769231,10622.84912,104,518,45934,27,250,577.5,3,1732.5,1885.651417,50550.75575,Jul,2021,23.4,16.2,22.3,22.7,91,85,3.4,41.2,289.5,16
3,5,37,3,Jul,289.512515,5970.218567,5,VP,"Aug, 2024",15,0.035201352,21,6.92894,7.437871,160,240,1590.205602,15.94684385,5.42,2,24.03773585,24.3992467,7.066666667,7.585714286,19055.23812,105,796.5,45799,162,250,1310,4,5240,1581.541359,32613.95311,Jul,2021,23.4,16.2,22.3,22.7,91,85,3.4,41.2,289.5,16
4,8.09,17,4,Jul,162.718713,5429.238324,8.09,VP,"Nov,2022",35,0.056955787,16,6.969017,10.358837,160,240,2013.908224,12.59181532,4.75,1,20.74782609,26.17769653,7.107540173,10.56474042,35100.30946,129.44,1367.5,45840,121,310,1550,4,6200,2298.431531,76688.98273,Jul,2021,23.4,16.2,22.3,22.7,91,85,3.4,41.2,289.5,16
5A/1,5.7,31,5A/1,Jul,147.926103,3477.54337,5.7,VP,"Sep,2021",49,0.040129541,20,4.816542,8.192422,0,80,1929.379023,4.381161008,4.381161008,1,22.82142857,23.89186352,4.912280702,8.355263158,22313.474,114,952.5,45783,44,310,2507.9,3,7523.7,2150.304247,50550.75575,Jul,2021,23.4,16.2,22.3,22.7,91,85,3.4,41.2,289.5,16
5A/2,7.62,29,5A/2,Jul,155.322408,4881.37272,7.62,VP,"Nov,2021",47,0.05364686,19,3.834542,7.92034,0,80,1707.489869,4.95049505,5,0,18.43624161,24.38905515,3.910761155,8.077773173,27967.09667,144.78,1169.5,45783,81,310,1767,4,7068,2165.644796,68060.49167,Jul,2021,23.4,16.2,22.3,22.7,91,85,3.4,41.2,289.5,16
5B/1,4.18,30,5B/1,Jul,162.718713,2805.218318,4.18,VP,"May,2024",17,0.02942833,34,4.222293,5.284766,240,400,2075.191895,20.36659878,5.35,1,28.82407407,28.95953003,4.306220096,5.389811427,21750.66106,142.12,766,45765,196,310,2362.2,4,9448.8,2413.025589,41599.78572,Jul,2021,23.4,16.2,22.3,22.7,91,85,3.4,41.2,289.5,16
6A/1,2,12,6A/1,Jul,162.718713,1342.209722,2,VP,"Apr,2023",30,0.014080541,33,4.575715,6.804148,160,400,2702.821216,15.63721658,3.97,2,26.64285714,29.48689956,4.666666667,6.939393939,13241.79226,66,458,45818,143,310,1116,4,4464,2509.460667,20699.66292,Jul,2021,23.4,16.2,22.3,22.7,91,85,3.4,41.2,289.5,16
6A/2,2,36,6A/2,Jul,221.889154,1830.285984,2,VP,"Feb,2025",8,0.0141,26,5.719644,6.345033,160,240,1788.849225,14.1760189,4.85,3,21.84285714,20.23774146,5.833333333,6.471153846,6677.275474,52,336.5,45911,50,310,923.8,4,3695.2,3627.359356,29920.81802,Jul,2021,23.4,16.2,22.3,22.7,91,85,3.4,41.2,289.5,16
6A/2/1,2,42,6A/2/1,Jul,118.340882,976.152525,2,VP,"May,2024",17,0.014080541,28,6.455026,9.700049,240,480,2613.008939,19.40962394,4.3,3,25.21518987,23.84115523,6.583333333,9.892857143,12950.58069,56,554,45779,182,310,620,4,2480,1469.75149,12123.46573,Jul,2021,23.4,16.2,22.3,22.7,91,85,3.4,41.2,289.5,16
6B/2/3,3,30,6B/2/3,Jul,236.681764,2928.457575,3,VP,"Oct,2021",48,0.021120811,33,7.778715,10.330023,160,400,3123.353993,13.53179973,4.03,2,22.09243697,22.56088207,7.933333333,10.53535354,23072.38901,99,1043,45783,249,310,1295.8,4,5183.2,3381.168057,41835.10821,Jul,2021,23.4,16.2,22.3,22.7,91,85,3.4,41.2,289.5,16
6B/4,3,17,6B/4,Jul,210.794696,2608.157527,3,VP,"Feb,2025",8,0.0227,23,2.934448,2.877255,140,300,1260.541716,25.14668902,4.96,1,29.36206897,22.25229358,2.992776058,2.93444609,4756.455701,74,218,45905,56,310,930,4,3720,3011.352801,37259.39325,Jul,2021,23.4,16.2,22.3,22.7,91,85,3.4,41.2,289.5,16
7,3,12,7,Jul,162.718713,2013.314582,3,VP,"Apr,2023",30,0.021120811,35,4.521242,5.434829,160,480,2717.613826,18.66251944,4.52,1,28.19277108,34.57216495,4.611111111,5.542857143,19728.84873,105,582,45783,178,310,620,4,2480,2359.421335,29193.06145,Jul,2021,23.4,16.2,22.3,22.7,91,85,3.4,41.2,289.5,16
1-Jul,3.73,7,1-Jul,Jul,103.548272,1592.958901,3.73,VP,"Sep,2023",23,0.026260208,35,4.030695,6.5117,160,400,2694.368296,15.68627451,4.38,2,29.64130435,28.727797,4.110813226,6.641133665,24421.57125,130.55,867,45788,173,250,567.5,3,1702.5,1501.073185,23092.10817,Jul,2021,23.4,16.2,22.3,22.7,91,85,3.4,41.2,289.5,16
7A,1.54,43,7A,Jul,44.377831,281.864042,1.54,SD,"Oct,2024",12,0.010842016,35,4.838882,4.3841,160,160,1148.540524,14.71941122,14.71941122,3,25.68421053,24.54356846,4.935064935,4.471243043,5799.718712,53.9,241,45783,301,250,600,4,2400,520.170201,3303.840514,Jul,2021,23.4,16.2,22.3,22.7,91,85,3.4,41.2,289.5,16
1-Aug,6,12,1-Aug,Jul,147.926103,3660.571968,6,VP,"Apr,2023",30,0.042241622,23,8.252629,10.369963,160,240,2645.764005,9.584664537,4.35,2,21.90594059,27.37923947,8.416666667,10.57608696,39181.19353,138,1459.5,45947,14,310,620,4,2480,2151.092074,53230.81737,Jul,2021,23.4,16.2,22.3,22.7,91,85,3.4,41.2,289.5,16
2-Aug,6.55,6,2-Aug,Jul,147.926103,3996.124399,6.55,VP,"Oct,2023",24,0.046113771,18,6.786229,8.948508,160,240,1901.907032,13.33333333,5.11,2,23.34558824,28.94423792,6.921119593,9.126378287,30537.0143,117.9,1076,45884,77,310,1860,4,7440,2113.230036,57087.49141,Jul,2021,23.4,16.2,22.3,22.7,91,85,3.4,41.2,289.5,16
9,6.45,18,9,Jul,81.359356,2164.313176,6.45,SD,"Oct,2022",36,0.045409744,22,6.346714,7.659589,160,160,1924.095948,8.786381109,8.786381109,1,20.30538922,23.18899414,6.472868217,7.811839323,25204.01851,141.9,1108.5,45783,55,250,385,4,1540,1162.27652,30918.75966,Jul,2021,23.4,16.2,22.3,22.7,91,85,3.4,41.2,289.5,16
9A,2,18,9A,Jul,147.926103,1220.190656,2,SD,Nov.2022,36,0.014080541,21,9.314848,11.392596,80,240,2347.79857,10.80108011,10.80108011,2,19.76315789,23.40163934,9.5,11.61904762,11197.42818,42,488,45783,23,180,1161,3,3483,2113.230036,17431.29509,Jul,2021,23.4,16.2,22.3,22.7,91,85,3.4,41.2,289.5,16
9A/2,2.4,23,9A/2,Jul,11.094458,109.817159,2.4,VP,Rev 2022,41,0.016896649,4,0,8.17092,40,40,72.906436,57.97101449,4.82,0,0,0,0,0,222.575849,9.6,80,45783,53,180,225,4,900,158.492253,1568.816558,Jul,2021,23.4,16.2,22.3,22.7,91,85,3.4,41.2,289.5,16
10,2.67,35,10,Aug,184.907628,2036.193157,2.67,SD,Feb.2025,8,0.018797522,17,4.728116,5.054845,140,220,1631.413588,14.24870466,14.24870466,3,25.04854369,22.5042735,4.822097378,5.155320555,5163.367496,45.39,234,45783,178,180,360,3,1080,2641.537545,29088.47368,Aug,2021,22.7,16.1,22.3,23.1,93,86,2.7,35.6,181.8,15
10/2A,3.6,37,10/2A,Aug,88.755662,1317.805909,3.6,VP,"June.,2024",17,0.025344973,23,6.990676,8.461046,160,320,1859.642431,18.18181818,5.72,2,30.42857143,24.89293212,7.12962963,8.629227053,17439.35706,82.8,714.5,45939,22,250,750,3,2250,1029.847437,15290.73205,Aug,2021,22.7,16.1,22.3,23.1,93,86,2.7,35.6,181.8,15
3-Oct,2,12,3-Oct,Aug,147.926103,1220.190656,2,VP,"Apr,2023",30,0.014080541,27,8.824593,9.314848,160,400,2617.235399,16.14856681,4.4,3,24.55555556,27.34697856,9,9.5,13755.57968,54,513,45824,137,310,1317.5,4,5270,2113.230036,17431.29509,Aug,2021,22.7,16.1,22.3,23.1,93,86,2.7,35.6,181.8,15
4-Oct,1.25,48,4-Oct,Aug,103.548272,533.833412,1.25,VP,"June,2024",17,0.008800338,21,10.197308,9.15143,160,320,1976.926698,17.10315339,4.39,3,17.35897436,25.12244898,10.4,9.333333333,6035.041196,26.25,245,45918,43,250,500,4,2000,1187.846603,6123.831855,Aug,2021,22.7,16.1,22.3,23.1,93,86,2.7,35.6,181.8,15
11,6.48,31,11,Aug,162.718713,4348.759498,6.48,VP,Oct.2024,14,0.045620952,35,4.640275,5.840694,160,240,1228.843266,20.63628547,5.11,1,21.06521739,21.63508512,4.732510288,5.956790123,28659.33698,226.8,1351,45788,173,310,2030.5,4,8122,2324.553039,62125.13569,Aug,2021,22.7,16.1,22.3,23.1,93,86,2.7,35.6,181.8,15
1-Nov,2.98,6,1-Nov,Aug,147.926103,1818.084078,2.98,VP,"Oct,2023",23,0.020980006,22,10.419293,15.70372,160,320,3170.901669,10.6631123,5.46,2,21.06315789,23.67047619,10.62639821,16.01586333,24369.60421,65.56,1050,45903,58,310,2008.8,4,8035.2,2325.971315,28587.32394,Aug,2021,22.7,16.1,22.3,23.1,93,86,2.7,35.6,181.8,15
11/1A,2.27,24,11/1A,Aug,207.096544,1938.882952,2.27,VP,"Apr,2022",42,0.015981414,20,11.086534,17.763651,80,240,3458.300954,7.332722273,4.99,1,22.46753247,21.19513678,11.30690162,18.11674009,17093.23691,45.4,822.5,45783,52,310,930,4,3720,2958.52205,27698.32789,Aug,2021,22.7,16.1,22.3,23.1,93,86,2.7,35.6,181.8,15
12,6.39,17,12,Aug,118.340882,3118.807317,6.39,SD,"Nov,2022",35,0.044987328,34,3.963983,5.135878,160,400,1857.529201,22.75312856,22.75312856,1,19.72258065,24.73989455,4.04277517,5.23796373,27605.28836,217.26,1138,45783,183,250,667.5,4,2670,1690.584029,44554.39024,Aug,2021,22.7,16.1,22.3,23.1,93,86,2.7,35.6,181.8,15
1-Dec,4.25,7,1-Dec,Aug,207.096544,3630.067202,4.25,VP,"Oct,2023",24,0.029921149,25,13.554114,16.154196,320,560,4692.427294,12.60977257,4.56,3,24.52765957,27.20936875,13.82352941,16.47529412,46701.70791,106.25,1750.5,45931,30,310,1156.3,4,4625.2,2958.52205,51858.10288,Aug,2021,22.7,16.1,22.3,23.1,93,86,2.7,35.6,181.8,15
1A/1,4,21,1A/1,Aug,166.416865,2745.428976,4,VP,"Jul,2022",38,0.028161081,22,7.680664,9.236853,160,320,2485.158522,13.60544218,6.08,3,18.40425532,25.09167672,7.833333333,9.420454545,20395.59576,88,829,45931,23,200 Kgs.,180,250,310,2483.045292,40963.54345,Aug,2021,22.7,16.1,22.3,23.1,93,86,2.7,35.6,181.8,15
1A/2,4.09,23,1A/2,Aug,118.340882,1996.231913,4.09,VP,"Apr,2022",40,0.028794706,22,6.233073,9.093531,80,320,2039.266985,16.58031088,5.03,3,17.88461538,23.10245656,6.356968215,9.274283174,18903.25901,89.98,834.5,45931,30,250,1000,3,3000,1880.206381,31716.24141,Aug,2021,22.7,16.1,22.3,23.1,93,86,2.7,35.6,181.8,15
1B/1,2.31,23,1B/1,Aug,118.340882,1127.456166,2.31,VP,"May,2022",40,0.016263025,19,10.399352,8.8132,80,240,1815.264601,13.96973225,4.53,2,23.18367347,25.49809886,10.60606061,8.988380041,9862.953597,43.89,394.5,,80,250,1022.5,3,3067.5,1965.029488,18721.21092,Aug,2021,22.7,16.1,22.3,23.1,93,86,2.7,35.6,181.8,15
2,5.24,36,2,Aug,133.133492,2877.209567,5.24,VP,"Jan,2025",2,0.0369,11,0,4.422843,0,80,652.988081,12.94498382,4.39,0,0,21.56923077,0,4.510756419,5498.702035,58,260,45945,16,250,1625,4,6500,1932.153645,41756.66738,Aug,2021,22.7,16.1,22.3,23.1,93,86,2.7,35.6,181.8,15
2A,6.5,31,2A,Aug,133.133492,3569.057669,6.5,VP,"Jan 2025,",2,0.0458,16,0,4.883696,0,80,972.085816,8.695652174,4.66,0,0,20.91505792,0,4.980769231,10622.84912,104,518,45934,27,250,577.5,3,1732.5,1885.651417,50550.75575,Aug,2021,22.7,16.1,22.3,23.1,93,86,2.7,35.6,181.8,15
3,5,37,3,Aug,232.87795,4802.321796,5,VP,"Aug, 2024",15,0.035201352,21,6.92894,7.437871,160,240,1590.205602,15.94684385,5.42,2,24.03773585,24.3992467,7.066666667,7.585714286,19055.23812,105,796.5,45799,162,250,1310,4,5240,1581.541359,32613.95311,Aug,2021,22.7,16.1,22.3,23.1,93,86,2.7,35.6,181.8,15
4,8.09,17,4,Aug,162.718713,5429.238324,8.09,VP,"Nov,2022",35,0.056955787,16,6.969017,10.358837,160,240,2013.908224,12.59181532,4.75,1,20.74782609,26.17769653,7.107540173,10.56474042,35100.30946,129.44,1367.5,45840,121,310,1550,4,6200,2298.431531,76688.98273,Aug,2021,22.7,16.1,22.3,23.1,93,86,2.7,35.6,181.8,15
5A/1,5.7,31,5A/1,Aug,147.926103,3477.54337,5.7,VP,"Sep,2021",49,0.040129541,20,4.816542,8.192422,0,80,1929.379023,4.381161008,4.381161008,1,22.82142857,23.89186352,4.912280702,8.355263158,22313.474,114,952.5,45783,44,310,2507.9,3,7523.7,2150.304247,50550.75575,Aug,2021,22.7,16.1,22.3,23.1,93,86,2.7,35.6,181.8,15
5A/2,7.62,29,5A/2,Aug,155.322408,4881.37272,7.62,VP,"Nov,2021",47,0.05364686,19,3.834542,7.92034,0,80,1707.489869,4.95049505,5,0,18.43624161,24.38905515,3.910761155,8.077773173,27967.09667,144.78,1169.5,45783,81,310,1767,4,7068,2165.644796,68060.49167,Aug,2021,22.7,16.1,22.3,23.1,93,86,2.7,35.6,181.8,15
5B/1,4.18,30,5B/1,Aug,162.718713,2805.218318,4.18,VP,"May,2024",17,0.02942833,34,4.222293,5.284766,240,400,2075.191895,20.36659878,5.35,1,28.82407407,28.95953003,4.306220096,5.389811427,21750.66106,142.12,766,45765,196,310,2362.2,4,9448.8,2413.025589,41599.78572,Aug,2021,22.7,16.1,22.3,23.1,93,86,2.7,35.6,181.8,15
6A/1,2,12,6A/1,Aug,162.718713,1342.209722,2,VP,"Apr,2023",30,0.014080541,33,4.575715,6.804148,160,400,2702.821216,15.63721658,3.97,2,26.64285714,29.48689956,4.666666667,6.939393939,13241.79226,66,458,45818,143,310,1116,4,4464,2509.460667,20699.66292,Aug,2021,22.7,16.1,22.3,23.1,93,86,2.7,35.6,181.8,15
6A/2,2,36,6A/2,Aug,221.889154,1830.285984,2,VP,"Feb,2025",8,0.0141,26,5.719644,6.345033,160,240,1788.849225,14.1760189,4.85,3,21.84285714,20.23774146,5.833333333,6.471153846,6677.275474,52,336.5,45911,50,310,923.8,4,3695.2,3627.359356,29920.81802,Aug,2021,22.7,16.1,22.3,23.1,93,86,2.7,35.6,181.8,15
6A/2/1,2,42,6A/2/1,Aug,118.340882,976.152525,2,VP,"May,2024",17,0.014080541,28,6.455026,9.700049,240,480,2613.008939,19.40962394,4.3,3,25.21518987,23.84115523,6.583333333,9.892857143,12950.58069,56,554,45779,182,310,620,4,2480,1469.75149,12123.46573,Aug,2021,22.7,16.1,22.3,23.1,93,86,2.7,35.6,181.8,15
6B/2/3,3,30,6B/2/3,Aug,236.681764,2928.457575,3,VP,"Oct,2021",48,0.021120811,33,7.778715,10.330023,160,400,3123.353993,13.53179973,4.03,2,22.09243697,22.56088207,7.933333333,10.53535354,23072.38901,99,1043,45783,249,310,1295.8,4,5183.2,3381.168057,41835.10821,Aug,2021,22.7,16.1,22.3,23.1,93,86,2.7,35.6,181.8,15
6B/4,3,17,6B/4,Aug,210.794696,2608.157527,3,VP,"Feb,2025",8,0.0227,23,2.934448,2.877255,140,300,1260.541716,25.14668902,4.96,1,29.36206897,22.25229358,2.992776058,2.93444609,4756.455701,74,218,45905,56,310,930,4,3720,3011.352801,37259.39325,Aug,2021,22.7,16.1,22.3,23.1,93,86,2.7,35.6,181.8,15
7,3,12,7,Aug,162.718713,2013.314582,3,VP,"Apr,2023",30,0.021120811,35,4.521242,5.434829,160,480,2717.613826,18.66251944,4.52,1,28.19277108,34.57216495,4.611111111,5.542857143,19728.84873,105,582,45783,178,310,620,4,2480,2359.421335,29193.06145,Aug,2021,22.7,16.1,22.3,23.1,93,86,2.7,35.6,181.8,15
1-Jul,3.73,7,1-Jul,Aug,103.548272,1592.958901,3.73,VP,"Sep,2023",23,0.026260208,35,4.030695,6.5117,160,400,2694.368296,15.68627451,4.38,2,29.64130435,28.727797,4.110813226,6.641133665,24421.57125,130.55,867,45788,173,250,567.5,3,1702.5,1501.073185,23092.10817,Aug,2021,22.7,16.1,22.3,23.1,93,86,2.7,35.6,181.8,15
7A,1.54,43,7A,Aug,44.377831,281.864042,1.54,SD,"Oct,2024",12,0.010842016,35,4.838882,4.3841,160,160,1148.540524,14.71941122,14.71941122,3,25.68421053,24.54356846,4.935064935,4.471243043,5799.718712,53.9,241,45783,301,250,600,4,2400,520.170201,3303.840514,Aug,2021,22.7,16.1,22.3,23.1,93,86,2.7,35.6,181.8,15
1-Aug,6,12,1-Aug,Aug,147.926103,3660.571968,6,VP,"Apr,2023",30,0.042241622,23,8.252629,10.369963,160,240,2645.764005,9.584664537,4.35,2,21.90594059,27.37923947,8.416666667,10.57608696,39181.19353,138,1459.5,45947,14,310,620,4,2480,2151.092074,53230.81737,Aug,2021,22.7,16.1,22.3,23.1,93,86,2.7,35.6,181.8,15
2-Aug,6.55,6,2-Aug,Aug,147.926103,3996.124399,6.55,VP,"Oct,2023",24,0.046113771,18,6.786229,8.948508,160,240,1901.907032,13.33333333,5.11,2,23.34558824,28.94423792,6.921119593,9.126378287,30537.0143,117.9,1076,45884,77,310,1860,4,7440,2113.230036,57087.49141,Aug,2021,22.7,16.1,22.3,23.1,93,86,2.7,35.6,181.8,15
9,6.45,18,9,Aug,81.359356,2164.313176,6.45,SD,"Oct,2022",36,0.045409744,22,6.346714,7.659589,160,160,1924.095948,8.786381109,8.786381109,1,20.30538922,23.18899414,6.472868217,7.811839323,25204.01851,141.9,1108.5,45783,55,250,385,4,1540,1162.27652,30918.75966,Aug,2021,22.7,16.1,22.3,23.1,93,86,2.7,35.6,181.8,15
9A,2,18,9A,Aug,147.926103,1220.190656,2,SD,Nov.2022,36,0.014080541,21,9.314848,11.392596,80,240,2347.79857,10.80108011,10.80108011,2,19.76315789,23.40163934,9.5,11.61904762,11197.42818,42,488,45783,23,180,1161,3,3483,2113.230036,17431.29509,Aug,2021,22.7,16.1,22.3,23.1,93,86,2.7,35.6,181.8,15
9A/2,2.4,23,9A/2,Aug,11.094458,109.817159,2.4,VP,Rev 2022,41,0.016896649,4,0,8.17092,40,40,72.906436,57.97101449,4.82,0,0,0,0,0,222.575849,9.6,80,45783,53,180,225,4,900,158.492253,1568.816558,Aug,2021,22.7,16.1,22.3,23.1,93,86,2.7,35.6,181.8,15
10,2.67,35,10,Sep,211.323004,2327.077894,2.67,SD,Feb.2025,8,0.018797522,17,4.728116,5.054845,140,220,1631.413588,14.24870466,14.24870466,3,25.04854369,22.5042735,4.822097378,5.155320555,5163.367496,45.39,234,45783,178,180,360,3,1080,2641.537545,29088.47368,Sep,2021,23.5,16,22.5,23,92,87,2.8,36.6,192.8,12
10/2A,3.6,37,10/2A,Sep,0,0,3.6,VP,"June.,2024",17,0.025344973,23,6.990676,8.461046,160,320,1859.642431,18.18181818,5.72,2,30.42857143,24.89293212,7.12962963,8.629227053,17439.35706,82.8,714.5,45939,22,250,750,3,2250,1029.847437,15290.73205,Sep,2021,23.5,16,22.5,23,92,87,2.8,36.6,192.8,12
3-Oct,2,12,3-Oct,Sep,169.058403,1394.503607,2,VP,"Apr,2023",30,0.014080541,27,8.824593,9.314848,160,400,2617.235399,16.14856681,4.4,3,24.55555556,27.34697856,9,9.5,13755.57968,54,513,45824,137,310,1317.5,4,5270,2113.230036,17431.29509,Sep,2021,23.5,16,22.5,23,92,87,2.8,36.6,192.8,12
4-Oct,1.25,48,4-Oct,Sep,118.340882,610.095328,1.25,VP,"June,2024",17,0.008800338,21,10.197308,9.15143,160,320,1976.926698,17.10315339,4.39,3,17.35897436,25.12244898,10.4,9.333333333,6035.041196,26.25,245,45918,43,250,500,4,2000,1187.846603,6123.831855,Sep,2021,23.5,16,22.5,23,92,87,2.8,36.6,192.8,12
11,6.48,31,11,Sep,185.964243,4970.010855,6.48,VP,Oct.2024,14,0.045620952,35,4.640275,5.840694,160,240,1228.843266,20.63628547,5.11,1,21.06521739,21.63508512,4.732510288,5.956790123,28659.33698,226.8,1351,45788,173,310,2030.5,4,8122,2324.553039,62125.13569,Sep,2021,23.5,16,22.5,23,92,87,2.8,36.6,192.8,12
1-Nov,2.98,6,1-Nov,Sep,169.058403,2077.810374,2.98,VP,"Oct,2023",23,0.020980006,22,10.419293,15.70372,160,320,3170.901669,10.6631123,5.46,2,21.06315789,23.67047619,10.62639821,16.01586333,24369.60421,65.56,1050,45903,58,310,2008.8,4,8035.2,2325.971315,28587.32394,Sep,2021,23.5,16,22.5,23,92,87,2.8,36.6,192.8,12
11/1A,2.27,24,11/1A,Sep,236.681764,2215.866231,2.27,VP,"Apr,2022",42,0.015981414,20,11.086534,17.763651,80,240,3458.300954,7.332722273,4.99,1,22.46753247,21.19513678,11.30690162,18.11674009,17093.23691,45.4,822.5,45783,52,310,930,4,3720,2958.52205,27698.32789,Sep,2021,23.5,16,22.5,23,92,87,2.8,36.6,192.8,12
12,6.39,17,12,Sep,135.246722,3564.351219,6.39,SD,"Nov,2022",35,0.044987328,34,3.963983,5.135878,160,400,1857.529201,22.75312856,22.75312856,1,19.72258065,24.73989455,4.04277517,5.23796373,27605.28836,217.26,1138,45783,183,250,667.5,4,2670,1690.584029,44554.39024,Sep,2021,23.5,16,22.5,23,92,87,2.8,36.6,192.8,12
1-Dec,4.25,7,1-Dec,Sep,236.681764,4148.648231,4.25,VP,"Oct,2023",24,0.029921149,25,13.554114,16.154196,320,560,4692.427294,12.60977257,4.56,3,24.52765957,27.20936875,13.82352941,16.47529412,46701.70791,106.25,1750.5,45931,30,310,1156.3,4,4625.2,2958.52205,51858.10288,Sep,2021,23.5,16,22.5,23,92,87,2.8,36.6,192.8,12
1A/1,4,21,1A/1,Sep,190.190703,3137.633116,4,VP,"Jul,2022",38,0.028161081,22,7.680664,9.236853,160,320,2485.158522,13.60544218,6.08,3,18.40425532,25.09167672,7.833333333,9.420454545,20395.59576,88,829,45931,23,200 Kgs.,180,250,310,2483.045292,40963.54345,Sep,2021,23.5,16,22.5,23,92,87,2.8,36.6,192.8,12
1A/2,4.09,23,1A/2,Sep,186.914938,3152.972655,4.09,VP,"Apr,2022",40,0.028794706,22,6.233073,9.093531,80,320,2039.266985,16.58031088,5.03,3,17.88461538,23.10245656,6.356968215,9.274283174,18903.25901,89.98,834.5,45931,30,250,1000,3,3000,1880.206381,31716.24141,Sep,2021,23.5,16,22.5,23,92,87,2.8,36.6,192.8,12
1B/1,2.31,23,1B/1,Sep,180.987632,1724.30371,2.31,VP,"May,2022",40,0.016263025,19,10.399352,8.8132,80,240,1815.264601,13.96973225,4.53,2,23.18367347,25.49809886,10.60606061,8.988380041,9862.953597,43.89,394.5,,80,250,1022.5,3,3067.5,1965.029488,18721.21092,Sep,2021,23.5,16,22.5,23,92,87,2.8,36.6,192.8,12
2,5.24,36,2,Sep,152.152563,3288.239505,5.24,VP,"Jan,2025",2,0.0369,11,0,4.422843,0,80,652.988081,12.94498382,4.39,0,0,21.56923077,0,4.510756419,5498.702035,58,260,45945,16,250,1625,4,6500,1932.153645,41756.66738,Sep,2021,23.5,16,22.5,23,92,87,2.8,36.6,192.8,12
2A,6.5,31,2A,Sep,152.152563,4078.92305,6.5,VP,"Jan 2025,",2,0.0458,16,0,4.883696,0,80,972.085816,8.695652174,4.66,0,0,20.91505792,0,4.980769231,10622.84912,104,518,45934,27,250,577.5,3,1732.5,1885.651417,50550.75575,Sep,2021,23.5,16,22.5,23,92,87,2.8,36.6,192.8,12
3,5,37,3,Sep,0,0,5,VP,"Aug, 2024",15,0.035201352,21,6.92894,7.437871,160,240,1590.205602,15.94684385,5.42,2,24.03773585,24.3992467,7.066666667,7.585714286,19055.23812,105,796.5,45799,162,250,1310,4,5240,1581.541359,32613.95311,Sep,2021,23.5,16,22.5,23,92,87,2.8,36.6,192.8,12
4,8.09,17,4,Sep,185.964243,6204.843799,8.09,VP,"Nov,2022",35,0.056955787,16,6.969017,10.358837,160,240,2013.908224,12.59181532,4.75,1,20.74782609,26.17769653,7.107540173,10.56474042,35100.30946,129.44,1367.5,45840,121,310,1550,4,6200,2298.431531,76688.98273,Sep,2021,23.5,16,22.5,23,92,87,2.8,36.6,192.8,12
5A/1,5.7,31,5A/1,Sep,206.132614,4845.900034,5.7,VP,"Sep,2021",49,0.040129541,20,4.816542,8.192422,0,80,1929.379023,4.381161008,4.381161008,1,22.82142857,23.89186352,4.912280702,8.355263158,22313.474,114,952.5,45783,44,310,2507.9,3,7523.7,2150.304247,50550.75575,Sep,2021,23.5,16,22.5,23,92,87,2.8,36.6,192.8,12
5A/2,7.62,29,5A/2,Sep,177.511323,5578.711679,7.62,VP,"Nov,2021",47,0.05364686,19,3.834542,7.92034,0,80,1707.489869,4.95049505,5,0,18.43624161,24.38905515,3.910761155,8.077773173,27967.09667,144.78,1169.5,45783,81,310,1767,4,7068,2165.644796,68060.49167,Sep,2021,23.5,16,22.5,23,92,87,2.8,36.6,192.8,12
5B/1,4.18,30,5B/1,Sep,185.964243,3205.963792,4.18,VP,"May,2024",17,0.02942833,34,4.222293,5.284766,240,400,2075.191895,20.36659878,5.35,1,28.82407407,28.95953003,4.306220096,5.389811427,21750.66106,142.12,766,45765,196,310,2362.2,4,9448.8,2413.025589,41599.78572,Sep,2021,23.5,16,22.5,23,92,87,2.8,36.6,192.8,12
6A/1,2,12,6A/1,Sep,185.964243,1533.953968,2,VP,"Apr,2023",30,0.014080541,33,4.575715,6.804148,160,400,2702.821216,15.63721658,3.97,2,26.64285714,29.48689956,4.666666667,6.939393939,13241.79226,66,458,45818,143,310,1116,4,4464,2509.460667,20699.66292,Sep,2021,23.5,16,22.5,23,92,87,2.8,36.6,192.8,12
6A/2,2,36,6A/2,Sep,253.587604,2091.75541,2,VP,"Feb,2025",8,0.0141,26,5.719644,6.345033,160,240,1788.849225,14.1760189,4.85,3,21.84285714,20.23774146,5.833333333,6.471153846,6677.275474,52,336.5,45911,50,310,923.8,4,3695.2,3627.359356,29920.81802,Sep,2021,23.5,16,22.5,23,92,87,2.8,36.6,192.8,12
6A/2/1,2,42,6A/2/1,Sep,135.246722,1115.602886,2,VP,"May,2024",17,0.014080541,28,6.455026,9.700049,240,480,2613.008939,19.40962394,4.3,3,25.21518987,23.84115523,6.583333333,9.892857143,12950.58069,56,554,45779,182,310,620,4,2480,1469.75149,12123.46573,Sep,2021,23.5,16,22.5,23,92,87,2.8,36.6,192.8,12
6B/2/3,3,30,6B/2/3,Sep,270.493445,3346.808657,3,VP,"Oct,2021",48,0.021120811,33,7.778715,10.330023,160,400,3123.353993,13.53179973,4.03,2,22.09243697,22.56088207,7.933333333,10.53535354,23072.38901,99,1043,45783,249,310,1295.8,4,5183.2,3381.168057,41835.10821,Sep,2021,23.5,16,22.5,23,92,87,2.8,36.6,192.8,12
6B/4,3,17,6B/4,Sep,240.908224,2980.75146,3,VP,"Feb,2025",8,0.0227,23,2.934448,2.877255,140,300,1260.541716,25.14668902,4.96,1,29.36206897,22.25229358,2.992776058,2.93444609,4756.455701,74,218,45905,56,310,930,4,3720,3011.352801,37259.39325,Sep,2021,23.5,16,22.5,23,92,87,2.8,36.6,192.8,12
7,3,12,7,Sep,185.964243,2300.930951,3,VP,"Apr,2023",30,0.021120811,35,4.521242,5.434829,160,480,2717.613826,18.66251944,4.52,1,28.19277108,34.57216495,4.611111111,5.542857143,19728.84873,105,582,45783,178,310,620,4,2480,2359.421335,29193.06145,Sep,2021,23.5,16,22.5,23,92,87,2.8,36.6,192.8,12
1-Jul,3.73,7,1-Jul,Sep,118.340882,1820.524459,3.73,VP,"Sep,2023",23,0.026260208,35,4.030695,6.5117,160,400,2694.368296,15.68627451,4.38,2,29.64130435,28.727797,4.110813226,6.641133665,24421.57125,130.55,867,45788,173,250,567.5,3,1702.5,1501.073185,23092.10817,Sep,2021,23.5,16,22.5,23,92,87,2.8,36.6,192.8,12
7A,1.54,43,7A,Sep,50.717521,322.130333,1.54,SD,"Oct,2024",12,0.010842016,35,4.838882,4.3841,160,160,1148.540524,14.71941122,14.71941122,3,25.68421053,24.54356846,4.935064935,4.471243043,5799.718712,53.9,241,45783,301,250,600,4,2400,520.170201,3303.840514,Sep,2021,23.5,16,22.5,23,92,87,2.8,36.6,192.8,12
1-Aug,6,12,1-Aug,Sep,206.920441,5120.442932,6,VP,"Apr,2023",30,0.042241622,23,8.252629,10.369963,160,240,2645.764005,9.584664537,4.35,2,21.90594059,27.37923947,8.416666667,10.57608696,39181.19353,138,1459.5,45947,14,310,620,4,2480,2151.092074,53230.81737,Sep,2021,23.5,16,22.5,23,92,87,2.8,36.6,192.8,12
2-Aug,6.55,6,2-Aug,Sep,169.058403,4566.999313,6.55,VP,"Oct,2023",24,0.046113771,18,6.786229,8.948508,160,240,1901.907032,13.33333333,5.11,2,23.34558824,28.94423792,6.921119593,9.126378287,30537.0143,117.9,1076,45884,77,310,1860,4,7440,2113.230036,57087.49141,Sep,2021,23.5,16,22.5,23,92,87,2.8,36.6,192.8,12
9,6.45,18,9,Sep,92.982122,2473.500773,6.45,SD,"Oct,2022",36,0.045409744,22,6.346714,7.659589,160,160,1924.095948,8.786381109,8.786381109,1,20.30538922,23.18899414,6.472868217,7.811839323,25204.01851,141.9,1108.5,45783,55,250,385,4,1540,1162.27652,30918.75966,Sep,2021,23.5,16,22.5,23,92,87,2.8,36.6,192.8,12
9A,2,18,9A,Sep,169.058403,1394.503607,2,SD,Nov.2022,36,0.014080541,21,9.314848,11.392596,80,240,2347.79857,10.80108011,10.80108011,2,19.76315789,23.40163934,9.5,11.61904762,11197.42818,42,488,45783,23,180,1161,3,3483,2113.230036,17431.29509,Sep,2021,23.5,16,22.5,23,92,87,2.8,36.6,192.8,12
9A/2,2.4,23,9A/2,Sep,12.67938,125.505325,2.4,VP,Rev 2022,41,0.016896649,4,0,8.17092,40,40,72.906436,57.97101449,4.82,0,0,0,0,0,222.575849,9.6,80,45783,53,180,225,4,900,158.492253,1568.816558,Sep,2021,23.5,16,22.5,23,92,87,2.8,36.6,192.8,12
10,2.67,35,10,Oct,224.530691,2472.520262,2.67,SD,Feb.2025,8,0.018797522,17,4.728116,5.054845,140,220,1631.413588,14.24870466,14.24870466,3,25.04854369,22.5042735,4.822097378,5.155320555,5163.367496,45.39,234,45783,178,180,360,3,1080,2641.537545,29088.47368,Oct,2021,23.9,15.7,22.4,22.9,90,88,3.6,31.3,382.1,19
10/2A,3.6,37,10/2A,Oct,0,0,3.6,VP,"June.,2024",17,0.025344973,23,6.990676,8.461046,160,320,1859.642431,18.18181818,5.72,2,30.42857143,24.89293212,7.12962963,8.629227053,17439.35706,82.8,714.5,45939,22,250,750,3,2250,1029.847437,15290.73205,Oct,2021,23.9,15.7,22.4,22.9,90,88,3.6,31.3,382.1,19
3-Oct,2,12,3-Oct,Oct,179.624553,1481.660082,2,VP,"Apr,2023",30,0.014080541,27,8.824593,9.314848,160,400,2617.235399,16.14856681,4.4,3,24.55555556,27.34697856,9,9.5,13755.57968,54,513,45824,137,310,1317.5,4,5270,2113.230036,17431.29509,Oct,2021,23.9,15.7,22.4,22.9,90,88,3.6,31.3,382.1,19
4-Oct,1.25,48,4-Oct,Oct,125.737187,648.226286,1.25,VP,"June,2024",17,0.008800338,21,10.197308,9.15143,160,320,1976.926698,17.10315339,4.39,3,17.35897436,25.12244898,10.4,9.333333333,6035.041196,26.25,245,45918,43,250,500,4,2000,1187.846603,6123.831855,Oct,2021,23.9,15.7,22.4,22.9,90,88,3.6,31.3,382.1,19
11,6.48,31,11,Oct,197.587008,5280.636534,6.48,VP,Oct.2024,14,0.045620952,35,4.640275,5.840694,160,240,1228.843266,20.63628547,5.11,1,21.06521739,21.63508512,4.732510288,5.956790123,28659.33698,226.8,1351,45788,173,310,2030.5,4,8122,2324.553039,62125.13569,Oct,2021,23.9,15.7,22.4,22.9,90,88,3.6,31.3,382.1,19
1-Nov,2.98,6,1-Nov,Oct,179.624553,2207.673523,2.98,VP,"Oct,2023",23,0.020980006,22,10.419293,15.70372,160,320,3170.901669,10.6631123,5.46,2,21.06315789,23.67047619,10.62639821,16.01586333,24369.60421,65.56,1050,45903,58,310,2008.8,4,8035.2,2325.971315,28587.32394,Oct,2021,23.9,15.7,22.4,22.9,90,88,3.6,31.3,382.1,19
11/1A,2.27,24,11/1A,Oct,251.474374,2354.357871,2.27,VP,"Apr,2022",42,0.015981414,20,11.086534,17.763651,80,240,3458.300954,7.332722273,4.99,1,22.46753247,21.19513678,11.30690162,18.11674009,17093.23691,45.4,822.5,45783,52,310,930,4,3720,2958.52205,27698.32789,Oct,2021,23.9,15.7,22.4,22.9,90,88,3.6,31.3,382.1,19
12,6.39,17,12,Oct,143.699642,3787.123171,6.39,SD,"Nov,2022",35,0.044987328,34,3.963983,5.135878,160,400,1857.529201,22.75312856,22.75312856,1,19.72258065,24.73989455,4.04277517,5.23796373,27605.28836,217.26,1138,45783,183,250,667.5,4,2670,1690.584029,44554.39024,Oct,2021,23.9,15.7,22.4,22.9,90,88,3.6,31.3,382.1,19
1-Dec,4.25,7,1-Dec,Oct,251.474374,4407.938745,4.25,VP,"Oct,2023",24,0.029921149,25,13.554114,16.154196,320,560,4692.427294,12.60977257,4.56,3,24.52765957,27.20936875,13.82352941,16.47529412,46701.70791,106.25,1750.5,45931,30,310,1156.3,4,4625.2,2958.52205,51858.10288,Oct,2021,23.9,15.7,22.4,22.9,90,88,3.6,31.3,382.1,19
1A/1,4,21,1A/1,Oct,254.908373,4205.29994,4,VP,"Jul,2022",38,0.028161081,22,7.680664,9.236853,160,320,2485.158522,13.60544218,6.08,3,18.40425532,25.09167672,7.833333333,9.420454545,20395.59576,88,829,45931,23,200 Kgs.,180,250,310,2483.045292,40963.54345,Oct,2021,23.9,15.7,22.4,22.9,90,88,3.6,31.3,382.1,19
1A/2,4.09,23,1A/2,Oct,195.367858,3295.560649,4.09,VP,"Apr,2022",40,0.028794706,22,6.233073,9.093531,80,320,2039.266985,16.58031088,5.03,3,17.88461538,23.10245656,6.356968215,9.274283174,18903.25901,89.98,834.5,45931,30,250,1000,3,3000,1880.206381,31716.24141,Oct,2021,23.9,15.7,22.4,22.9,90,88,3.6,31.3,382.1,19
1B/1,2.31,23,1B/1,Oct,280.922372,2676.401048,2.31,VP,"May,2022",40,0.016263025,19,10.399352,8.8132,80,240,1815.264601,13.96973225,4.53,2,23.18367347,25.49809886,10.60606061,8.988380041,9862.953597,43.89,394.5,,80,250,1022.5,3,3067.5,1965.029488,18721.21092,Oct,2021,23.9,15.7,22.4,22.9,90,88,3.6,31.3,382.1,19
2,5.24,36,2,Oct,161.662098,3493.754474,5.24,VP,"Jan,2025",2,0.0369,11,0,4.422843,0,80,652.988081,12.94498382,4.39,0,0,21.56923077,0,4.510756419,5498.702035,58,260,45945,16,250,1625,4,6500,1932.153645,41756.66738,Oct,2021,23.9,15.7,22.4,22.9,90,88,3.6,31.3,382.1,19
2A,6.5,31,2A,Oct,161.662098,4333.855741,6.5,VP,"Jan 2025,",2,0.0458,16,0,4.883696,0,80,972.085816,8.695652174,4.66,0,0,20.91505792,0,4.980769231,10622.84912,104,518,45934,27,250,577.5,3,1732.5,1885.651417,50550.75575,Oct,2021,23.9,15.7,22.4,22.9,90,88,3.6,31.3,382.1,19
3,5,37,3,Oct,0,0,5,VP,"Aug, 2024",15,0.035201352,21,6.92894,7.437871,160,240,1590.205602,15.94684385,5.42,2,24.03773585,24.3992467,7.066666667,7.585714286,19055.23812,105,796.5,45799,162,250,1310,4,5240,1581.541359,32613.95311,Oct,2021,23.9,15.7,22.4,22.9,90,88,3.6,31.3,382.1,19
4,8.09,17,4,Oct,197.587008,6592.646536,8.09,VP,"Nov,2022",35,0.056955787,16,6.969017,10.358837,160,240,2013.908224,12.59181532,4.75,1,20.74782609,26.17769653,7.107540173,10.56474042,35100.30946,129.44,1367.5,45840,121,310,1550,4,6200,2298.431531,76688.98273,Oct,2021,23.9,15.7,22.4,22.9,90,88,3.6,31.3,382.1,19
5A/1,5.7,31,5A/1,Oct,179.624553,4222.731235,5.7,VP,"Sep,2021",49,0.040129541,20,4.816542,8.192422,0,80,1929.379023,4.381161008,4.381161008,1,22.82142857,23.89186352,4.912280702,8.355263158,22313.474,114,952.5,45783,44,310,2507.9,3,7523.7,2150.304247,50550.75575,Oct,2021,23.9,15.7,22.4,22.9,90,88,3.6,31.3,382.1,19
5A/2,7.62,29,5A/2,Oct,188.605781,5927.381159,7.62,VP,"Nov,2021",47,0.05364686,19,3.834542,7.92034,0,80,1707.489869,4.95049505,5,0,18.43624161,24.38905515,3.910761155,8.077773173,27967.09667,144.78,1169.5,45783,81,310,1767,4,7068,2165.644796,68060.49167,Oct,2021,23.9,15.7,22.4,22.9,90,88,3.6,31.3,382.1,19
5B/1,4.18,30,5B/1,Oct,248.142751,4277.901284,4.18,VP,"May,2024",17,0.02942833,34,4.222293,5.284766,240,400,2075.191895,20.36659878,5.35,1,28.82407407,28.95953003,4.306220096,5.389811427,21750.66106,142.12,766,45765,196,310,2362.2,4,9448.8,2413.025589,41599.78572,Oct,2021,23.9,15.7,22.4,22.9,90,88,3.6,31.3,382.1,19
6A/1,2,12,6A/1,Oct,329.663886,2719.282033,2,VP,"Apr,2023",30,0.014080541,33,4.575715,6.804148,160,400,2702.821216,15.63721658,3.97,2,26.64285714,29.48689956,4.666666667,6.939393939,13241.79226,66,458,45818,143,310,1116,4,4464,2509.460667,20699.66292,Oct,2021,23.9,15.7,22.4,22.9,90,88,3.6,31.3,382.1,19
6A/2,2,36,6A/2,Oct,269.43683,2222.490124,2,VP,"Feb,2025",8,0.0141,26,5.719644,6.345033,160,240,1788.849225,14.1760189,4.85,3,21.84285714,20.23774146,5.833333333,6.471153846,6677.275474,52,336.5,45911,50,310,923.8,4,3695.2,3627.359356,29920.81802,Oct,2021,23.9,15.7,22.4,22.9,90,88,3.6,31.3,382.1,19
6A/2/1,2,42,6A/2/1,Oct,143.699642,1185.328066,2,VP,"May,2024",17,0.014080541,28,6.455026,9.700049,240,480,2613.008939,19.40962394,4.3,3,25.21518987,23.84115523,6.583333333,9.892857143,12950.58069,56,554,45779,182,310,620,4,2480,1469.75149,12123.46573,Oct,2021,23.9,15.7,22.4,22.9,90,88,3.6,31.3,382.1,19
6B/2/3,3,30,6B/2/3,Oct,287.399285,3555.984198,3,VP,"Oct,2021",48,0.021120811,33,7.778715,10.330023,160,400,3123.353993,13.53179973,4.03,2,22.09243697,22.56088207,7.933333333,10.53535354,23072.38901,99,1043,45783,249,310,1295.8,4,5183.2,3381.168057,41835.10821,Oct,2021,23.9,15.7,22.4,22.9,90,88,3.6,31.3,382.1,19
6B/4,3,17,6B/4,Oct,255.964988,3167.048426,3,VP,"Feb,2025",8,0.0227,23,2.934448,2.877255,140,300,1260.541716,25.14668902,4.96,1,29.36206897,22.25229358,2.992776058,2.93444609,4756.455701,74,218,45905,56,310,930,4,3720,3011.352801,37259.39325,Oct,2021,23.9,15.7,22.4,22.9,90,88,3.6,31.3,382.1,19
7,3,12,7,Oct,197.587008,2444.739136,3,VP,"Apr,2023",30,0.021120811,35,4.521242,5.434829,160,480,2717.613826,18.66251944,4.52,1,28.19277108,34.57216495,4.611111111,5.542857143,19728.84873,105,582,45783,178,310,620,4,2480,2359.421335,29193.06145,Oct,2021,23.9,15.7,22.4,22.9,90,88,3.6,31.3,382.1,19
1-Jul,3.73,7,1-Jul,Oct,147.549347,2269.859668,3.73,VP,"Sep,2023",23,0.026260208,35,4.030695,6.5117,160,400,2694.368296,15.68627451,4.38,2,29.64130435,28.727797,4.110813226,6.641133665,24421.57125,130.55,867,45788,173,250,567.5,3,1702.5,1501.073185,23092.10817,Oct,2021,23.9,15.7,22.4,22.9,90,88,3.6,31.3,382.1,19
7A,1.54,43,7A,Oct,53.887366,342.263479,1.54,SD,"Oct,2024",12,0.010842016,35,4.838882,4.3841,160,160,1148.540524,14.71941122,14.71941122,3,25.68421053,24.54356846,4.935064935,4.471243043,5799.718712,53.9,241,45783,301,250,600,4,2400,520.170201,3303.840514,Oct,2021,23.9,15.7,22.4,22.9,90,88,3.6,31.3,382.1,19
1-Aug,6,12,1-Aug,Oct,179.624553,4444.980247,6,VP,"Apr,2023",30,0.042241622,23,8.252629,10.369963,160,240,2645.764005,9.584664537,4.35,2,21.90594059,27.37923947,8.416666667,10.57608696,39181.19353,138,1459.5,45947,14,310,620,4,2480,2151.092074,53230.81737,Oct,2021,23.9,15.7,22.4,22.9,90,88,3.6,31.3,382.1,19
2-Aug,6.55,6,2-Aug,Oct,179.624553,4852.43677,6.55,VP,"Oct,2023",24,0.046113771,18,6.786229,8.948508,160,240,1901.907032,13.33333333,5.11,2,23.34558824,28.94423792,6.921119593,9.126378287,30537.0143,117.9,1076,45884,77,310,1860,4,7440,2113.230036,57087.49141,Oct,2021,23.9,15.7,22.4,22.9,90,88,3.6,31.3,382.1,19
9,6.45,18,9,Oct,98.793504,2628.094571,6.45,SD,"Oct,2022",36,0.045409744,22,6.346714,7.659589,160,160,1924.095948,8.786381109,8.786381109,1,20.30538922,23.18899414,6.472868217,7.811839323,25204.01851,141.9,1108.5,45783,55,250,385,4,1540,1162.27652,30918.75966,Oct,2021,23.9,15.7,22.4,22.9,90,88,3.6,31.3,382.1,19
9A,2,18,9A,Oct,179.624553,1481.660082,2,SD,Nov.2022,36,0.014080541,21,9.314848,11.392596,80,240,2347.79857,10.80108011,10.80108011,2,19.76315789,23.40163934,9.5,11.61904762,11197.42818,42,488,45783,23,180,1161,3,3483,2113.230036,17431.29509,Oct,2021,23.9,15.7,22.4,22.9,90,88,3.6,31.3,382.1,19
9A/2,2.4,23,9A/2,Oct,13.471841,133.349407,2.4,VP,Rev 2022,41,0.016896649,4,0,8.17092,40,40,72.906436,57.97101449,4.82,0,0,0,0,0,222.575849,9.6,80,45783,53,180,225,4,900,158.492253,1568.816558,Oct,2021,23.9,15.7,22.4,22.9,90,88,3.6,31.3,382.1,19
10,2.67,35,10,Nov,250.946067,2763.404999,2.67,SD,Feb.2025,8,0.018797522,17,4.728116,5.054845,140,220,1631.413588,14.24870466,14.24870466,3,25.04854369,22.5042735,4.822097378,5.155320555,5163.367496,45.39,234,45783,178,180,360,3,1080,2641.537545,29088.47368,Nov,2021,22.9,15.1,22,22.5,90,80,2.7,38.1,303.9,21
10/2A,3.6,37,10/2A,Nov,0,0,3.6,VP,"June.,2024",17,0.025344973,23,6.990676,8.461046,160,320,1859.642431,18.18181818,5.72,2,30.42857143,24.89293212,7.12962963,8.629227053,17439.35706,82.8,714.5,45939,22,250,750,3,2250,1029.847437,15290.73205,Nov,2021,22.9,15.1,22,22.5,90,80,2.7,38.1,303.9,21
3-Oct,2,12,3-Oct,Nov,200.756853,1655.973033,2,VP,"Apr,2023",30,0.014080541,27,8.824593,9.314848,160,400,2617.235399,16.14856681,4.4,3,24.55555556,27.34697856,9,9.5,13755.57968,54,513,45824,137,310,1317.5,4,5270,2113.230036,17431.29509,Nov,2021,22.9,15.1,22,22.5,90,80,2.7,38.1,303.9,21
4-Oct,1.25,48,4-Oct,Nov,140.529797,724.488202,1.25,VP,"June,2024",17,0.008800338,21,10.197308,9.15143,160,320,1976.926698,17.10315339,4.39,3,17.35897436,25.12244898,10.4,9.333333333,6035.041196,26.25,245,45918,43,250,500,4,2000,1187.846603,6123.831855,Nov,2021,22.9,15.1,22,22.5,90,80,2.7,38.1,303.9,21
11,6.48,31,11,Nov,220.832539,5901.88789,6.48,VP,Oct.2024,14,0.045620952,35,4.640275,5.840694,160,240,1228.843266,20.63628547,5.11,1,21.06521739,21.63508512,4.732510288,5.956790123,28659.33698,226.8,1351,45788,173,310,2030.5,4,8122,2324.553039,62125.13569,Nov,2021,22.9,15.1,22,22.5,90,80,2.7,38.1,303.9,21
1-Nov,2.98,6,1-Nov,Nov,236.213733,2903.182197,2.98,VP,"Oct,2023",23,0.020980006,22,10.419293,15.70372,160,320,3170.901669,10.6631123,5.46,2,21.06315789,23.67047619,10.62639821,16.01586333,24369.60421,65.56,1050,45903,58,310,2008.8,4,8035.2,2325.971315,28587.32394,Nov,2021,22.9,15.1,22,22.5,90,80,2.7,38.1,303.9,21
11/1A,2.27,24,11/1A,Nov,281.059595,2631.34115,2.27,VP,"Apr,2022",42,0.015981414,20,11.086534,17.763651,80,240,3458.300954,7.332722273,4.99,1,22.46753247,21.19513678,11.30690162,18.11674009,17093.23691,45.4,822.5,45783,52,310,930,4,3720,2958.52205,27698.32789,Nov,2021,22.9,15.1,22,22.5,90,80,2.7,38.1,303.9,21
12,6.39,17,12,Nov,160.605483,4232.667073,6.39,SD,"Nov,2022",35,0.044987328,34,3.963983,5.135878,160,400,1857.529201,22.75312856,22.75312856,1,19.72258065,24.73989455,4.04277517,5.23796373,27605.28836,217.26,1138,45783,183,250,667.5,4,2670,1690.584029,44554.39024,Nov,2021,22.9,15.1,22,22.5,90,80,2.7,38.1,303.9,21
1-Dec,4.25,7,1-Dec,Nov,281.059595,4926.519774,4.25,VP,"Oct,2023",24,0.029921149,25,13.554114,16.154196,320,560,4692.427294,12.60977257,4.56,3,24.52765957,27.20936875,13.82352941,16.47529412,46701.70791,106.25,1750.5,45931,30,310,1156.3,4,4625.2,2958.52205,51858.10288,Nov,2021,22.9,15.1,22,22.5,90,80,2.7,38.1,303.9,21
1A/1,4,21,1A/1,Nov,278.682211,4597.504079,4,VP,"Jul,2022",38,0.028161081,22,7.680664,9.236853,160,320,2485.158522,13.60544218,6.08,3,18.40425532,25.09167672,7.833333333,9.420454545,20395.59576,88,829,45931,23,200 Kgs.,180,250,310,2483.045292,40963.54345,Nov,2021,22.9,15.1,22,22.5,90,80,2.7,38.1,303.9,21
1A/2,4.09,23,1A/2,Nov,246.891403,4164.685022,4.09,VP,"Apr,2022",40,0.028794706,22,6.233073,9.093531,80,320,2039.266985,16.58031088,5.03,3,17.88461538,23.10245656,6.356968215,9.274283174,18903.25901,89.98,834.5,45931,30,250,1000,3,3000,1880.206381,31716.24141,Nov,2021,22.9,15.1,22,22.5,90,80,2.7,38.1,303.9,21
1B/1,2.31,23,1B/1,Nov,252.087302,2401.683837,2.31,VP,"May,2022",40,0.016263025,19,10.399352,8.8132,80,240,1815.264601,13.96973225,4.53,2,23.18367347,25.49809886,10.60606061,8.988380041,9862.953597,43.89,394.5,,80,250,1022.5,3,3067.5,1965.029488,18721.21092,Nov,2021,22.9,15.1,22,22.5,90,80,2.7,38.1,303.9,21
2,5.24,36,2,Nov,210.927781,4558.457978,5.24,VP,"Jan,2025",2,0.0369,11,0,4.422843,0,80,652.988081,12.94498382,4.39,0,0,21.56923077,0,4.510756419,5498.702035,58,260,45945,16,250,1625,4,6500,1932.153645,41756.66738,Nov,2021,22.9,15.1,22,22.5,90,80,2.7,38.1,303.9,21
2A,6.5,31,2A,Nov,180.681168,4843.721122,6.5,VP,"Jan 2025,",2,0.0458,16,0,4.883696,0,80,972.085816,8.695652174,4.66,0,0,20.91505792,0,4.980769231,10622.84912,104,518,45934,27,250,577.5,3,1732.5,1885.651417,50550.75575,Nov,2021,22.9,15.1,22,22.5,90,80,2.7,38.1,303.9,21
3,5,37,3,Nov,0,0,5,VP,"Aug, 2024",15,0.035201352,21,6.92894,7.437871,160,240,1590.205602,15.94684385,5.42,2,24.03773585,24.3992467,7.066666667,7.585714286,19055.23812,105,796.5,45799,162,250,1310,4,5240,1581.541359,32613.95311,Nov,2021,22.9,15.1,22,22.5,90,80,2.7,38.1,303.9,21
4,8.09,17,4,Nov,220.832539,7368.252011,8.09,VP,"Nov,2022",35,0.056955787,16,6.969017,10.358837,160,240,2013.908224,12.59181532,4.75,1,20.74782609,26.17769653,7.107540173,10.56474042,35100.30946,129.44,1367.5,45840,121,310,1550,4,6200,2298.431531,76688.98273,Nov,2021,22.9,15.1,22,22.5,90,80,2.7,38.1,303.9,21
5A/1,5.7,31,5A/1,Nov,200.756853,4719.523145,5.7,VP,"Sep,2021",49,0.040129541,20,4.816542,8.192422,0,80,1929.379023,4.381161008,4.381161008,1,22.82142857,23.89186352,4.912280702,8.355263158,22313.474,114,952.5,45783,44,310,2507.9,3,7523.7,2150.304247,50550.75575,Nov,2021,22.9,15.1,22,22.5,90,80,2.7,38.1,303.9,21
5A/2,7.62,29,5A/2,Nov,210.794696,6624.720119,7.62,VP,"Nov,2021",47,0.05364686,19,3.834542,7.92034,0,80,1707.489869,4.95049505,5,0,18.43624161,24.38905515,3.910761155,8.077773173,27967.09667,144.78,1169.5,45783,81,310,1767,4,7068,2165.644796,68060.49167,Nov,2021,22.9,15.1,22,22.5,90,80,2.7,38.1,303.9,21
5B/1,4.18,30,5B/1,Nov,258.749346,4460.755569,4.18,VP,"May,2024",17,0.02942833,34,4.222293,5.284766,240,400,2075.191895,20.36659878,5.35,1,28.82407407,28.95953003,4.306220096,5.389811427,21750.66106,142.12,766,45765,196,310,2362.2,4,9448.8,2413.025589,41599.78572,Nov,2021,22.9,15.1,22,22.5,90,80,2.7,38.1,303.9,21
6A/1,2,12,6A/1,Nov,273.66329,2257.352714,2,VP,"Apr,2023",30,0.014080541,33,4.575715,6.804148,160,400,2702.821216,15.63721658,3.97,2,26.64285714,29.48689956,4.666666667,6.939393939,13241.79226,66,458,45818,143,310,1116,4,4464,2509.460667,20699.66292,Nov,2021,22.9,15.1,22,22.5,90,80,2.7,38.1,303.9,21
6A/2,2,36,6A/2,Nov,353.966031,2919.741927,2,VP,"Feb,2025",8,0.0141,26,5.719644,6.345033,160,240,1788.849225,14.1760189,4.85,3,21.84285714,20.23774146,5.833333333,6.471153846,6677.275474,52,336.5,45911,50,310,923.8,4,3695.2,3627.359356,29920.81802,Nov,2021,22.9,15.1,22,22.5,90,80,2.7,38.1,303.9,21
6A/2/1,2,42,6A/2/1,Nov,266.266985,2196.343181,2,VP,"May,2024",17,0.014080541,28,6.455026,9.700049,240,480,2613.008939,19.40962394,4.3,3,25.21518987,23.84115523,6.583333333,9.892857143,12950.58069,56,554,45779,182,310,620,4,2480,1469.75149,12123.46573,Nov,2021,22.9,15.1,22,22.5,90,80,2.7,38.1,303.9,21
6B/2/3,3,30,6B/2/3,Nov,321.210965,3974.33528,3,VP,"Oct,2021",48,0.021120811,33,7.778715,10.330023,160,400,3123.353993,13.53179973,4.03,2,22.09243697,22.56088207,7.933333333,10.53535354,23072.38901,99,1043,45783,249,310,1295.8,4,5183.2,3381.168057,41835.10821,Nov,2021,22.9,15.1,22,22.5,90,80,2.7,38.1,303.9,21
6B/4,3,17,6B/4,Nov,286.078516,3539.642359,3,VP,"Feb,2025",8,0.0227,23,2.934448,2.877255,140,300,1260.541716,25.14668902,4.96,1,29.36206897,22.25229358,2.992776058,2.93444609,4756.455701,74,218,45905,56,310,930,4,3720,3011.352801,37259.39325,Nov,2021,22.9,15.1,22,22.5,90,80,2.7,38.1,303.9,21
7,3,12,7,Nov,220.832539,2732.355505,3,VP,"Apr,2023",30,0.021120811,35,4.521242,5.434829,160,480,2717.613826,18.66251944,4.52,1,28.19277108,34.57216495,4.611111111,5.542857143,19728.84873,105,582,45783,178,310,620,4,2480,2359.421335,29193.06145,Nov,2021,22.9,15.1,22,22.5,90,80,2.7,38.1,303.9,21
1-Jul,3.73,7,1-Jul,Nov,140.529797,2161.872795,3.73,VP,"Sep,2023",23,0.026260208,35,4.030695,6.5117,160,400,2694.368296,15.68627451,4.38,2,29.64130435,28.727797,4.110813226,6.641133665,24421.57125,130.55,867,45788,173,250,567.5,3,1702.5,1501.073185,23092.10817,Nov,2021,22.9,15.1,22,22.5,90,80,2.7,38.1,303.9,21
7A,1.54,43,7A,Nov,60.227056,382.529771,1.54,SD,"Oct,2024",12,0.010842016,35,4.838882,4.3841,160,160,1148.540524,14.71941122,14.71941122,3,25.68421053,24.54356846,4.935064935,4.471243043,5799.718712,53.9,241,45783,301,250,600,4,2400,520.170201,3303.840514,Nov,2021,22.9,15.1,22,22.5,90,80,2.7,38.1,303.9,21
1-Aug,6,12,1-Aug,Nov,200.756853,4967.9191,6,VP,"Apr,2023",30,0.042241622,23,8.252629,10.369963,160,240,2645.764005,9.584664537,4.35,2,21.90594059,27.37923947,8.416666667,10.57608696,39181.19353,138,1459.5,45947,14,310,620,4,2480,2151.092074,53230.81737,Nov,2021,22.9,15.1,22,22.5,90,80,2.7,38.1,303.9,21
2-Aug,6.55,6,2-Aug,Nov,200.756853,5423.311684,6.55,VP,"Oct,2023",24,0.046113771,18,6.786229,8.948508,160,240,1901.907032,13.33333333,5.11,2,23.34558824,28.94423792,6.921119593,9.126378287,30537.0143,117.9,1076,45884,77,310,1860,4,7440,2113.230036,57087.49141,Nov,2021,22.9,15.1,22,22.5,90,80,2.7,38.1,303.9,21
9,6.45,18,9,Nov,110.416269,2937.282168,6.45,SD,"Oct,2022",36,0.045409744,22,6.346714,7.659589,160,160,1924.095948,8.786381109,8.786381109,1,20.30538922,23.18899414,6.472868217,7.811839323,25204.01851,141.9,1108.5,45783,55,250,385,4,1540,1162.27652,30918.75966,Nov,2021,22.9,15.1,22,22.5,90,80,2.7,38.1,303.9,21
9A,2,18,9A,Nov,200.756853,1655.973033,2,SD,Nov.2022,36,0.014080541,21,9.314848,11.392596,80,240,2347.79857,10.80108011,10.80108011,2,19.76315789,23.40163934,9.5,11.61904762,11197.42818,42,488,45783,23,180,1161,3,3483,2113.230036,17431.29509,Nov,2021,22.9,15.1,22,22.5,90,80,2.7,38.1,303.9,21
9A/2,2.4,23,9A/2,Nov,15.056764,149.037573,2.4,VP,Rev 2022,41,0.016896649,4,0,8.17092,40,40,72.906436,57.97101449,4.82,0,0,0,0,0,222.575849,9.6,80,45783,53,180,225,4,900,158.492253,1568.816558,Nov,2021,22.9,15.1,22,22.5,90,80,2.7,38.1,303.9,21
10,2.67,35,10,Dec,264.153754,2908.847368,2.67,SD,Feb.2025,8,0.018797522,17,4.728116,5.054845,140,220,1631.413588,14.24870466,14.24870466,3,25.04854369,22.5042735,4.822097378,5.155320555,5163.367496,45.39,234,45783,178,180,360,3,1080,2641.537545,29088.47368,Dec,2021,25.6,13,22.4,23.7,78,73,6.1,64.4,49.1,6
10/2A,3.6,37,10/2A,Dec,126.793802,1882.579869,3.6,VP,"June.,2024",17,0.025344973,23,6.990676,8.461046,160,320,1859.642431,18.18181818,5.72,2,30.42857143,24.89293212,7.12962963,8.629227053,17439.35706,82.8,714.5,45939,22,250,750,3,2250,1029.847437,15290.73205,Dec,2021,25.6,13,22.4,23.7,78,73,6.1,64.4,49.1,6
3-Oct,2,12,3-Oct,Dec,211.323004,1743.129509,2,VP,"Apr,2023",30,0.014080541,27,8.824593,9.314848,160,400,2617.235399,16.14856681,4.4,3,24.55555556,27.34697856,9,9.5,13755.57968,54,513,45824,137,310,1317.5,4,5270,2113.230036,17431.29509,Dec,2021,25.6,13,22.4,23.7,78,73,6.1,64.4,49.1,6
4-Oct,1.25,48,4-Oct,Dec,147.926103,762.61916,1.25,VP,"June,2024",17,0.008800338,21,10.197308,9.15143,160,320,1976.926698,17.10315339,4.39,3,17.35897436,25.12244898,10.4,9.333333333,6035.041196,26.25,245,45918,43,250,500,4,2000,1187.846603,6123.831855,Dec,2021,25.6,13,22.4,23.7,78,73,6.1,64.4,49.1,6
11,6.48,31,11,Dec,232.455304,6212.513569,6.48,VP,Oct.2024,14,0.045620952,35,4.640275,5.840694,160,240,1228.843266,20.63628547,5.11,1,21.06521739,21.63508512,4.732510288,5.956790123,28659.33698,226.8,1351,45788,173,310,2030.5,4,8122,2324.553039,62125.13569,Dec,2021,25.6,13,22.4,23.7,78,73,6.1,64.4,49.1,6
1-Nov,2.98,6,1-Nov,Dec,211.323004,2597.262968,2.98,VP,"Oct,2023",23,0.020980006,22,10.419293,15.70372,160,320,3170.901669,10.6631123,5.46,2,21.06315789,23.67047619,10.62639821,16.01586333,24369.60421,65.56,1050,45903,58,310,2008.8,4,8035.2,2325.971315,28587.32394,Dec,2021,25.6,13,22.4,23.7,78,73,6.1,64.4,49.1,6
11/1A,2.27,24,11/1A,Dec,295.852205,2769.832789,2.27,VP,"Apr,2022",42,0.015981414,20,11.086534,17.763651,80,240,3458.300954,7.332722273,4.99,1,22.46753247,21.19513678,11.30690162,18.11674009,17093.23691,45.4,822.5,45783,52,310,930,4,3720,2958.52205,27698.32789,Dec,2021,25.6,13,22.4,23.7,78,73,6.1,64.4,49.1,6
12,6.39,17,12,Dec,169.058403,4455.439024,6.39,SD,"Nov,2022",35,0.044987328,34,3.963983,5.135878,160,400,1857.529201,22.75312856,22.75312856,1,19.72258065,24.73989455,4.04277517,5.23796373,27605.28836,217.26,1138,45783,183,250,667.5,4,2670,1690.584029,44554.39024,Dec,2021,25.6,13,22.4,23.7,78,73,6.1,64.4,49.1,6
1-Dec,4.25,7,1-Dec,Dec,295.852205,5185.810288,4.25,VP,"Oct,2023",24,0.029921149,25,13.554114,16.154196,320,560,4692.427294,12.60977257,4.56,3,24.52765957,27.20936875,13.82352941,16.47529412,46701.70791,106.25,1750.5,45931,30,310,1156.3,4,4625.2,2958.52205,51858.10288,Dec,2021,25.6,13,22.4,23.7,78,73,6.1,64.4,49.1,6
1A/1,4,21,1A/1,Dec,237.738379,3922.041394,4,VP,"Jul,2022",38,0.028161081,22,7.680664,9.236853,160,320,2485.158522,13.60544218,6.08,3,18.40425532,25.09167672,7.833333333,9.420454545,20395.59576,88,829,45931,23,200 Kgs.,180,250,310,2483.045292,40963.54345,Dec,2021,25.6,13,22.4,23.7,78,73,6.1,64.4,49.1,6
1A/2,4.09,23,1A/2,Dec,169.058403,2851.759876,4.09,VP,"Apr,2022",40,0.028794706,22,6.233073,9.093531,80,320,2039.266985,16.58031088,5.03,3,17.88461538,23.10245656,6.356968215,9.274283174,18903.25901,89.98,834.5,45931,30,250,1000,3,3000,1880.206381,31716.24141,Dec,2021,25.6,13,22.4,23.7,78,73,6.1,64.4,49.1,6
1B/1,2.31,23,1B/1,Dec,169.058403,1610.651666,2.31,VP,"May,2022",40,0.016263025,19,10.399352,8.8132,80,240,1815.264601,13.96973225,4.53,2,23.18367347,25.49809886,10.60606061,8.988380041,9862.953597,43.89,394.5,,80,250,1022.5,3,3067.5,1965.029488,18721.21092,Dec,2021,25.6,13,22.4,23.7,78,73,6.1,64.4,49.1,6
2,5.24,36,2,Dec,190.190703,4110.299381,5.24,VP,"Jan,2025",2,0.0369,11,0,4.422843,0,80,652.988081,12.94498382,4.39,0,0,21.56923077,0,4.510756419,5498.702035,58,260,45945,16,250,1625,4,6500,1932.153645,41756.66738,Dec,2021,25.6,13,22.4,23.7,78,73,6.1,64.4,49.1,6
2A,6.5,31,2A,Dec,190.190703,5098.653813,6.5,VP,"Jan 2025,",2,0.0458,16,0,4.883696,0,80,972.085816,8.695652174,4.66,0,0,20.91505792,0,4.980769231,10622.84912,104,518,45934,27,250,577.5,3,1732.5,1885.651417,50550.75575,Dec,2021,25.6,13,22.4,23.7,78,73,6.1,64.4,49.1,6
3,5,37,3,Dec,76.498927,1577.532205,5,VP,"Aug, 2024",15,0.035201352,21,6.92894,7.437871,160,240,1590.205602,15.94684385,5.42,2,24.03773585,24.3992467,7.066666667,7.585714286,19055.23812,105,796.5,45799,162,250,1310,4,5240,1581.541359,32613.95311,Dec,2021,25.6,13,22.4,23.7,78,73,6.1,64.4,49.1,6
4,8.09,17,4,Dec,232.455304,7756.054749,8.09,VP,"Nov,2022",35,0.056955787,16,6.969017,10.358837,160,240,2013.908224,12.59181532,4.75,1,20.74782609,26.17769653,7.107540173,10.56474042,35100.30946,129.44,1367.5,45840,121,310,1550,4,6200,2298.431531,76688.98273,Dec,2021,25.6,13,22.4,23.7,78,73,6.1,64.4,49.1,6
5A/1,5.7,31,5A/1,Dec,211.323004,4967.9191,5.7,VP,"Sep,2021",49,0.040129541,20,4.816542,8.192422,0,80,1929.379023,4.381161008,4.381161008,1,22.82142857,23.89186352,4.912280702,8.355263158,22313.474,114,952.5,45783,44,310,2507.9,3,7523.7,2150.304247,50550.75575,Dec,2021,25.6,13,22.4,23.7,78,73,6.1,64.4,49.1,6
5A/2,7.62,29,5A/2,Dec,221.889154,6973.389599,7.62,VP,"Nov,2021",47,0.05364686,19,3.834542,7.92034,0,80,1707.489869,4.95049505,5,0,18.43624161,24.38905515,3.910761155,8.077773173,27967.09667,144.78,1169.5,45783,81,310,1767,4,7068,2165.644796,68060.49167,Dec,2021,25.6,13,22.4,23.7,78,73,6.1,64.4,49.1,6
5B/1,4.18,30,5B/1,Dec,232.455304,4007.45474,4.18,VP,"May,2024",17,0.02942833,34,4.222293,5.284766,240,400,2075.191895,20.36659878,5.35,1,28.82407407,28.95953003,4.306220096,5.389811427,21750.66106,142.12,766,45765,196,310,2362.2,4,9448.8,2413.025589,41599.78572,Dec,2021,25.6,13,22.4,23.7,78,73,6.1,64.4,49.1,6
6A/1,2,12,6A/1,Dec,232.455304,1917.44246,2,VP,"Apr,2023",30,0.014080541,33,4.575715,6.804148,160,400,2702.821216,15.63721658,3.97,2,26.64285714,29.48689956,4.666666667,6.939393939,13241.79226,66,458,45818,143,310,1116,4,4464,2509.460667,20699.66292,Dec,2021,25.6,13,22.4,23.7,78,73,6.1,64.4,49.1,6
6A/2,2,36,6A/2,Dec,316.984505,2614.694263,2,VP,"Feb,2025",8,0.0141,26,5.719644,6.345033,160,240,1788.849225,14.1760189,4.85,3,21.84285714,20.23774146,5.833333333,6.471153846,6677.275474,52,336.5,45911,50,310,923.8,4,3695.2,3627.359356,29920.81802,Dec,2021,25.6,13,22.4,23.7,78,73,6.1,64.4,49.1,6
6A/2/1,2,42,6A/2/1,Dec,169.058403,1394.503607,2,VP,"May,2024",17,0.014080541,28,6.455026,9.700049,240,480,2613.008939,19.40962394,4.3,3,25.21518987,23.84115523,6.583333333,9.892857143,12950.58069,56,554,45779,182,310,620,4,2480,1469.75149,12123.46573,Dec,2021,25.6,13,22.4,23.7,78,73,6.1,64.4,49.1,6
6B/2/3,3,30,6B/2/3,Dec,338.116806,4183.510821,3,VP,"Oct,2021",48,0.021120811,33,7.778715,10.330023,160,400,3123.353993,13.53179973,4.03,2,22.09243697,22.56088207,7.933333333,10.53535354,23072.38901,99,1043,45783,249,310,1295.8,4,5183.2,3381.168057,41835.10821,Dec,2021,25.6,13,22.4,23.7,78,73,6.1,64.4,49.1,6
6B/4,3,17,6B/4,Dec,301.13528,3725.939325,3,VP,"Feb,2025",8,0.0227,23,2.934448,2.877255,140,300,1260.541716,25.14668902,4.96,1,29.36206897,22.25229358,2.992776058,2.93444609,4756.455701,74,218,45905,56,310,930,4,3720,3011.352801,37259.39325,Dec,2021,25.6,13,22.4,23.7,78,73,6.1,64.4,49.1,6
7,3,12,7,Dec,232.455304,2876.163689,3,VP,"Apr,2023",30,0.021120811,35,4.521242,5.434829,160,480,2717.613826,18.66251944,4.52,1,28.19277108,34.57216495,4.611111111,5.542857143,19728.84873,105,582,45783,178,310,620,4,2480,2359.421335,29193.06145,Dec,2021,25.6,13,22.4,23.7,78,73,6.1,64.4,49.1,6
1-Jul,3.73,7,1-Jul,Dec,147.926103,2275.655574,3.73,VP,"Sep,2023",23,0.026260208,35,4.030695,6.5117,160,400,2694.368296,15.68627451,4.38,2,29.64130435,28.727797,4.110813226,6.641133665,24421.57125,130.55,867,45788,173,250,567.5,3,1702.5,1501.073185,23092.10817,Dec,2021,25.6,13,22.4,23.7,78,73,6.1,64.4,49.1,6
7A,1.54,43,7A,Dec,63.396901,402.662916,1.54,SD,"Oct,2024",12,0.010842016,35,4.838882,4.3841,160,160,1148.540524,14.71941122,14.71941122,3,25.68421053,24.54356846,4.935064935,4.471243043,5799.718712,53.9,241,45783,301,250,600,4,2400,520.170201,3303.840514,Dec,2021,25.6,13,22.4,23.7,78,73,6.1,64.4,49.1,6
1-Aug,6,12,1-Aug,Dec,211.323004,5229.388526,6,VP,"Apr,2023",30,0.042241622,23,8.252629,10.369963,160,240,2645.764005,9.584664537,4.35,2,21.90594059,27.37923947,8.416666667,10.57608696,39181.19353,138,1459.5,45947,14,310,620,4,2480,2151.092074,53230.81737,Dec,2021,25.6,13,22.4,23.7,78,73,6.1,64.4,49.1,6
2-Aug,6.55,6,2-Aug,Dec,211.323004,5708.749141,6.55,VP,"Oct,2023",24,0.046113771,18,6.786229,8.948508,160,240,1901.907032,13.33333333,5.11,2,23.34558824,28.94423792,6.921119593,9.126378287,30537.0143,117.9,1076,45884,77,310,1860,4,7440,2113.230036,57087.49141,Dec,2021,25.6,13,22.4,23.7,78,73,6.1,64.4,49.1,6
9,6.45,18,9,Dec,116.227652,3091.875966,6.45,SD,"Oct,2022",36,0.045409744,22,6.346714,7.659589,160,160,1924.095948,8.786381109,8.786381109,1,20.30538922,23.18899414,6.472868217,7.811839323,25204.01851,141.9,1108.5,45783,55,250,385,4,1540,1162.27652,30918.75966,Dec,2021,25.6,13,22.4,23.7,78,73,6.1,64.4,49.1,6
9A,2,18,9A,Dec,211.323004,1743.129509,2,SD,Nov.2022,36,0.014080541,21,9.314848,11.392596,80,240,2347.79857,10.80108011,10.80108011,2,19.76315789,23.40163934,9.5,11.61904762,11197.42818,42,488,45783,23,180,1161,3,3483,2113.230036,17431.29509,Dec,2021,25.6,13,22.4,23.7,78,73,6.1,64.4,49.1,6
9A/2,2.4,23,9A/2,Dec,15.849225,156.881656,2.4,VP,Rev 2022,41,0.016896649,4,0,8.17092,40,40,72.906436,57.97101449,4.82,0,0,0,0,0,222.575849,9.6,80,45783,53,180,225,4,900,158.492253,1568.816558,Dec,2021,25.6,13,22.4,23.7,78,73,6.1,64.4,49.1,6
10,2.67,35,10,Jan,201.355781,2279.601066,2.67,SD,Feb.2025,8,0.018797522,17,4.359204,4.660439,140,220,1463.027414,14.24870466,14.24870466,3,25.04854369,22.5042735,4.822097378,5.155320555,4760.494071,45.39,234,45783,178,180,360,3,1080,2368.891538,26818.83608,Jan,2022,,12.05,,,84.5,75,5.25,59.9,81.6,7.5
10/2A,3.6,37,10/2A,Jan,96.650775,1475.337319,3.6,VP,"June.,2024",17,0.025344973,23,6.445226,7.800871,160,320,1667.699642,18.18181818,5.72,2,30.42857143,24.89293212,7.12962963,8.629227053,16078.64557,82.8,714.5,45939,22,250,750,3,2250,923.551847,14097.66772,Jan,2022,,12.05,,,84.5,75,5.25,59.9,81.6,7.5
3-Oct,2,12,3-Oct,Jan,161.084625,1366.053074,2,VP,"Apr,2023",30,0.014080541,27,8.136051,8.588054,160,400,2347.097735,16.14856681,4.4,3,24.55555556,27.34697856,9,9.5,12682.29611,54,513,45824,137,310,1317.5,4,5270,1895.11323,16071.21263,Jan,2022,,12.05,,,84.5,75,5.25,59.9,81.6,7.5
4-Oct,1.25,48,4-Oct,Jan,202.966627,1075.766795,1.25,VP,"June,2024",17,0.008800338,21,9.401659,8.437387,160,320,1772.878427,17.10315339,4.39,3,17.35897436,25.12244898,10.4,9.333333333,5564.155148,26.25,245,45918,43,250,500,4,2000,1065.243147,5646.017887,Jan,2022,,12.05,,,84.5,75,5.25,59.9,81.6,7.5
11,6.48,31,11,Jan,177.193087,4868.613154,6.48,VP,Oct.2024,14,0.045620952,35,4.278216,5.384972,160,240,1102.008343,20.63628547,5.11,1,21.06521739,21.63508512,4.732510288,5.956790123,26423.18291,226.8,1351,45788,173,310,2030.5,4,8122,2084.624553,57277.80181,Jan,2022,,12.05,,,84.5,75,5.25,59.9,81.6,7.5
1-Nov,2.98,6,1-Nov,Jan,161.084625,2035.41908,2.98,VP,"Oct,2023",23,0.020980006,22,9.606325,14.478432,160,320,2843.617402,10.6631123,5.46,2,21.06315789,23.67047619,10.62639821,16.01586333,22468.15793,65.56,1050,45903,58,310,2008.8,4,8035.2,2085.896441,26356.78871,Jan,2022,,12.05,,,84.5,75,5.25,59.9,81.6,7.5
11/1A,2.27,24,11/1A,Jan,225.518474,2170.658334,2.27,VP,"Apr,2022",42,0.015981414,20,10.221504,16.377636,80,240,3101.352801,7.332722273,4.99,1,22.46753247,21.19513678,11.30690162,18.11674009,15759.53155,45.4,822.5,45783,52,310,930,4,3720,2653.158522,25537.15687,Jan,2022,,12.05,,,84.5,75,5.25,59.9,81.6,7.5
12,6.39,17,12,Jan,128.8677,3491.631656,6.39,SD,"Nov,2022",35,0.044987328,34,3.654692,4.735149,160,400,1665.804529,22.75312856,22.75312856,1,19.72258065,24.73989455,4.04277517,5.23796373,25451.37677,217.26,1138,45783,183,250,667.5,4,2670,1516.090584,41078.01948,Jan,2022,,12.05,,,84.5,75,5.25,59.9,81.6,7.5
1-Dec,4.25,7,1-Dec,Jan,225.518474,4064.007894,4.25,VP,"Oct,2023",24,0.029921149,25,12.49655,14.89376,320,560,4208.098927,12.60977257,4.56,3,24.52765957,27.20936875,13.82352941,16.47529412,43057.79199,106.25,1750.5,45931,30,310,1156.3,4,4625.2,2653.158522,47811.85757,Jan,2022,,12.05,,,84.5,75,5.25,59.9,81.6,7.5
1A/1,4,21,1A/1,Jan,181.220203,3073.619415,4,VP,"Jul,2022",38,0.028161081,22,7.081378,8.516145,160,320,2228.653159,13.60544218,6.08,3,18.40425532,25.09167672,7.833333333,9.420454545,18804.22278,88,829,45931,23,200 Kgs.,180,250,310,2226.758045,37767.34968,Jan,2022,,12.05,,,84.5,75,5.25,59.9,81.6,7.5
1A/2,4.09,23,1A/2,Jan,128.8677,2234.862828,4.09,VP,"Apr,2022",40,0.028794706,22,5.746736,8.384005,80,320,1828.784267,16.58031088,5.03,3,17.88461538,23.10245656,6.356968215,9.274283174,17428.32609,89.98,834.5,45931,30,250,1000,3,3000,1686.141087,29241.57138,Jan,2022,,12.05,,,84.5,75,5.25,59.9,81.6,7.5
1B/1,2.31,23,1B/1,Jan,128.8677,1262.23304,2.31,VP,"May,2022",40,0.016263025,19,9.587939,8.125547,80,240,1627.902265,13.96973225,4.53,2,23.18367347,25.49809886,10.60606061,8.988380041,9093.393441,43.89,394.5,,80,250,1022.5,3,3067.5,1762.209185,17260.48236,Jan,2022,,12.05,,,84.5,75,5.25,59.9,81.6,7.5
2,5.24,36,2,Jan,144.976162,3221.153147,5.24,VP,"Jan,2025",2,0.0369,11,0,4.07775,0,80,585.589988,12.94498382,4.39,0,0,21.56923077,0,4.510756419,5069.664024,58,260,45945,16,250,1625,4,6500,1732.726619,38498.58985,Jan,2022,,12.05,,,84.5,75,5.25,59.9,81.6,7.5
2A,6.5,31,2A,Jan,144.976162,3995.70524,6.5,VP,"Jan 2025,",2,0.0458,16,0,4.502644,0,80,871.752086,8.695652174,4.66,0,0,20.91505792,0,4.980769231,9793.997867,104,518,45934,27,250,577.5,3,1732.5,1691.024113,46606.51663,Jan,2022,,12.05,,,84.5,75,5.25,59.9,81.6,7.5
3,5,37,3,Jan,96.650775,2049.07961,5,VP,"Aug, 2024",15,0.035201352,21,6.388307,6.857529,160,240,1426.072706,15.94684385,5.42,2,24.03773585,24.3992467,7.066666667,7.585714286,17568.44698,105,796.5,45799,162,250,1310,4,5240,1418.302741,30069.23883,Jan,2022,,12.05,,,84.5,75,5.25,59.9,81.6,7.5
4,8.09,17,4,Jan,177.193087,6078.253151,8.09,VP,"Nov,2022",35,0.056955787,16,6.425257,9.550586,160,240,1806.042908,12.59181532,4.75,1,20.74782609,26.17769653,7.107540173,10.56474042,32361.59642,129.44,1367.5,45840,121,310,1550,4,6200,2061.199173,70705.29996,Jan,2022,,12.05,,,84.5,75,5.25,59.9,81.6,7.5
5A/1,5.7,31,5A/1,Jan,161.084625,3893.25126,5.7,VP,"Sep,2021",49,0.040129541,20,4.44073,7.553206,0,80,1730.238379,4.381161008,4.381161008,1,22.82142857,23.89186352,4.912280702,8.355263158,20572.45795,114,952.5,45783,44,310,2507.9,3,7523.7,1928.360831,46606.51663,Jan,2022,,12.05,,,84.5,75,5.25,59.9,81.6,7.5
5A/2,7.62,29,5A/2,Jan,121.387971,3922.058908,7.62,VP,"Nov,2021",47,0.05364686,19,3.53535,7.302353,0,80,1531.25149,4.95049505,5,0,18.43624161,24.38905515,3.910761155,8.077773173,25784.95488,144.78,1169.5,45783,81,310,1767,4,7068,1942.118007,62750.04971,Jan,2022,,12.05,,,84.5,75,5.25,59.9,81.6,7.5
5B/1,4.18,30,5B/1,Jan,177.193087,3140.556016,4.18,VP,"May,2024",17,0.02942833,34,3.892848,4.87242,240,400,1861.001192,20.36659878,5.35,1,28.82407407,28.95953003,4.306220096,5.389811427,20053.55867,142.12,766,45765,196,310,2362.2,4,9448.8,2163.965418,38353.94894,Jan,2022,,12.05,,,84.5,75,5.25,59.9,81.6,7.5
6A/1,2,12,6A/1,Jan,177.193087,1502.658381,2,VP,"Apr,2023",30,0.014080541,33,4.218693,6.273252,160,400,2423.849821,15.63721658,3.97,2,26.64285714,29.48689956,4.666666667,6.939393939,12208.59712,66,458,45818,143,310,1116,4,4464,2250.446961,19084.565,Jan,2022,,12.05,,,84.5,75,5.25,59.9,81.6,7.5
6A/2,2,36,6A/2,Jan,241.626937,2049.07961,2,VP,"Feb,2025",8,0.0141,26,5.273367,5.84996,160,240,1604.213349,14.1760189,4.85,3,21.84285714,20.23774146,5.833333333,6.471153846,6156.278888,52,336.5,45911,50,310,923.8,4,3695.2,3252.961859,27586.23648,Jan,2022,,12.05,,,84.5,75,5.25,59.9,81.6,7.5
6A/2/1,2,42,6A/2/1,Jan,265.315852,2249.969768,2,VP,"May,2024",17,0.014080541,28,5.951371,8.943199,240,480,2343.307509,19.40962394,4.3,3,25.21518987,23.84115523,6.583333333,9.892857143,11940.10742,56,554,45779,182,310,620,4,2480,1318.051251,11177.52838,Jan,2022,,12.05,,,84.5,75,5.25,59.9,81.6,7.5
6B/2/3,3,30,6B/2/3,Jan,257.735399,3278.527376,3,VP,"Oct,2021",48,0.021120811,33,7.171779,9.52402,160,400,2800.977354,13.53179973,4.03,2,22.09243697,22.56088207,7.933333333,10.53535354,21272.15837,99,1043,45783,249,310,1295.8,4,5183.2,3032.181168,38570.91031,Jan,2022,,12.05,,,84.5,75,5.25,59.9,81.6,7.5
6B/4,3,17,6B/4,Jan,229.54559,2919.938445,3,VP,"Feb,2025",8,0.0227,23,2.705487,2.652756,140,300,1130.435042,25.14668902,4.96,1,29.36206897,22.25229358,2.992776058,2.93444609,4385.331701,74,218,45905,56,310,930,4,3720,2700.536353,34352.217,Jan,2022,,12.05,,,84.5,75,5.25,59.9,81.6,7.5
7,3,12,7,Jan,177.193087,2253.987571,3,VP,"Apr,2023",30,0.021120811,35,4.168471,5.010775,160,480,2437.115614,18.66251944,4.52,1,28.19277108,34.57216495,4.611111111,5.542857143,18189.4989,105,582,45783,178,310,620,4,2480,2115.893921,26915.26335,Jan,2022,,12.05,,,84.5,75,5.25,59.9,81.6,7.5
1-Jul,3.73,7,1-Jul,Jan,112.759237,1783.382287,3.73,VP,"Sep,2023",23,0.026260208,35,3.716199,6.003623,160,400,2416.269368,15.68627451,4.38,2,29.64130435,28.727797,4.110813226,6.641133665,22516.07023,130.55,867,45788,173,250,567.5,3,1702.5,1346.140081,21290.33893,Jan,2022,,12.05,,,84.5,75,5.25,59.9,81.6,7.5
7A,1.54,43,7A,Jan,96.933811,632.964709,1.54,SD,"Oct,2024",12,0.010842016,35,4.461327,4.042029,160,160,1029.994041,14.71941122,14.71941122,3,25.68421053,24.54356846,4.935064935,4.471243043,5347.193777,53.9,241,45783,301,250,600,4,2400,466.480891,3046.057286,Jan,2022,,12.05,,,84.5,75,5.25,59.9,81.6,7.5
1-Aug,6,12,1-Aug,Jan,161.084625,4098.159221,6,VP,"Apr,2023",30,0.042241622,23,7.608715,9.560843,160,240,2372.681764,9.584664537,4.35,2,21.90594059,27.37923947,8.416666667,10.57608696,36124.06819,138,1459.5,45947,14,310,620,4,2480,1929.067342,49077.46557,Jan,2022,,12.05,,,84.5,75,5.25,59.9,81.6,7.5
2-Aug,6.55,6,2-Aug,Jan,161.084625,4473.823816,6.55,VP,"Oct,2023",24,0.046113771,18,6.256732,8.250298,160,240,1705.601907,13.33333333,5.11,2,23.34558824,28.94423792,6.921119593,9.126378287,28154.35385,117.9,1076,45884,77,310,1860,4,7440,1895.11323,52633.22136,Jan,2022,,12.05,,,84.5,75,5.25,59.9,81.6,7.5
9,6.45,18,9,Jan,88.596544,2423.036639,6.45,SD,"Oct,2022",36,0.045409744,22,5.85151,7.061947,160,160,1725.500596,8.786381109,8.786381109,1,20.30538922,23.18899414,6.472868217,7.811839323,23237.46679,141.9,1108.5,45783,55,250,385,4,1540,1042.312277,28506.3134,Jan,2022,,12.05,,,84.5,75,5.25,59.9,81.6,7.5
9A,2,18,9A,Jan,161.084625,1366.053074,2,SD,Nov.2022,36,0.014080541,21,8.588054,10.503685,80,240,2105.470799,10.80108011,10.80108011,2,19.76315789,23.40163934,9.5,11.61904762,10323.74521,42,488,45783,23,180,1161,3,3483,1895.11323,16071.21263,Jan,2022,,12.05,,,84.5,75,5.25,59.9,81.6,7.5
9A/2,2.4,23,9A/2,Jan,12.081347,122.944777,2.4,VP,Rev 2022,41,0.016896649,4,0,7.533381,40,40,65.381406,57.97101449,4.82,0,0,0,0,0,205.209296,9.6,80,45783,53,180,225,4,900,142.133492,1446.409137,Jan,2022,,12.05,,,84.5,75,5.25,59.9,81.6,7.5
10,2.67,35,10,Feb,177.666865,2011.412706,2.67,SD,Feb.2025,8,0.018797522,17,4.359204,4.660439,140,220,1463.027414,14.24870466,14.24870466,3,25.04854369,22.5042735,4.822097378,5.155320555,4760.494071,45.39,234,45783,178,180,360,3,1080,2368.891538,26818.83608,Feb,2022,25.8,11,21.5,24.55,80.5,65.5,7.4,68.59,39.75,2
10/2A,3.6,37,10/2A,Feb,85.280095,1301.768223,3.6,VP,"June.,2024",17,0.025344973,23,6.445226,7.800871,160,320,1667.699642,18.18181818,5.72,2,30.42857143,24.89293212,7.12962963,8.629227053,16078.64557,82.8,714.5,45939,22,250,750,3,2250,923.551847,14097.66772,Feb,2022,25.8,11,21.5,24.55,80.5,65.5,7.4,68.59,39.75,2
3-Oct,2,12,3-Oct,Feb,142.133492,1205.340947,2,VP,"Apr,2023",30,0.014080541,27,8.136051,8.588054,160,400,2347.097735,16.14856681,4.4,3,24.55555556,27.34697856,9,9.5,12682.29611,54,513,45824,137,310,1317.5,4,5270,1895.11323,16071.21263,Feb,2022,25.8,11,21.5,24.55,80.5,65.5,7.4,68.59,39.75,2
4-Oct,1.25,48,4-Oct,Feb,99.493445,527.336664,1.25,VP,"June,2024",17,0.008800338,21,9.401659,8.437387,160,320,1772.878427,17.10315339,4.39,3,17.35897436,25.12244898,10.4,9.333333333,5564.155148,26.25,245,45918,43,250,500,4,2000,1065.243147,5646.017887,Feb,2022,25.8,11,21.5,24.55,80.5,65.5,7.4,68.59,39.75,2
11,6.48,31,11,Feb,156.346841,4295.835136,6.48,VP,Oct.2024,14,0.045620952,35,4.278216,5.384972,160,240,1102.008343,20.63628547,5.11,1,21.06521739,21.63508512,4.732510288,5.956790123,26423.18291,226.8,1351,45788,173,310,2030.5,4,8122,2084.624553,57277.80181,Feb,2022,25.8,11,21.5,24.55,80.5,65.5,7.4,68.59,39.75,2
1-Nov,2.98,6,1-Nov,Feb,78.539089,992.39738,2.98,VP,"Oct,2023",23,0.020980006,22,9.606325,14.478432,160,320,2843.617402,10.6631123,5.46,2,21.06315789,23.67047619,10.62639821,16.01586333,22468.15793,65.56,1050,45903,58,310,2008.8,4,8035.2,2085.896441,26356.78871,Feb,2022,25.8,11,21.5,24.55,80.5,65.5,7.4,68.59,39.75,2
11/1A,2.27,24,11/1A,Feb,198.986889,1915.286765,2.27,VP,"Apr,2022",42,0.015981414,20,10.221504,16.377636,80,240,3101.352801,7.332722273,4.99,1,22.46753247,21.19513678,11.30690162,18.11674009,15759.53155,45.4,822.5,45783,52,310,930,4,3720,2653.158522,25537.15687,Feb,2022,25.8,11,21.5,24.55,80.5,65.5,7.4,68.59,39.75,2
12,6.39,17,12,Feb,113.706794,3080.851461,6.39,SD,"Nov,2022",35,0.044987328,34,3.654692,4.735149,160,400,1665.804529,22.75312856,22.75312856,1,19.72258065,24.73989455,4.04277517,5.23796373,25451.37677,217.26,1138,45783,183,250,667.5,4,2670,1516.090584,41078.01948,Feb,2022,25.8,11,21.5,24.55,80.5,65.5,7.4,68.59,39.75,2
1-Dec,4.25,7,1-Dec,Feb,198.986889,3585.889318,4.25,VP,"Oct,2023",24,0.029921149,25,12.49655,14.89376,320,560,4208.098927,12.60977257,4.56,3,24.52765957,27.20936875,13.82352941,16.47529412,43057.79199,106.25,1750.5,45931,30,310,1156.3,4,4625.2,2653.158522,47811.85757,Feb,2022,25.8,11,21.5,24.55,80.5,65.5,7.4,68.59,39.75,2
1A/1,4,21,1A/1,Feb,159.900179,2712.017131,4,VP,"Jul,2022",38,0.028161081,22,7.081378,8.516145,160,320,2228.653159,13.60544218,6.08,3,18.40425532,25.09167672,7.833333333,9.420454545,18804.22278,88,829,45931,23,200 Kgs.,180,250,310,2226.758045,37767.34968,Feb,2022,25.8,11,21.5,24.55,80.5,65.5,7.4,68.59,39.75,2
1A/2,4.09,23,1A/2,Feb,113.706794,1971.93779,4.09,VP,"Apr,2022",40,0.028794706,22,5.746736,8.384005,80,320,1828.784267,16.58031088,5.03,3,17.88461538,23.10245656,6.356968215,9.274283174,17428.32609,89.98,834.5,45931,30,250,1000,3,3000,1686.141087,29241.57138,Feb,2022,25.8,11,21.5,24.55,80.5,65.5,7.4,68.59,39.75,2
1B/1,2.31,23,1B/1,Feb,113.706794,1113.735035,2.31,VP,"May,2022",40,0.016263025,19,9.587939,8.125547,80,240,1627.902265,13.96973225,4.53,2,23.18367347,25.49809886,10.60606061,8.988380041,9093.393441,43.89,394.5,,80,250,1022.5,3,3067.5,1762.209185,17260.48236,Feb,2022,25.8,11,21.5,24.55,80.5,65.5,7.4,68.59,39.75,2
2,5.24,36,2,Feb,127.920143,2842.193954,5.24,VP,"Jan,2025",2,0.0369,11,0,4.07775,0,80,585.589988,12.94498382,4.39,0,0,21.56923077,0,4.510756419,5069.664024,58,260,45945,16,250,1625,4,6500,1732.726619,38498.58985,Feb,2022,25.8,11,21.5,24.55,80.5,65.5,7.4,68.59,39.75,2
2A,6.5,31,2A,Feb,113.342349,3123.841955,6.5,VP,"Jan 2025,",2,0.0458,16,0,4.502644,0,80,871.752086,8.695652174,4.66,0,0,20.91505792,0,4.980769231,9793.997867,104,518,45934,27,250,577.5,3,1732.5,1691.024113,46606.51663,Feb,2022,25.8,11,21.5,24.55,80.5,65.5,7.4,68.59,39.75,2
3,5,37,3,Feb,85.280095,1808.011421,5,VP,"Aug, 2024",15,0.035201352,21,6.388307,6.857529,160,240,1426.072706,15.94684385,5.42,2,24.03773585,24.3992467,7.066666667,7.585714286,17568.44698,105,796.5,45799,162,250,1310,4,5240,1418.302741,30069.23883,Feb,2022,25.8,11,21.5,24.55,80.5,65.5,7.4,68.59,39.75,2
4,8.09,17,4,Feb,132.921462,4559.603913,8.09,VP,"Nov,2022",35,0.056955787,16,6.425257,9.550586,160,240,1806.042908,12.59181532,4.75,1,20.74782609,26.17769653,7.107540173,10.56474042,32361.59642,129.44,1367.5,45840,121,310,1550,4,6200,2061.199173,70705.29996,Feb,2022,25.8,11,21.5,24.55,80.5,65.5,7.4,68.59,39.75,2
5A/1,5.7,31,5A/1,Feb,142.133492,3435.2217,5.7,VP,"Sep,2021",49,0.040129541,20,4.44073,7.553206,0,80,1730.238379,4.381161008,4.381161008,1,22.82142857,23.89186352,4.912280702,8.355263158,20572.45795,114,952.5,45783,44,310,2507.9,3,7523.7,1928.360831,46606.51663,Feb,2022,25.8,11,21.5,24.55,80.5,65.5,7.4,68.59,39.75,2
5A/2,7.62,29,5A/2,Feb,149.240167,4821.966459,7.62,VP,"Nov,2021",47,0.05364686,19,3.53535,7.302353,0,80,1531.25149,4.95049505,5,0,18.43624161,24.38905515,3.910761155,8.077773173,25784.95488,144.78,1169.5,45783,81,310,1767,4,7068,1942.118007,62750.04971,Feb,2022,25.8,11,21.5,24.55,80.5,65.5,7.4,68.59,39.75,2
5B/1,4.18,30,5B/1,Feb,156.346841,2771.078838,4.18,VP,"May,2024",17,0.02942833,34,3.892848,4.87242,240,400,1861.001192,20.36659878,5.35,1,28.82407407,28.95953003,4.306220096,5.389811427,20053.55867,142.12,766,45765,196,310,2362.2,4,9448.8,2163.965418,38353.94894,Feb,2022,25.8,11,21.5,24.55,80.5,65.5,7.4,68.59,39.75,2
6A/1,2,12,6A/1,Feb,156.346841,1325.875042,2,VP,"Apr,2023",30,0.014080541,33,4.218693,6.273252,160,400,2423.849821,15.63721658,3.97,2,26.64285714,29.48689956,4.666666667,6.939393939,12208.59712,66,458,45818,143,310,1116,4,4464,2250.446961,19084.565,Feb,2022,25.8,11,21.5,24.55,80.5,65.5,7.4,68.59,39.75,2
6A/2,2,36,6A/2,Feb,244.469607,2073.186429,2,VP,"Feb,2025",8,0.0141,26,5.273367,5.84996,160,240,1604.213349,14.1760189,4.85,3,21.84285714,20.23774146,5.833333333,6.471153846,6156.278888,52,336.5,45911,50,310,923.8,4,3695.2,3252.961859,27586.23648,Feb,2022,25.8,11,21.5,24.55,80.5,65.5,7.4,68.59,39.75,2
6A/2/1,2,42,6A/2/1,Feb,113.706794,964.272758,2,VP,"May,2024",17,0.014080541,28,5.951371,8.943199,240,480,2343.307509,19.40962394,4.3,3,25.21518987,23.84115523,6.583333333,9.892857143,11940.10742,56,554,45779,182,310,620,4,2480,1318.051251,11177.52838,Feb,2022,25.8,11,21.5,24.55,80.5,65.5,7.4,68.59,39.75,2
6B/2/3,3,30,6B/2/3,Feb,227.413588,2892.818273,3,VP,"Oct,2021",48,0.021120811,33,7.171779,9.52402,160,400,2800.977354,13.53179973,4.03,2,22.09243697,22.56088207,7.933333333,10.53535354,21272.15837,99,1043,45783,249,310,1295.8,4,5183.2,3032.181168,38570.91031,Feb,2022,25.8,11,21.5,24.55,80.5,65.5,7.4,68.59,39.75,2
6B/4,3,17,6B/4,Feb,202.540226,2576.416275,3,VP,"Feb,2025",8,0.0227,23,2.705487,2.652756,140,300,1130.435042,25.14668902,4.96,1,29.36206897,22.25229358,2.992776058,2.93444609,4385.331701,74,218,45905,56,310,930,4,3720,2700.536353,34352.217,Feb,2022,25.8,11,21.5,24.55,80.5,65.5,7.4,68.59,39.75,2
7,3,12,7,Feb,156.346841,1988.812563,3,VP,"Apr,2023",30,0.021120811,35,4.168471,5.010775,160,480,2437.115614,18.66251944,4.52,1,28.19277108,34.57216495,4.611111111,5.542857143,18189.4989,105,582,45783,178,310,620,4,2480,2115.893921,26915.26335,Feb,2022,25.8,11,21.5,24.55,80.5,65.5,7.4,68.59,39.75,2
1-Jul,3.73,7,1-Jul,Feb,99.493445,1573.572607,3.73,VP,"Sep,2023",23,0.026260208,35,3.716199,6.003623,160,400,2416.269368,15.68627451,4.38,2,29.64130435,28.727797,4.110813226,6.641133665,22516.07023,130.55,867,45788,173,250,567.5,3,1702.5,1346.140081,21290.33893,Feb,2022,25.8,11,21.5,24.55,80.5,65.5,7.4,68.59,39.75,2
7A,1.54,43,7A,Feb,42.640048,278.433759,1.54,SD,"Oct,2024",12,0.010842016,35,4.461327,4.042029,160,160,1029.994041,14.71941122,14.71941122,3,25.68421053,24.54356846,4.935064935,4.471243043,5347.193777,53.9,241,45783,301,250,600,4,2400,466.480891,3046.057286,Feb,2022,25.8,11,21.5,24.55,80.5,65.5,7.4,68.59,39.75,2
1-Aug,6,12,1-Aug,Feb,142.133492,3616.022842,6,VP,"Apr,2023",30,0.042241622,23,7.608715,9.560843,160,240,2372.681764,9.584664537,4.35,2,21.90594059,27.37923947,8.416666667,10.57608696,36124.06819,138,1459.5,45947,14,310,620,4,2480,1929.067342,49077.46557,Feb,2022,25.8,11,21.5,24.55,80.5,65.5,7.4,68.59,39.75,2
2-Aug,6.55,6,2-Aug,Feb,142.133492,3947.491602,6.55,VP,"Oct,2023",24,0.046113771,18,6.256732,8.250298,160,240,1705.601907,13.33333333,5.11,2,23.34558824,28.94423792,6.921119593,9.126378287,28154.35385,117.9,1076,45884,77,310,1860,4,7440,1895.11323,52633.22136,Feb,2022,25.8,11,21.5,24.55,80.5,65.5,7.4,68.59,39.75,2
9,6.45,18,9,Feb,78.173421,2137.973505,6.45,SD,"Oct,2022",36,0.045409744,22,5.85151,7.061947,160,160,1725.500596,8.786381109,8.786381109,1,20.30538922,23.18899414,6.472868217,7.811839323,23237.46679,141.9,1108.5,45783,55,250,385,4,1540,1042.312277,28506.3134,Feb,2022,25.8,11,21.5,24.55,80.5,65.5,7.4,68.59,39.75,2
9A,2,18,9A,Feb,142.133492,1205.340947,2,SD,Nov.2022,36,0.014080541,21,8.588054,10.503685,80,240,2105.470799,10.80108011,10.80108011,2,19.76315789,23.40163934,9.5,11.61904762,10323.74521,42,488,45783,23,180,1161,3,3483,1895.11323,16071.21263,Feb,2022,25.8,11,21.5,24.55,80.5,65.5,7.4,68.59,39.75,2
9A/2,2.4,23,9A/2,Feb,10.660012,108.480685,2.4,VP,Rev 2022,41,0.016896649,4,0,7.533381,40,40,65.381406,57.97101449,4.82,0,0,0,0,0,205.209296,9.6,80,45783,53,180,225,4,900,142.133492,1446.409137,Feb,2022,25.8,11,21.5,24.55,80.5,65.5,7.4,68.59,39.75,2
10,2.67,35,10,Mar,177.666865,2011.412706,2.67,SD,Feb.2025,8,0.018797522,17,4.359204,4.660439,140,220,1463.027414,14.24870466,14.24870466,3,25.04854369,22.5042735,4.822097378,5.155320555,4760.494071,45.39,234,45783,178,180,360,3,1080,2368.891538,26818.83608,Mar,2022,26.15,13.05,21.65,24.5,75,70,6.5,74.71,124.9,6
10/2A,3.6,37,10/2A,Mar,85.280095,1301.768223,3.6,VP,"June.,2024",17,0.025344973,23,6.445226,7.800871,160,320,1667.699642,18.18181818,5.72,2,30.42857143,24.89293212,7.12962963,8.629227053,16078.64557,82.8,714.5,45939,22,250,750,3,2250,923.551847,14097.66772,Mar,2022,26.15,13.05,21.65,24.5,75,70,6.5,74.71,124.9,6
3-Oct,2,12,3-Oct,Mar,142.133492,1205.340947,2,VP,"Apr,2023",30,0.014080541,27,8.136051,8.588054,160,400,2347.097735,16.14856681,4.4,3,24.55555556,27.34697856,9,9.5,12682.29611,54,513,45824,137,310,1317.5,4,5270,1895.11323,16071.21263,Mar,2022,26.15,13.05,21.65,24.5,75,70,6.5,74.71,124.9,6
4-Oct,1.25,48,4-Oct,Mar,99.493445,527.336664,1.25,VP,"June,2024",17,0.008800338,21,9.401659,8.437387,160,320,1772.878427,17.10315339,4.39,3,17.35897436,25.12244898,10.4,9.333333333,5564.155148,26.25,245,45918,43,250,500,4,2000,1065.243147,5646.017887,Mar,2022,26.15,13.05,21.65,24.5,75,70,6.5,74.71,124.9,6
11,6.48,31,11,Mar,156.346841,4295.835136,6.48,VP,Oct.2024,14,0.045620952,35,4.278216,5.384972,160,240,1102.008343,20.63628547,5.11,1,21.06521739,21.63508512,4.732510288,5.956790123,26423.18291,226.8,1351,45788,173,310,2030.5,4,8122,2084.624553,57277.80181,Mar,2022,26.15,13.05,21.65,24.5,75,70,6.5,74.71,124.9,6
1-Nov,2.98,6,1-Nov,Mar,142.133492,1795.958011,2.98,VP,"Oct,2023",23,0.020980006,22,9.606325,14.478432,160,320,2843.617402,10.6631123,5.46,2,21.06315789,23.67047619,10.62639821,16.01586333,22468.15793,65.56,1050,45903,58,310,2008.8,4,8035.2,2085.896441,26356.78871,Mar,2022,26.15,13.05,21.65,24.5,75,70,6.5,74.71,124.9,6
11/1A,2.27,24,11/1A,Mar,198.986889,1915.286765,2.27,VP,"Apr,2022",42,0.015981414,20,10.221504,16.377636,80,240,3101.352801,7.332722273,4.99,1,22.46753247,21.19513678,11.30690162,18.11674009,15759.53155,45.4,822.5,45783,52,310,930,4,3720,2653.158522,25537.15687,Mar,2022,26.15,13.05,21.65,24.5,75,70,6.5,74.71,124.9,6
12,6.39,17,12,Mar,113.706794,3080.851461,6.39,SD,"Nov,2022",35,0.044987328,34,3.654692,4.735149,160,400,1665.804529,22.75312856,22.75312856,1,19.72258065,24.73989455,4.04277517,5.23796373,25451.37677,217.26,1138,45783,183,250,667.5,4,2670,1516.090584,41078.01948,Mar,2022,26.15,13.05,21.65,24.5,75,70,6.5,74.71,124.9,6
1-Dec,4.25,7,1-Dec,Mar,198.986889,3585.889318,4.25,VP,"Oct,2023",24,0.029921149,25,12.49655,14.89376,320,560,4208.098927,12.60977257,4.56,3,24.52765957,27.20936875,13.82352941,16.47529412,43057.79199,106.25,1750.5,45931,30,310,1156.3,4,4625.2,2653.158522,47811.85757,Mar,2022,26.15,13.05,21.65,24.5,75,70,6.5,74.71,124.9,6
1A/1,4,21,1A/1,Mar,159.900179,2712.017131,4,VP,"Jul,2022",38,0.028161081,22,7.081378,8.516145,160,320,2228.653159,13.60544218,6.08,3,18.40425532,25.09167672,7.833333333,9.420454545,18804.22278,88,829,45931,23,200 Kgs.,180,250,310,2226.758045,37767.34968,Mar,2022,26.15,13.05,21.65,24.5,75,70,6.5,74.71,124.9,6
1A/2,4.09,23,1A/2,Mar,113.706794,1971.93779,4.09,VP,"Apr,2022",40,0.028794706,22,5.746736,8.384005,80,320,1828.784267,16.58031088,5.03,3,17.88461538,23.10245656,6.356968215,9.274283174,17428.32609,89.98,834.5,45931,30,250,1000,3,3000,1686.141087,29241.57138,Mar,2022,26.15,13.05,21.65,24.5,75,70,6.5,74.71,124.9,6
1B/1,2.31,23,1B/1,Mar,113.706794,1113.735035,2.31,VP,"May,2022",40,0.016263025,19,9.587939,8.125547,80,240,1627.902265,13.96973225,4.53,2,23.18367347,25.49809886,10.60606061,8.988380041,9093.393441,43.89,394.5,,80,250,1022.5,3,3067.5,1762.209185,17260.48236,Mar,2022,26.15,13.05,21.65,24.5,75,70,6.5,74.71,124.9,6
2,5.24,36,2,Mar,127.920143,2842.193954,5.24,VP,"Jan,2025",2,0.0369,11,0,4.07775,0,80,585.589988,12.94498382,4.39,0,0,21.56923077,0,4.510756419,5069.664024,58,260,45945,16,250,1625,4,6500,1732.726619,38498.58985,Mar,2022,26.15,13.05,21.65,24.5,75,70,6.5,74.71,124.9,6
2A,6.5,31,2A,Mar,127.920143,3525.622271,6.5,VP,"Jan 2025,",2,0.0458,16,0,4.502644,0,80,871.752086,8.695652174,4.66,0,0,20.91505792,0,4.980769231,9793.997867,104,518,45934,27,250,577.5,3,1732.5,1691.024113,46606.51663,Mar,2022,26.15,13.05,21.65,24.5,75,70,6.5,74.71,124.9,6
3,5,37,3,Mar,85.280095,1808.011421,5,VP,"Aug, 2024",15,0.035201352,21,6.388307,6.857529,160,240,1426.072706,15.94684385,5.42,2,24.03773585,24.3992467,7.066666667,7.585714286,17568.44698,105,796.5,45799,162,250,1310,4,5240,1418.302741,30069.23883,Mar,2022,26.15,13.05,21.65,24.5,75,70,6.5,74.71,124.9,6
4,8.09,17,4,Mar,156.346841,5363.164545,8.09,VP,"Nov,2022",35,0.056955787,16,6.425257,9.550586,160,240,1806.042908,12.59181532,4.75,1,20.74782609,26.17769653,7.107540173,10.56474042,32361.59642,129.44,1367.5,45840,121,310,1550,4,6200,2061.199173,70705.29996,Mar,2022,26.15,13.05,21.65,24.5,75,70,6.5,74.71,124.9,6
5A/1,5.7,31,5A/1,Mar,142.133492,3435.2217,5.7,VP,"Sep,2021",49,0.040129541,20,4.44073,7.553206,0,80,1730.238379,4.381161008,4.381161008,1,22.82142857,23.89186352,4.912280702,8.355263158,20572.45795,114,952.5,45783,44,310,2507.9,3,7523.7,1928.360831,46606.51663,Mar,2022,26.15,13.05,21.65,24.5,75,70,6.5,74.71,124.9,6
5A/2,7.62,29,5A/2,Mar,149.240167,4821.966459,7.62,VP,"Nov,2021",47,0.05364686,19,3.53535,7.302353,0,80,1531.25149,4.95049505,5,0,18.43624161,24.38905515,3.910761155,8.077773173,25784.95488,144.78,1169.5,45783,81,310,1767,4,7068,1942.118007,62750.04971,Mar,2022,26.15,13.05,21.65,24.5,75,70,6.5,74.71,124.9,6
5B/1,4.18,30,5B/1,Mar,156.346841,2771.078838,4.18,VP,"May,2024",17,0.02942833,34,3.892848,4.87242,240,400,1861.001192,20.36659878,5.35,1,28.82407407,28.95953003,4.306220096,5.389811427,20053.55867,142.12,766,45765,196,310,2362.2,4,9448.8,2163.965418,38353.94894,Mar,2022,26.15,13.05,21.65,24.5,75,70,6.5,74.71,124.9,6
6A/1,2,12,6A/1,Mar,156.346841,1325.875042,2,VP,"Apr,2023",30,0.014080541,33,4.218693,6.273252,160,400,2423.849821,15.63721658,3.97,2,26.64285714,29.48689956,4.666666667,6.939393939,12208.59712,66,458,45818,143,310,1116,4,4464,2250.446961,19084.565,Mar,2022,26.15,13.05,21.65,24.5,75,70,6.5,74.71,124.9,6
6A/2,2,36,6A/2,Mar,213.200238,1808.011421,2,VP,"Feb,2025",8,0.0141,26,5.273367,5.84996,160,240,1604.213349,14.1760189,4.85,3,21.84285714,20.23774146,5.833333333,6.471153846,6156.278888,52,336.5,45911,50,310,923.8,4,3695.2,3252.961859,27586.23648,Mar,2022,26.15,13.05,21.65,24.5,75,70,6.5,74.71,124.9,6
6A/2/1,2,42,6A/2/1,Mar,86.227652,731.240175,2,VP,"May,2024",17,0.014080541,28,5.951371,8.943199,240,480,2343.307509,19.40962394,4.3,3,25.21518987,23.84115523,6.583333333,9.892857143,11940.10742,56,554,45779,182,310,620,4,2480,1318.051251,11177.52838,Mar,2022,26.15,13.05,21.65,24.5,75,70,6.5,74.71,124.9,6
6B/2/3,3,30,6B/2/3,Mar,227.413588,2892.818273,3,VP,"Oct,2021",48,0.021120811,33,7.171779,9.52402,160,400,2800.977354,13.53179973,4.03,2,22.09243697,22.56088207,7.933333333,10.53535354,21272.15837,99,1043,45783,249,310,1295.8,4,5183.2,3032.181168,38570.91031,Mar,2022,26.15,13.05,21.65,24.5,75,70,6.5,74.71,124.9,6
6B/4,3,17,6B/4,Mar,202.540226,2576.416275,3,VP,"Feb,2025",8,0.0227,23,2.705487,2.652756,140,300,1130.435042,25.14668902,4.96,1,29.36206897,22.25229358,2.992776058,2.93444609,4385.331701,74,218,45905,56,310,930,4,3720,2700.536353,34352.217,Mar,2022,26.15,13.05,21.65,24.5,75,70,6.5,74.71,124.9,6
7,3,12,7,Mar,156.346841,1988.812563,3,VP,"Apr,2023",30,0.021120811,35,4.168471,5.010775,160,480,2437.115614,18.66251944,4.52,1,28.19277108,34.57216495,4.611111111,5.542857143,18189.4989,105,582,45783,178,310,620,4,2480,2115.893921,26915.26335,Mar,2022,26.15,13.05,21.65,24.5,75,70,6.5,74.71,124.9,6
1-Jul,3.73,7,1-Jul,Mar,99.493445,1573.572607,3.73,VP,"Sep,2023",23,0.026260208,35,3.716199,6.003623,160,400,2416.269368,15.68627451,4.38,2,29.64130435,28.727797,4.110813226,6.641133665,22516.07023,130.55,867,45788,173,250,567.5,3,1702.5,1346.140081,21290.33893,Mar,2022,26.15,13.05,21.65,24.5,75,70,6.5,74.71,124.9,6
7A,1.54,43,7A,Mar,42.640048,278.433759,1.54,SD,"Oct,2024",12,0.010842016,35,4.461327,4.042029,160,160,1029.994041,14.71941122,14.71941122,3,25.68421053,24.54356846,4.935064935,4.471243043,5347.193777,53.9,241,45783,301,250,600,4,2400,466.480891,3046.057286,Mar,2022,26.15,13.05,21.65,24.5,75,70,6.5,74.71,124.9,6
1-Aug,6,12,1-Aug,Mar,142.133492,3616.022842,6,VP,"Apr,2023",30,0.042241622,23,7.608715,9.560843,160,240,2372.681764,9.584664537,4.35,2,21.90594059,27.37923947,8.416666667,10.57608696,36124.06819,138,1459.5,45947,14,310,620,4,2480,1929.067342,49077.46557,Mar,2022,26.15,13.05,21.65,24.5,75,70,6.5,74.71,124.9,6
2-Aug,6.55,6,2-Aug,Mar,142.133492,3947.491602,6.55,VP,"Oct,2023",24,0.046113771,18,6.256732,8.250298,160,240,1705.601907,13.33333333,5.11,2,23.34558824,28.94423792,6.921119593,9.126378287,28154.35385,117.9,1076,45884,77,310,1860,4,7440,1895.11323,52633.22136,Mar,2022,26.15,13.05,21.65,24.5,75,70,6.5,74.71,124.9,6
9,6.45,18,9,Mar,78.173421,2137.973505,6.45,SD,"Oct,2022",36,0.045409744,22,5.85151,7.061947,160,160,1725.500596,8.786381109,8.786381109,1,20.30538922,23.18899414,6.472868217,7.811839323,23237.46679,141.9,1108.5,45783,55,250,385,4,1540,1042.312277,28506.3134,Mar,2022,26.15,13.05,21.65,24.5,75,70,6.5,74.71,124.9,6
9A,2,18,9A,Mar,142.133492,1205.340947,2,SD,Nov.2022,36,0.014080541,21,8.588054,10.503685,80,240,2105.470799,10.80108011,10.80108011,2,19.76315789,23.40163934,9.5,11.61904762,10323.74521,42,488,45783,23,180,1161,3,3483,1895.11323,16071.21263,Mar,2022,26.15,13.05,21.65,24.5,75,70,6.5,74.71,124.9,6
9A/2,2.4,23,9A/2,Mar,10.660012,108.480685,2.4,VP,Rev 2022,41,0.016896649,4,0,7.533381,40,40,65.381406,57.97101449,4.82,0,0,0,0,0,205.209296,9.6,80,45783,53,180,225,4,900,142.133492,1446.409137,Mar,2022,26.15,13.05,21.65,24.5,75,70,6.5,74.71,124.9,6
10,2.67,35,10,Apr,201.355781,2279.601066,2.67,SD,Feb.2025,8,0.018797522,17,4.359204,4.660439,140,220,1463.027414,14.24870466,14.24870466,3,25.04854369,22.5042735,4.822097378,5.155320555,4760.494071,45.39,234,45783,178,180,360,3,1080,2368.891538,26818.83608,Apr,2022,26.55,13.4,22.35,25.15,81,76.5,7.2,66.875,215.1,9.5
10/2A,3.6,37,10/2A,Apr,96.650775,1475.337319,3.6,VP,"June.,2024",17,0.025344973,23,6.445226,7.800871,160,320,1667.699642,18.18181818,5.72,2,30.42857143,24.89293212,7.12962963,8.629227053,16078.64557,82.8,714.5,45939,22,250,750,3,2250,923.551847,14097.66772,Apr,2022,26.55,13.4,22.35,25.15,81,76.5,7.2,66.875,215.1,9.5
3-Oct,2,12,3-Oct,Apr,161.084625,1366.053074,2,VP,"Apr,2023",30,0.014080541,27,8.136051,8.588054,160,400,2347.097735,16.14856681,4.4,3,24.55555556,27.34697856,9,9.5,12682.29611,54,513,45824,137,310,1317.5,4,5270,1895.11323,16071.21263,Apr,2022,26.55,13.4,22.35,25.15,81,76.5,7.2,66.875,215.1,9.5
4-Oct,1.25,48,4-Oct,Apr,0,0,1.25,VP,"June,2024",17,0.008800338,21,9.401659,8.437387,160,320,1772.878427,17.10315339,4.39,3,17.35897436,25.12244898,10.4,9.333333333,5564.155148,26.25,245,45918,43,250,500,4,2000,1065.243147,5646.017887,Apr,2022,26.55,13.4,22.35,25.15,81,76.5,7.2,66.875,215.1,9.5
11,6.48,31,11,Apr,177.193087,4868.613154,6.48,VP,Oct.2024,14,0.045620952,35,4.278216,5.384972,160,240,1102.008343,20.63628547,5.11,1,21.06521739,21.63508512,4.732510288,5.956790123,26423.18291,226.8,1351,45788,173,310,2030.5,4,8122,2084.624553,57277.80181,Apr,2022,26.55,13.4,22.35,25.15,81,76.5,7.2,66.875,215.1,9.5
1-Nov,2.98,6,1-Nov,Apr,161.084625,2035.41908,2.98,VP,"Oct,2023",23,0.020980006,22,9.606325,14.478432,160,320,2843.617402,10.6631123,5.46,2,21.06315789,23.67047619,10.62639821,16.01586333,22468.15793,65.56,1050,45903,58,310,2008.8,4,8035.2,2085.896441,26356.78871,Apr,2022,26.55,13.4,22.35,25.15,81,76.5,7.2,66.875,215.1,9.5
11/1A,2.27,24,11/1A,Apr,225.518474,2170.658334,2.27,VP,"Apr,2022",42,0.015981414,20,10.221504,16.377636,80,240,3101.352801,7.332722273,4.99,1,22.46753247,21.19513678,11.30690162,18.11674009,15759.53155,45.4,822.5,45783,52,310,930,4,3720,2653.158522,25537.15687,Apr,2022,26.55,13.4,22.35,25.15,81,76.5,7.2,66.875,215.1,9.5
12,6.39,17,12,Apr,128.8677,3491.631656,6.39,SD,"Nov,2022",35,0.044987328,34,3.654692,4.735149,160,400,1665.804529,22.75312856,22.75312856,1,19.72258065,24.73989455,4.04277517,5.23796373,25451.37677,217.26,1138,45783,183,250,667.5,4,2670,1516.090584,41078.01948,Apr,2022,26.55,13.4,22.35,25.15,81,76.5,7.2,66.875,215.1,9.5
1-Dec,4.25,7,1-Dec,Apr,225.518474,4064.007894,4.25,VP,"Oct,2023",24,0.029921149,25,12.49655,14.89376,320,560,4208.098927,12.60977257,4.56,3,24.52765957,27.20936875,13.82352941,16.47529412,43057.79199,106.25,1750.5,45931,30,310,1156.3,4,4625.2,2653.158522,47811.85757,Apr,2022,26.55,13.4,22.35,25.15,81,76.5,7.2,66.875,215.1,9.5
1A/1,4,21,1A/1,Apr,181.220203,3073.619415,4,VP,"Jul,2022",38,0.028161081,22,7.081378,8.516145,160,320,2228.653159,13.60544218,6.08,3,18.40425532,25.09167672,7.833333333,9.420454545,18804.22278,88,829,45931,23,200 Kgs.,180,250,310,2226.758045,37767.34968,Apr,2022,26.55,13.4,22.35,25.15,81,76.5,7.2,66.875,215.1,9.5
1A/2,4.09,23,1A/2,Apr,128.8677,2234.862828,4.09,VP,"Apr,2022",40,0.028794706,22,5.746736,8.384005,80,320,1828.784267,16.58031088,5.03,3,17.88461538,23.10245656,6.356968215,9.274283174,17428.32609,89.98,834.5,45931,30,250,1000,3,3000,1686.141087,29241.57138,Apr,2022,26.55,13.4,22.35,25.15,81,76.5,7.2,66.875,215.1,9.5
1B/1,2.31,23,1B/1,Apr,128.8677,1262.23304,2.31,VP,"May,2022",40,0.016263025,19,9.587939,8.125547,80,240,1627.902265,13.96973225,4.53,2,23.18367347,25.49809886,10.60606061,8.988380041,9093.393441,43.89,394.5,,80,250,1022.5,3,3067.5,1762.209185,17260.48236,Apr,2022,26.55,13.4,22.35,25.15,81,76.5,7.2,66.875,215.1,9.5
2,5.24,36,2,Apr,144.976162,3221.153147,5.24,VP,"Jan,2025",2,0.0369,11,0,4.07775,0,80,585.589988,12.94498382,4.39,0,0,21.56923077,0,4.510756419,5069.664024,58,260,45945,16,250,1625,4,6500,1732.726619,38498.58985,Apr,2022,26.55,13.4,22.35,25.15,81,76.5,7.2,66.875,215.1,9.5
2A,6.5,31,2A,Apr,144.976162,3995.70524,6.5,VP,"Jan 2025,",2,0.0458,16,0,4.502644,0,80,871.752086,8.695652174,4.66,0,0,20.91505792,0,4.980769231,9793.997867,104,518,45934,27,250,577.5,3,1732.5,1691.024113,46606.51663,Apr,2022,26.55,13.4,22.35,25.15,81,76.5,7.2,66.875,215.1,9.5
3,5,37,3,Apr,200.882002,4258.871347,5,VP,"Aug, 2024",15,0.035201352,21,6.388307,6.857529,160,240,1426.072706,15.94684385,5.42,2,24.03773585,24.3992467,7.066666667,7.585714286,17568.44698,105,796.5,45799,162,250,1310,4,5240,1418.302741,30069.23883,Apr,2022,26.55,13.4,22.35,25.15,81,76.5,7.2,66.875,215.1,9.5
4,8.09,17,4,Apr,177.193087,6078.253151,8.09,VP,"Nov,2022",35,0.056955787,16,6.425257,9.550586,160,240,1806.042908,12.59181532,4.75,1,20.74782609,26.17769653,7.107540173,10.56474042,32361.59642,129.44,1367.5,45840,121,310,1550,4,6200,2061.199173,70705.29996,Apr,2022,26.55,13.4,22.35,25.15,81,76.5,7.2,66.875,215.1,9.5
5A/1,5.7,31,5A/1,Apr,161.084625,3893.25126,5.7,VP,"Sep,2021",49,0.040129541,20,4.44073,7.553206,0,80,1730.238379,4.381161008,4.381161008,1,22.82142857,23.89186352,4.912280702,8.355263158,20572.45795,114,952.5,45783,44,310,2507.9,3,7523.7,1928.360831,46606.51663,Apr,2022,26.55,13.4,22.35,25.15,81,76.5,7.2,66.875,215.1,9.5
5A/2,7.62,29,5A/2,Apr,169.138856,5464.895321,7.62,VP,"Nov,2021",47,0.05364686,19,3.53535,7.302353,0,80,1531.25149,4.95049505,5,0,18.43624161,24.38905515,3.910761155,8.077773173,25784.95488,144.78,1169.5,45783,81,310,1767,4,7068,1942.118007,62750.04971,Apr,2022,26.55,13.4,22.35,25.15,81,76.5,7.2,66.875,215.1,9.5
5B/1,4.18,30,5B/1,Apr,177.193087,3140.556016,4.18,VP,"May,2024",17,0.02942833,34,3.892848,4.87242,240,400,1861.001192,20.36659878,5.35,1,28.82407407,28.95953003,4.306220096,5.389811427,20053.55867,142.12,766,45765,196,310,2362.2,4,9448.8,2163.965418,38353.94894,Apr,2022,26.55,13.4,22.35,25.15,81,76.5,7.2,66.875,215.1,9.5
6A/1,2,12,6A/1,Apr,177.193087,1502.658381,2,VP,"Apr,2023",30,0.014080541,33,4.218693,6.273252,160,400,2423.849821,15.63721658,3.97,2,26.64285714,29.48689956,4.666666667,6.939393939,12208.59712,66,458,45818,143,310,1116,4,4464,2250.446961,19084.565,Apr,2022,26.55,13.4,22.35,25.15,81,76.5,7.2,66.875,215.1,9.5
6A/2,2,36,6A/2,Apr,241.626937,2049.07961,2,VP,"Feb,2025",8,0.0141,26,5.273367,5.84996,160,240,1604.213349,14.1760189,4.85,3,21.84285714,20.23774146,5.833333333,6.471153846,6156.278888,52,336.5,45911,50,310,923.8,4,3695.2,3252.961859,27586.23648,Apr,2022,26.55,13.4,22.35,25.15,81,76.5,7.2,66.875,215.1,9.5
6A/2/1,2,42,6A/2/1,Apr,0,0,2,VP,"May,2024",17,0.014080541,28,5.951371,8.943199,240,480,2343.307509,19.40962394,4.3,3,25.21518987,23.84115523,6.583333333,9.892857143,11940.10742,56,554,45779,182,310,620,4,2480,1318.051251,11177.52838,Apr,2022,26.55,13.4,22.35,25.15,81,76.5,7.2,66.875,215.1,9.5
6B/2/3,3,30,6B/2/3,Apr,257.735399,3278.527376,3,VP,"Oct,2021",48,0.021120811,33,7.171779,9.52402,160,400,2800.977354,13.53179973,4.03,2,22.09243697,22.56088207,7.933333333,10.53535354,21272.15837,99,1043,45783,249,310,1295.8,4,5183.2,3032.181168,38570.91031,Apr,2022,26.55,13.4,22.35,25.15,81,76.5,7.2,66.875,215.1,9.5
6B/4,3,17,6B/4,Apr,229.54559,2919.938445,3,VP,"Feb,2025",8,0.0227,23,2.705487,2.652756,140,300,1130.435042,25.14668902,4.96,1,29.36206897,22.25229358,2.992776058,2.93444609,4385.331701,74,218,45905,56,310,930,4,3720,2700.536353,34352.217,Apr,2022,26.55,13.4,22.35,25.15,81,76.5,7.2,66.875,215.1,9.5
7,3,12,7,Apr,177.193087,2253.987571,3,VP,"Apr,2023",30,0.021120811,35,4.168471,5.010775,160,480,2437.115614,18.66251944,4.52,1,28.19277108,34.57216495,4.611111111,5.542857143,18189.4989,105,582,45783,178,310,620,4,2480,2115.893921,26915.26335,Apr,2022,26.55,13.4,22.35,25.15,81,76.5,7.2,66.875,215.1,9.5
1-Jul,3.73,7,1-Jul,Apr,112.759237,1783.382287,3.73,VP,"Sep,2023",23,0.026260208,35,3.716199,6.003623,160,400,2416.269368,15.68627451,4.38,2,29.64130435,28.727797,4.110813226,6.641133665,22516.07023,130.55,867,45788,173,250,567.5,3,1702.5,1346.140081,21290.33893,Apr,2022,26.55,13.4,22.35,25.15,81,76.5,7.2,66.875,215.1,9.5
7A,1.54,43,7A,Apr,0,0,1.54,SD,"Oct,2024",12,0.010842016,35,4.461327,4.042029,160,160,1029.994041,14.71941122,14.71941122,3,25.68421053,24.54356846,4.935064935,4.471243043,5347.193777,53.9,241,45783,301,250,600,4,2400,466.480891,3046.057286,Apr,2022,26.55,13.4,22.35,25.15,81,76.5,7.2,66.875,215.1,9.5
1-Aug,6,12,1-Aug,Apr,161.084625,4098.159221,6,VP,"Apr,2023",30,0.042241622,23,7.608715,9.560843,160,240,2372.681764,9.584664537,4.35,2,21.90594059,27.37923947,8.416666667,10.57608696,36124.06819,138,1459.5,45947,14,310,620,4,2480,1929.067342,49077.46557,Apr,2022,26.55,13.4,22.35,25.15,81,76.5,7.2,66.875,215.1,9.5
2-Aug,6.55,6,2-Aug,Apr,161.084625,4473.823816,6.55,VP,"Oct,2023",24,0.046113771,18,6.256732,8.250298,160,240,1705.601907,13.33333333,5.11,2,23.34558824,28.94423792,6.921119593,9.126378287,28154.35385,117.9,1076,45884,77,310,1860,4,7440,1895.11323,52633.22136,Apr,2022,26.55,13.4,22.35,25.15,81,76.5,7.2,66.875,215.1,9.5
9,6.45,18,9,Apr,88.596544,2423.036639,6.45,SD,"Oct,2022",36,0.045409744,22,5.85151,7.061947,160,160,1725.500596,8.786381109,8.786381109,1,20.30538922,23.18899414,6.472868217,7.811839323,23237.46679,141.9,1108.5,45783,55,250,385,4,1540,1042.312277,28506.3134,Apr,2022,26.55,13.4,22.35,25.15,81,76.5,7.2,66.875,215.1,9.5
9A,2,18,9A,Apr,161.084625,1366.053074,2,SD,Nov.2022,36,0.014080541,21,8.588054,10.503685,80,240,2105.470799,10.80108011,10.80108011,2,19.76315789,23.40163934,9.5,11.61904762,10323.74521,42,488,45783,23,180,1161,3,3483,1895.11323,16071.21263,Apr,2022,26.55,13.4,22.35,25.15,81,76.5,7.2,66.875,215.1,9.5
9A/2,2.4,23,9A/2,Apr,12.081347,122.944777,2.4,VP,Rev 2022,41,0.016896649,4,0,7.533381,40,40,65.381406,57.97101449,4.82,0,0,0,0,0,205.209296,9.6,80,45783,53,180,225,4,900,142.133492,1446.409137,Apr,2022,26.55,13.4,22.35,25.15,81,76.5,7.2,66.875,215.1,9.5
10,2.67,35,10,May,213.200238,2413.695247,2.67,SD,Feb.2025,8,0.018797522,17,4.359204,4.660439,140,220,1463.027414,14.24870466,14.24870466,3,25.04854369,22.5042735,4.822097378,5.155320555,4760.494071,45.39,234,45783,178,180,360,3,1080,2368.891538,26818.83608,May,2022,25.35,15.7,23.15,25.2,87,84.5,5.15,49.425,248.8,12.5
10/2A,3.6,37,10/2A,May,127.604291,1947.830971,3.6,VP,"June.,2024",17,0.025344973,23,6.445226,7.800871,160,320,1667.699642,18.18181818,5.72,2,30.42857143,24.89293212,7.12962963,8.629227053,16078.64557,82.8,714.5,45939,22,250,750,3,2250,923.551847,14097.66772,May,2022,25.35,15.7,23.15,25.2,87,84.5,5.15,49.425,248.8,12.5
3-Oct,2,12,3-Oct,May,170.560191,1446.409137,2,VP,"Apr,2023",30,0.014080541,27,8.136051,8.588054,160,400,2347.097735,16.14856681,4.4,3,24.55555556,27.34697856,9,9.5,12682.29611,54,513,45824,137,310,1317.5,4,5270,1895.11323,16071.21263,May,2022,25.35,15.7,23.15,25.2,87,84.5,5.15,49.425,248.8,12.5
4-Oct,1.25,48,4-Oct,May,0,0,1.25,VP,"June,2024",17,0.008800338,21,9.401659,8.437387,160,320,1772.878427,17.10315339,4.39,3,17.35897436,25.12244898,10.4,9.333333333,5564.155148,26.25,245,45918,43,250,500,4,2000,1065.243147,5646.017887,May,2022,25.35,15.7,23.15,25.2,87,84.5,5.15,49.425,248.8,12.5
11,6.48,31,11,May,187.61621,5155.002163,6.48,VP,Oct.2024,14,0.045620952,35,4.278216,5.384972,160,240,1102.008343,20.63628547,5.11,1,21.06521739,21.63508512,4.732510288,5.956790123,26423.18291,226.8,1351,45788,173,310,2030.5,4,8122,2084.624553,57277.80181,May,2022,25.35,15.7,23.15,25.2,87,84.5,5.15,49.425,248.8,12.5
1-Nov,2.98,6,1-Nov,May,297.748998,3762.270877,2.98,VP,"Oct,2023",23,0.020980006,22,9.606325,14.478432,160,320,2843.617402,10.6631123,5.46,2,21.06315789,23.67047619,10.62639821,16.01586333,22468.15793,65.56,1050,45903,58,310,2008.8,4,8035.2,2085.896441,26356.78871,May,2022,25.35,15.7,23.15,25.2,87,84.5,5.15,49.425,248.8,12.5
11/1A,2.27,24,11/1A,May,238.784267,2298.344118,2.27,VP,"Apr,2022",42,0.015981414,20,10.221504,16.377636,80,240,3101.352801,7.332722273,4.99,1,22.46753247,21.19513678,11.30690162,18.11674009,15759.53155,45.4,822.5,45783,52,310,930,4,3720,2653.158522,25537.15687,May,2022,25.35,15.7,23.15,25.2,87,84.5,5.15,49.425,248.8,12.5
12,6.39,17,12,May,136.448153,3697.021753,6.39,SD,"Nov,2022",35,0.044987328,34,3.654692,4.735149,160,400,1665.804529,22.75312856,22.75312856,1,19.72258065,24.73989455,4.04277517,5.23796373,25451.37677,217.26,1138,45783,183,250,667.5,4,2670,1516.090584,41078.01948,May,2022,25.35,15.7,23.15,25.2,87,84.5,5.15,49.425,248.8,12.5
1-Dec,4.25,7,1-Dec,May,238.784267,4303.067182,4.25,VP,"Oct,2023",24,0.029921149,25,12.49655,14.89376,320,560,4208.098927,12.60977257,4.56,3,24.52765957,27.20936875,13.82352941,16.47529412,43057.79199,106.25,1750.5,45931,30,310,1156.3,4,4625.2,2653.158522,47811.85757,May,2022,25.35,15.7,23.15,25.2,87,84.5,5.15,49.425,248.8,12.5
1A/1,4,21,1A/1,May,191.880215,3254.420558,4,VP,"Jul,2022",38,0.028161081,22,7.081378,8.516145,160,320,2228.653159,13.60544218,6.08,3,18.40425532,25.09167672,7.833333333,9.420454545,18804.22278,88,829,45931,23,200 Kgs.,180,250,310,2226.758045,37767.34968,May,2022,25.35,15.7,23.15,25.2,87,84.5,5.15,49.425,248.8,12.5
1A/2,4.09,23,1A/2,May,136.448153,2366.325348,4.09,VP,"Apr,2022",40,0.028794706,22,5.746736,8.384005,80,320,1828.784267,16.58031088,5.03,3,17.88461538,23.10245656,6.356968215,9.274283174,17428.32609,89.98,834.5,45931,30,250,1000,3,3000,1686.141087,29241.57138,May,2022,25.35,15.7,23.15,25.2,87,84.5,5.15,49.425,248.8,12.5
1B/1,2.31,23,1B/1,May,136.448153,1336.482042,2.31,VP,"May,2022",40,0.016263025,19,9.587939,8.125547,80,240,1627.902265,13.96973225,4.53,2,23.18367347,25.49809886,10.60606061,8.988380041,9093.393441,43.89,394.5,,80,250,1022.5,3,3067.5,1762.209185,17260.48236,May,2022,25.35,15.7,23.15,25.2,87,84.5,5.15,49.425,248.8,12.5
2,5.24,36,2,May,153.504172,3410.632744,5.24,VP,"Jan,2025",2,0.0369,11,0,4.07775,0,80,585.589988,12.94498382,4.39,0,0,21.56923077,0,4.510756419,5069.664024,58,260,45945,16,250,1625,4,6500,1732.726619,38498.58985,May,2022,25.35,15.7,23.15,25.2,87,84.5,5.15,49.425,248.8,12.5
2A,6.5,31,2A,May,153.504172,4230.746725,6.5,VP,"Jan 2025,",2,0.0458,16,0,4.502644,0,80,871.752086,8.695652174,4.66,0,0,20.91505792,0,4.980769231,9793.997867,104,518,45934,27,250,577.5,3,1732.5,1691.024113,46606.51663,May,2022,25.35,15.7,23.15,25.2,87,84.5,5.15,49.425,248.8,12.5
3,5,37,3,May,206.567342,4379.405442,5,VP,"Aug, 2024",15,0.035201352,21,6.388307,6.857529,160,240,1426.072706,15.94684385,5.42,2,24.03773585,24.3992467,7.066666667,7.585714286,17568.44698,105,796.5,45799,162,250,1310,4,5240,1418.302741,30069.23883,May,2022,25.35,15.7,23.15,25.2,87,84.5,5.15,49.425,248.8,12.5
4,8.09,17,4,May,187.61621,6435.797454,8.09,VP,"Nov,2022",35,0.056955787,16,6.425257,9.550586,160,240,1806.042908,12.59181532,4.75,1,20.74782609,26.17769653,7.107540173,10.56474042,32361.59642,129.44,1367.5,45840,121,310,1550,4,6200,2061.199173,70705.29996,May,2022,25.35,15.7,23.15,25.2,87,84.5,5.15,49.425,248.8,12.5
5A/1,5.7,31,5A/1,May,170.560191,4122.26604,5.7,VP,"Sep,2021",49,0.040129541,20,4.44073,7.553206,0,80,1730.238379,4.381161008,4.381161008,1,22.82142857,23.89186352,4.912280702,8.355263158,20572.45795,114,952.5,45783,44,310,2507.9,3,7523.7,1928.360831,46606.51663,May,2022,25.35,15.7,23.15,25.2,87,84.5,5.15,49.425,248.8,12.5
5A/2,7.62,29,5A/2,May,179.0882,5786.359751,7.62,VP,"Nov,2021",47,0.05364686,19,3.53535,7.302353,0,80,1531.25149,4.95049505,5,0,18.43624161,24.38905515,3.910761155,8.077773173,25784.95488,144.78,1169.5,45783,81,310,1767,4,7068,1942.118007,62750.04971,May,2022,25.35,15.7,23.15,25.2,87,84.5,5.15,49.425,248.8,12.5
5B/1,4.18,30,5B/1,May,187.61621,3325.294605,4.18,VP,"May,2024",17,0.02942833,34,3.892848,4.87242,240,400,1861.001192,20.36659878,5.35,1,28.82407407,28.95953003,4.306220096,5.389811427,20053.55867,142.12,766,45765,196,310,2362.2,4,9448.8,2163.965418,38353.94894,May,2022,25.35,15.7,23.15,25.2,87,84.5,5.15,49.425,248.8,12.5
6A/1,2,12,6A/1,May,187.61621,1591.05005,2,VP,"Apr,2023",30,0.014080541,33,4.218693,6.273252,160,400,2423.849821,15.63721658,3.97,2,26.64285714,29.48689956,4.666666667,6.939393939,12208.59712,66,458,45818,143,310,1116,4,4464,2250.446961,19084.565,May,2022,25.35,15.7,23.15,25.2,87,84.5,5.15,49.425,248.8,12.5
6A/2,2,36,6A/2,May,445.351609,3776.734968,2,VP,"Feb,2025",8,0.0141,26,5.273367,5.84996,160,240,1604.213349,14.1760189,4.85,3,21.84285714,20.23774146,5.833333333,6.471153846,6156.278888,52,336.5,45911,50,310,923.8,4,3695.2,3252.961859,27586.23648,May,2022,25.35,15.7,23.15,25.2,87,84.5,5.15,49.425,248.8,12.5
6A/2/1,2,42,6A/2/1,May,0,0,2,VP,"May,2024",17,0.014080541,28,5.951371,8.943199,240,480,2343.307509,19.40962394,4.3,3,25.21518987,23.84115523,6.583333333,9.892857143,11940.10742,56,554,45779,182,310,620,4,2480,1318.051251,11177.52838,May,2022,25.35,15.7,23.15,25.2,87,84.5,5.15,49.425,248.8,12.5
6B/2/3,3,30,6B/2/3,May,272.896305,3471.381928,3,VP,"Oct,2021",48,0.021120811,33,7.171779,9.52402,160,400,2800.977354,13.53179973,4.03,2,22.09243697,22.56088207,7.933333333,10.53535354,21272.15837,99,1043,45783,249,310,1295.8,4,5183.2,3032.181168,38570.91031,May,2022,25.35,15.7,23.15,25.2,87,84.5,5.15,49.425,248.8,12.5
6B/4,3,17,6B/4,May,243.048272,3091.69953,3,VP,"Feb,2025",8,0.0227,23,2.705487,2.652756,140,300,1130.435042,25.14668902,4.96,1,29.36206897,22.25229358,2.992776058,2.93444609,4385.331701,74,218,45905,56,310,930,4,3720,2700.536353,34352.217,May,2022,25.35,15.7,23.15,25.2,87,84.5,5.15,49.425,248.8,12.5
7,3,12,7,May,187.61621,2386.575076,3,VP,"Apr,2023",30,0.021120811,35,4.168471,5.010775,160,480,2437.115614,18.66251944,4.52,1,28.19277108,34.57216495,4.611111111,5.542857143,18189.4989,105,582,45783,178,310,620,4,2480,2115.893921,26915.26335,May,2022,25.35,15.7,23.15,25.2,87,84.5,5.15,49.425,248.8,12.5
1-Jul,3.73,7,1-Jul,May,119.392133,1888.287128,3.73,VP,"Sep,2023",23,0.026260208,35,3.716199,6.003623,160,400,2416.269368,15.68627451,4.38,2,29.64130435,28.727797,4.110813226,6.641133665,22516.07023,130.55,867,45788,173,250,567.5,3,1702.5,1346.140081,21290.33893,May,2022,25.35,15.7,23.15,25.2,87,84.5,5.15,49.425,248.8,12.5
7A,1.54,43,7A,May,0,0,1.54,SD,"Oct,2024",12,0.010842016,35,4.461327,4.042029,160,160,1029.994041,14.71941122,14.71941122,3,25.68421053,24.54356846,4.935064935,4.471243043,5347.193777,53.9,241,45783,301,250,600,4,2400,466.480891,3046.057286,May,2022,25.35,15.7,23.15,25.2,87,84.5,5.15,49.425,248.8,12.5
1-Aug,6,12,1-Aug,May,170.560191,4339.22741,6,VP,"Apr,2023",30,0.042241622,23,7.608715,9.560843,160,240,2372.681764,9.584664537,4.35,2,21.90594059,27.37923947,8.416666667,10.57608696,36124.06819,138,1459.5,45947,14,310,620,4,2480,1929.067342,49077.46557,May,2022,25.35,15.7,23.15,25.2,87,84.5,5.15,49.425,248.8,12.5
2-Aug,6.55,6,2-Aug,May,170.560191,4736.989923,6.55,VP,"Oct,2023",24,0.046113771,18,6.256732,8.250298,160,240,1705.601907,13.33333333,5.11,2,23.34558824,28.94423792,6.921119593,9.126378287,28154.35385,117.9,1076,45884,77,310,1860,4,7440,1895.11323,52633.22136,May,2022,25.35,15.7,23.15,25.2,87,84.5,5.15,49.425,248.8,12.5
9,6.45,18,9,May,93.808105,2565.568206,6.45,SD,"Oct,2022",36,0.045409744,22,5.85151,7.061947,160,160,1725.500596,8.786381109,8.786381109,1,20.30538922,23.18899414,6.472868217,7.811839323,23237.46679,141.9,1108.5,45783,55,250,385,4,1540,1042.312277,28506.3134,May,2022,25.35,15.7,23.15,25.2,87,84.5,5.15,49.425,248.8,12.5
9A,2,18,9A,May,170.560191,1446.409137,2,SD,Nov.2022,36,0.014080541,21,8.588054,10.503685,80,240,2105.470799,10.80108011,10.80108011,2,19.76315789,23.40163934,9.5,11.61904762,10323.74521,42,488,45783,23,180,1161,3,3483,1895.11323,16071.21263,May,2022,25.35,15.7,23.15,25.2,87,84.5,5.15,49.425,248.8,12.5
9A/2,2.4,23,9A/2,May,12.792014,130.176822,2.4,VP,Rev 2022,41,0.016896649,4,0,7.533381,40,40,65.381406,57.97101449,4.82,0,0,0,0,0,205.209296,9.6,80,45783,53,180,225,4,900,142.133492,1446.409137,May,2022,25.35,15.7,23.15,25.2,87,84.5,5.15,49.425,248.8,12.5
10,2.67,35,10,Jun,213.200238,2413.695247,2.67,SD,Feb.2025,8,0.018797522,17,4.359204,4.660439,140,220,1463.027414,14.24870466,14.24870466,3,25.04854369,22.5042735,4.822097378,5.155320555,4760.494071,45.39,234,45783,178,180,360,3,1080,2368.891538,26818.83608,Jun,2022,24.05,16,23.25,25,89.5,82.5,4.2,42.575,144.7,9.5
10/2A,3.6,37,10/2A,Jun,129.183552,1971.93779,3.6,VP,"June.,2024",17,0.025344973,23,6.445226,7.800871,160,320,1667.699642,18.18181818,5.72,2,30.42857143,24.89293212,7.12962963,8.629227053,16078.64557,82.8,714.5,45939,22,250,750,3,2250,923.551847,14097.66772,Jun,2022,24.05,16,23.25,25,89.5,82.5,4.2,42.575,144.7,9.5
3-Oct,2,12,3-Oct,Jun,170.560191,1446.409137,2,VP,"Apr,2023",30,0.014080541,27,8.136051,8.588054,160,400,2347.097735,16.14856681,4.4,3,24.55555556,27.34697856,9,9.5,12682.29611,54,513,45824,137,310,1317.5,4,5270,1895.11323,16071.21263,Jun,2022,24.05,16,23.25,25,89.5,82.5,4.2,42.575,144.7,9.5
4-Oct,1.25,48,4-Oct,Jun,0,0,1.25,VP,"June,2024",17,0.008800338,21,9.401659,8.437387,160,320,1772.878427,17.10315339,4.39,3,17.35897436,25.12244898,10.4,9.333333333,5564.155148,26.25,245,45918,43,250,500,4,2000,1065.243147,5646.017887,Jun,2022,24.05,16,23.25,25,89.5,82.5,4.2,42.575,144.7,9.5
11,6.48,31,11,Jun,187.61621,5155.002163,6.48,VP,Oct.2024,14,0.045620952,35,4.278216,5.384972,160,240,1102.008343,20.63628547,5.11,1,21.06521739,21.63508512,4.732510288,5.956790123,26423.18291,226.8,1351,45788,173,310,2030.5,4,8122,2084.624553,57277.80181,Jun,2022,24.05,16,23.25,25,89.5,82.5,4.2,42.575,144.7,9.5
1-Nov,2.98,6,1-Nov,Jun,265.951796,3360.490561,2.98,VP,"Oct,2023",23,0.020980006,22,9.606325,14.478432,160,320,2843.617402,10.6631123,5.46,2,21.06315789,23.67047619,10.62639821,16.01586333,22468.15793,65.56,1050,45903,58,310,2008.8,4,8035.2,2085.896441,26356.78871,Jun,2022,24.05,16,23.25,25,89.5,82.5,4.2,42.575,144.7,9.5
11/1A,2.27,24,11/1A,Jun,238.784267,2298.344118,2.27,VP,"Apr,2022",42,0.015981414,20,10.221504,16.377636,80,240,3101.352801,7.332722273,4.99,1,22.46753247,21.19513678,11.30690162,18.11674009,15759.53155,45.4,822.5,45783,52,310,930,4,3720,2653.158522,25537.15687,Jun,2022,24.05,16,23.25,25,89.5,82.5,4.2,42.575,144.7,9.5
12,6.39,17,12,Jun,136.448153,3697.021753,6.39,SD,"Nov,2022",35,0.044987328,34,3.654692,4.735149,160,400,1665.804529,22.75312856,22.75312856,1,19.72258065,24.73989455,4.04277517,5.23796373,25451.37677,217.26,1138,45783,183,250,667.5,4,2670,1516.090584,41078.01948,Jun,2022,24.05,16,23.25,25,89.5,82.5,4.2,42.575,144.7,9.5
1-Dec,4.25,7,1-Dec,Jun,238.784267,4303.067182,4.25,VP,"Oct,2023",24,0.029921149,25,12.49655,14.89376,320,560,4208.098927,12.60977257,4.56,3,24.52765957,27.20936875,13.82352941,16.47529412,43057.79199,106.25,1750.5,45931,30,310,1156.3,4,4625.2,2653.158522,47811.85757,Jun,2022,24.05,16,23.25,25,89.5,82.5,4.2,42.575,144.7,9.5
1A/1,4,21,1A/1,Jun,191.880215,3254.420558,4,VP,"Jul,2022",38,0.028161081,22,7.081378,8.516145,160,320,2228.653159,13.60544218,6.08,3,18.40425532,25.09167672,7.833333333,9.420454545,18804.22278,88,829,45931,23,200 Kgs.,180,250,310,2226.758045,37767.34968,Jun,2022,24.05,16,23.25,25,89.5,82.5,4.2,42.575,144.7,9.5
1A/2,4.09,23,1A/2,Jun,136.448153,2366.325348,4.09,VP,"Apr,2022",40,0.028794706,22,5.746736,8.384005,80,320,1828.784267,16.58031088,5.03,3,17.88461538,23.10245656,6.356968215,9.274283174,17428.32609,89.98,834.5,45931,30,250,1000,3,3000,1686.141087,29241.57138,Jun,2022,24.05,16,23.25,25,89.5,82.5,4.2,42.575,144.7,9.5
1B/1,2.31,23,1B/1,Jun,136.448153,1336.482042,2.31,VP,"May,2022",40,0.016263025,19,9.587939,8.125547,80,240,1627.902265,13.96973225,4.53,2,23.18367347,25.49809886,10.60606061,8.988380041,9093.393441,43.89,394.5,,80,250,1022.5,3,3067.5,1762.209185,17260.48236,Jun,2022,24.05,16,23.25,25,89.5,82.5,4.2,42.575,144.7,9.5
2,5.24,36,2,Jun,153.504172,3410.632744,5.24,VP,"Jan,2025",2,0.0369,11,0,4.07775,0,80,585.589988,12.94498382,4.39,0,0,21.56923077,0,4.510756419,5069.664024,58,260,45945,16,250,1625,4,6500,1732.726619,38498.58985,Jun,2022,24.05,16,23.25,25,89.5,82.5,4.2,42.575,144.7,9.5
2A,6.5,31,2A,Jun,153.504172,4230.746725,6.5,VP,"Jan 2025,",2,0.0458,16,0,4.502644,0,80,871.752086,8.695652174,4.66,0,0,20.91505792,0,4.980769231,9793.997867,104,518,45934,27,250,577.5,3,1732.5,1691.024113,46606.51663,Jun,2022,24.05,16,23.25,25,89.5,82.5,4.2,42.575,144.7,9.5
3,5,37,3,Jun,206.567342,4379.405442,5,VP,"Aug, 2024",15,0.035201352,21,6.388307,6.857529,160,240,1426.072706,15.94684385,5.42,2,24.03773585,24.3992467,7.066666667,7.585714286,17568.44698,105,796.5,45799,162,250,1310,4,5240,1418.302741,30069.23883,Jun,2022,24.05,16,23.25,25,89.5,82.5,4.2,42.575,144.7,9.5
4,8.09,17,4,Jun,187.61621,6435.797454,8.09,VP,"Nov,2022",35,0.056955787,16,6.425257,9.550586,160,240,1806.042908,12.59181532,4.75,1,20.74782609,26.17769653,7.107540173,10.56474042,32361.59642,129.44,1367.5,45840,121,310,1550,4,6200,2061.199173,70705.29996,Jun,2022,24.05,16,23.25,25,89.5,82.5,4.2,42.575,144.7,9.5
5A/1,5.7,31,5A/1,Jun,170.560191,4122.26604,5.7,VP,"Sep,2021",49,0.040129541,20,4.44073,7.553206,0,80,1730.238379,4.381161008,4.381161008,1,22.82142857,23.89186352,4.912280702,8.355263158,20572.45795,114,952.5,45783,44,310,2507.9,3,7523.7,1928.360831,46606.51663,Jun,2022,24.05,16,23.25,25,89.5,82.5,4.2,42.575,144.7,9.5
5A/2,7.62,29,5A/2,Jun,179.0882,5786.359751,7.62,VP,"Nov,2021",47,0.05364686,19,3.53535,7.302353,0,80,1531.25149,4.95049505,5,0,18.43624161,24.38905515,3.910761155,8.077773173,25784.95488,144.78,1169.5,45783,81,310,1767,4,7068,1942.118007,62750.04971,Jun,2022,24.05,16,23.25,25,89.5,82.5,4.2,42.575,144.7,9.5
5B/1,4.18,30,5B/1,Jun,187.61621,3325.294605,4.18,VP,"May,2024",17,0.02942833,34,3.892848,4.87242,240,400,1861.001192,20.36659878,5.35,1,28.82407407,28.95953003,4.306220096,5.389811427,20053.55867,142.12,766,45765,196,310,2362.2,4,9448.8,2163.965418,38353.94894,Jun,2022,24.05,16,23.25,25,89.5,82.5,4.2,42.575,144.7,9.5
6A/1,2,12,6A/1,Jun,187.61621,1591.05005,2,VP,"Apr,2023",30,0.014080541,33,4.218693,6.273252,160,400,2423.849821,15.63721658,3.97,2,26.64285714,29.48689956,4.666666667,6.939393939,12208.59712,66,458,45818,143,310,1116,4,4464,2250.446961,19084.565,Jun,2022,24.05,16,23.25,25,89.5,82.5,4.2,42.575,144.7,9.5
6A/2,2,36,6A/2,Jun,397.973778,3374.954652,2,VP,"Feb,2025",8,0.0141,26,5.273367,5.84996,160,240,1604.213349,14.1760189,4.85,3,21.84285714,20.23774146,5.833333333,6.471153846,6156.278888,52,336.5,45911,50,310,923.8,4,3695.2,3252.961859,27586.23648,Jun,2022,24.05,16,23.25,25,89.5,82.5,4.2,42.575,144.7,9.5
6A/2/1,2,42,6A/2/1,Jun,0,0,2,VP,"May,2024",17,0.014080541,28,5.951371,8.943199,240,480,2343.307509,19.40962394,4.3,3,25.21518987,23.84115523,6.583333333,9.892857143,11940.10742,56,554,45779,182,310,620,4,2480,1318.051251,11177.52838,Jun,2022,24.05,16,23.25,25,89.5,82.5,4.2,42.575,144.7,9.5
6B/2/3,3,30,6B/2/3,Jun,272.896305,3471.381928,3,VP,"Oct,2021",48,0.021120811,33,7.171779,9.52402,160,400,2800.977354,13.53179973,4.03,2,22.09243697,22.56088207,7.933333333,10.53535354,21272.15837,99,1043,45783,249,310,1295.8,4,5183.2,3032.181168,38570.91031,Jun,2022,24.05,16,23.25,25,89.5,82.5,4.2,42.575,144.7,9.5
6B/4,3,17,6B/4,Jun,243.048272,3091.69953,3,VP,"Feb,2025",8,0.0227,23,2.705487,2.652756,140,300,1130.435042,25.14668902,4.96,1,29.36206897,22.25229358,2.992776058,2.93444609,4385.331701,74,218,45905,56,310,930,4,3720,2700.536353,34352.217,Jun,2022,24.05,16,23.25,25,89.5,82.5,4.2,42.575,144.7,9.5
7,3,12,7,Jun,218.885578,2784.337588,3,VP,"Apr,2023",30,0.021120811,35,4.168471,5.010775,160,480,2437.115614,18.66251944,4.52,1,28.19277108,34.57216495,4.611111111,5.542857143,18189.4989,105,582,45783,178,310,620,4,2480,2115.893921,26915.26335,Jun,2022,24.05,16,23.25,25,89.5,82.5,4.2,42.575,144.7,9.5
1-Jul,3.73,7,1-Jul,Jun,119.392133,1888.287128,3.73,VP,"Sep,2023",23,0.026260208,35,3.716199,6.003623,160,400,2416.269368,15.68627451,4.38,2,29.64130435,28.727797,4.110813226,6.641133665,22516.07023,130.55,867,45788,173,250,567.5,3,1702.5,1346.140081,21290.33893,Jun,2022,24.05,16,23.25,25,89.5,82.5,4.2,42.575,144.7,9.5
7A,1.54,43,7A,Jun,0,0,1.54,SD,"Oct,2024",12,0.010842016,35,4.461327,4.042029,160,160,1029.994041,14.71941122,14.71941122,3,25.68421053,24.54356846,4.935064935,4.471243043,5347.193777,53.9,241,45783,301,250,600,4,2400,466.480891,3046.057286,Jun,2022,24.05,16,23.25,25,89.5,82.5,4.2,42.575,144.7,9.5
1-Aug,6,12,1-Aug,Jun,170.560191,4339.22741,6,VP,"Apr,2023",30,0.042241622,23,7.608715,9.560843,160,240,2372.681764,9.584664537,4.35,2,21.90594059,27.37923947,8.416666667,10.57608696,36124.06819,138,1459.5,45947,14,310,620,4,2480,1929.067342,49077.46557,Jun,2022,24.05,16,23.25,25,89.5,82.5,4.2,42.575,144.7,9.5
2-Aug,6.55,6,2-Aug,Jun,170.560191,4736.989923,6.55,VP,"Oct,2023",24,0.046113771,18,6.256732,8.250298,160,240,1705.601907,13.33333333,5.11,2,23.34558824,28.94423792,6.921119593,9.126378287,28154.35385,117.9,1076,45884,77,310,1860,4,7440,1895.11323,52633.22136,Jun,2022,24.05,16,23.25,25,89.5,82.5,4.2,42.575,144.7,9.5
9,6.45,18,9,Jun,93.808105,2565.568206,6.45,SD,"Oct,2022",36,0.045409744,22,5.85151,7.061947,160,160,1725.500596,8.786381109,8.786381109,1,20.30538922,23.18899414,6.472868217,7.811839323,23237.46679,141.9,1108.5,45783,55,250,385,4,1540,1042.312277,28506.3134,Jun,2022,24.05,16,23.25,25,89.5,82.5,4.2,42.575,144.7,9.5
9A,2,18,9A,Jun,170.560191,1446.409137,2,SD,Nov.2022,36,0.014080541,21,8.588054,10.503685,80,240,2105.470799,10.80108011,10.80108011,2,19.76315789,23.40163934,9.5,11.61904762,10323.74521,42,488,45783,23,180,1161,3,3483,1895.11323,16071.21263,Jun,2022,24.05,16,23.25,25,89.5,82.5,4.2,42.575,144.7,9.5
9A/2,2.4,23,9A/2,Jun,12.792014,130.176822,2.4,VP,Rev 2022,41,0.016896649,4,0,7.533381,40,40,65.381406,57.97101449,4.82,0,0,0,0,0,205.209296,9.6,80,45783,53,180,225,4,900,142.133492,1446.409137,Jun,2022,24.05,16,23.25,25,89.5,82.5,4.2,42.575,144.7,9.5
10,2.67,35,10,Jul,165.822408,1877.318525,2.67,SD,Feb.2025,8,0.018797522,17,4.359204,4.660439,140,220,1463.027414,14.24870466,14.24870466,3,25.04854369,22.5042735,4.822097378,5.155320555,4760.494071,45.39,234,45783,178,180,360,3,1080,2368.891538,26818.83608,Jul,2022,23.3,16.05,22,23.6,91,84,3.8,42.995,266.85,13.5
10/2A,3.6,37,10/2A,Jul,109.600715,1673.013235,3.6,VP,"June.,2024",17,0.025344973,23,6.445226,7.800871,160,320,1667.699642,18.18181818,5.72,2,30.42857143,24.89293212,7.12962963,8.629227053,16078.64557,82.8,714.5,45939,22,250,750,3,2250,923.551847,14097.66772,Jul,2022,23.3,16.05,22,23.6,91,84,3.8,42.995,266.85,13.5
3-Oct,2,12,3-Oct,Jul,132.657926,1124.984884,2,VP,"Apr,2023",30,0.014080541,27,8.136051,8.588054,160,400,2347.097735,16.14856681,4.4,3,24.55555556,27.34697856,9,9.5,12682.29611,54,513,45824,137,310,1317.5,4,5270,1895.11323,16071.21263,Jul,2022,23.3,16.05,22,23.6,91,84,3.8,42.995,266.85,13.5
4-Oct,1.25,48,4-Oct,Jul,92.860548,492.180887,1.25,VP,"June,2024",17,0.008800338,21,9.401659,8.437387,160,320,1772.878427,17.10315339,4.39,3,17.35897436,25.12244898,10.4,9.333333333,5564.155148,26.25,245,45918,43,250,500,4,2000,1065.243147,5646.017887,Jul,2022,23.3,16.05,22,23.6,91,84,3.8,42.995,266.85,13.5
11,6.48,31,11,Jul,145.923719,4009.446127,6.48,VP,Oct.2024,14,0.045620952,35,4.278216,5.384972,160,240,1102.008343,20.63628547,5.11,1,21.06521739,21.63508512,4.732510288,5.956790123,26423.18291,226.8,1351,45788,173,310,2030.5,4,8122,2084.624553,57277.80181,Jul,2022,23.3,16.05,22,23.6,91,84,3.8,42.995,266.85,13.5
1-Nov,2.98,6,1-Nov,Jul,132.657926,1676.227477,2.98,VP,"Oct,2023",23,0.020980006,22,9.606325,14.478432,160,320,2843.617402,10.6631123,5.46,2,21.06315789,23.67047619,10.62639821,16.01586333,22468.15793,65.56,1050,45903,58,310,2008.8,4,8035.2,2085.896441,26356.78871,Jul,2022,23.3,16.05,22,23.6,91,84,3.8,42.995,266.85,13.5
11/1A,2.27,24,11/1A,Jul,185.721097,1787.600981,2.27,VP,"Apr,2022",42,0.015981414,20,10.221504,16.377636,80,240,3101.352801,7.332722273,4.99,1,22.46753247,21.19513678,11.30690162,18.11674009,15759.53155,45.4,822.5,45783,52,310,930,4,3720,2653.158522,25537.15687,Jul,2022,23.3,16.05,22,23.6,91,84,3.8,42.995,266.85,13.5
12,6.39,17,12,Jul,106.126341,2875.461364,6.39,SD,"Nov,2022",35,0.044987328,34,3.654692,4.735149,160,400,1665.804529,22.75312856,22.75312856,1,19.72258065,24.73989455,4.04277517,5.23796373,25451.37677,217.26,1138,45783,183,250,667.5,4,2670,1516.090584,41078.01948,Jul,2022,23.3,16.05,22,23.6,91,84,3.8,42.995,266.85,13.5
1-Dec,4.25,7,1-Dec,Jul,185.721097,3346.83003,4.25,VP,"Oct,2023",24,0.029921149,25,12.49655,14.89376,320,560,4208.098927,12.60977257,4.56,3,24.52765957,27.20936875,13.82352941,16.47529412,43057.79199,106.25,1750.5,45931,30,310,1156.3,4,4625.2,2653.158522,47811.85757,Jul,2022,23.3,16.05,22,23.6,91,84,3.8,42.995,266.85,13.5
1A/1,4,21,1A/1,Jul,149.240167,2531.215989,4,VP,"Jul,2022",38,0.028161081,22,7.081378,8.516145,160,320,2228.653159,13.60544218,6.08,3,18.40425532,25.09167672,7.833333333,9.420454545,18804.22278,88,829,45931,23,200 Kgs.,180,250,310,2226.758045,37767.34968,Jul,2022,23.3,16.05,22,23.6,91,84,3.8,42.995,266.85,13.5
1A/2,4.09,23,1A/2,Jul,106.126341,1840.47527,4.09,VP,"Apr,2022",40,0.028794706,22,5.746736,8.384005,80,320,1828.784267,16.58031088,5.03,3,17.88461538,23.10245656,6.356968215,9.274283174,17428.32609,89.98,834.5,45931,30,250,1000,3,3000,1686.141087,29241.57138,Jul,2022,23.3,16.05,22,23.6,91,84,3.8,42.995,266.85,13.5
1B/1,2.31,23,1B/1,Jul,106.126341,1039.486033,2.31,VP,"May,2022",40,0.016263025,19,9.587939,8.125547,80,240,1627.902265,13.96973225,4.53,2,23.18367347,25.49809886,10.60606061,8.988380041,9093.393441,43.89,394.5,,80,250,1022.5,3,3067.5,1762.209185,17260.48236,Jul,2022,23.3,16.05,22,23.6,91,84,3.8,42.995,266.85,13.5
2,5.24,36,2,Jul,119.392133,2652.714357,5.24,VP,"Jan,2025",2,0.0369,11,0,4.07775,0,80,585.589988,12.94498382,4.39,0,0,21.56923077,0,4.510756419,5069.664024,58,260,45945,16,250,1625,4,6500,1732.726619,38498.58985,Jul,2022,23.3,16.05,22,23.6,91,84,3.8,42.995,266.85,13.5
2A,6.5,31,2A,Jul,119.392133,3290.580786,6.5,VP,"Jan 2025,",2,0.0458,16,0,4.502644,0,80,871.752086,8.695652174,4.66,0,0,20.91505792,0,4.980769231,9793.997867,104,518,45934,27,250,577.5,3,1732.5,1691.024113,46606.51663,Jul,2022,23.3,16.05,22,23.6,91,84,3.8,42.995,266.85,13.5
3,5,37,3,Jul,259.630513,5504.390326,5,VP,"Aug, 2024",15,0.035201352,21,6.388307,6.857529,160,240,1426.072706,15.94684385,5.42,2,24.03773585,24.3992467,7.066666667,7.585714286,17568.44698,105,796.5,45799,162,250,1310,4,5240,1418.302741,30069.23883,Jul,2022,23.3,16.05,22,23.6,91,84,3.8,42.995,266.85,13.5
4,8.09,17,4,Jul,145.923719,5005.620242,8.09,VP,"Nov,2022",35,0.056955787,16,6.425257,9.550586,160,240,1806.042908,12.59181532,4.75,1,20.74782609,26.17769653,7.107540173,10.56474042,32361.59642,129.44,1367.5,45840,121,310,1550,4,6200,2061.199173,70705.29996,Jul,2022,23.3,16.05,22,23.6,91,84,3.8,42.995,266.85,13.5
5A/1,5.7,31,5A/1,Jul,132.657926,3206.20692,5.7,VP,"Sep,2021",49,0.040129541,20,4.44073,7.553206,0,80,1730.238379,4.381161008,4.381161008,1,22.82142857,23.89186352,4.912280702,8.355263158,20572.45795,114,952.5,45783,44,310,2507.9,3,7523.7,1928.360831,46606.51663,Jul,2022,23.3,16.05,22,23.6,91,84,3.8,42.995,266.85,13.5
5A/2,7.62,29,5A/2,Jul,139.290822,4500.502029,7.62,VP,"Nov,2021",47,0.05364686,19,3.53535,7.302353,0,80,1531.25149,4.95049505,5,0,18.43624161,24.38905515,3.910761155,8.077773173,25784.95488,144.78,1169.5,45783,81,310,1767,4,7068,1942.118007,62750.04971,Jul,2022,23.3,16.05,22,23.6,91,84,3.8,42.995,266.85,13.5
5B/1,4.18,30,5B/1,Jul,145.923719,2586.340248,4.18,VP,"May,2024",17,0.02942833,34,3.892848,4.87242,240,400,1861.001192,20.36659878,5.35,1,28.82407407,28.95953003,4.306220096,5.389811427,20053.55867,142.12,766,45765,196,310,2362.2,4,9448.8,2163.965418,38353.94894,Jul,2022,23.3,16.05,22,23.6,91,84,3.8,42.995,266.85,13.5
6A/1,2,12,6A/1,Jul,145.923719,1237.483372,2,VP,"Apr,2023",30,0.014080541,33,4.218693,6.273252,160,400,2423.849821,15.63721658,3.97,2,26.64285714,29.48689956,4.666666667,6.939393939,12208.59712,66,458,45818,143,310,1116,4,4464,2250.446961,19084.565,Jul,2022,23.3,16.05,22,23.6,91,84,3.8,42.995,266.85,13.5
6A/2,2,36,6A/2,Jul,198.986889,1687.477326,2,VP,"Feb,2025",8,0.0141,26,5.273367,5.84996,160,240,1604.213349,14.1760189,4.85,3,21.84285714,20.23774146,5.833333333,6.471153846,6156.278888,52,336.5,45911,50,310,923.8,4,3695.2,3252.961859,27586.23648,Jul,2022,23.3,16.05,22,23.6,91,84,3.8,42.995,266.85,13.5
6A/2/1,2,42,6A/2/1,Jul,106.126341,899.987907,2,VP,"May,2024",17,0.014080541,28,5.951371,8.943199,240,480,2343.307509,19.40962394,4.3,3,25.21518987,23.84115523,6.583333333,9.892857143,11940.10742,56,554,45779,182,310,620,4,2480,1318.051251,11177.52838,Jul,2022,23.3,16.05,22,23.6,91,84,3.8,42.995,266.85,13.5
6B/2/3,3,30,6B/2/3,Jul,212.252682,2699.963722,3,VP,"Oct,2021",48,0.021120811,33,7.171779,9.52402,160,400,2800.977354,13.53179973,4.03,2,22.09243697,22.56088207,7.933333333,10.53535354,21272.15837,99,1043,45783,249,310,1295.8,4,5183.2,3032.181168,38570.91031,Jul,2022,23.3,16.05,22,23.6,91,84,3.8,42.995,266.85,13.5
6B/4,3,17,6B/4,Jul,189.037545,2404.65519,3,VP,"Feb,2025",8,0.0227,23,2.705487,2.652756,140,300,1130.435042,25.14668902,4.96,1,29.36206897,22.25229358,2.992776058,2.93444609,4385.331701,74,218,45905,56,310,930,4,3720,2700.536353,34352.217,Jul,2022,23.3,16.05,22,23.6,91,84,3.8,42.995,266.85,13.5
7,3,12,7,Jul,145.923719,1856.225059,3,VP,"Apr,2023",30,0.021120811,35,4.168471,5.010775,160,480,2437.115614,18.66251944,4.52,1,28.19277108,34.57216495,4.611111111,5.542857143,18189.4989,105,582,45783,178,310,620,4,2480,2115.893921,26915.26335,Jul,2022,23.3,16.05,22,23.6,91,84,3.8,42.995,266.85,13.5
1-Jul,3.73,7,1-Jul,Jul,92.860548,1468.667766,3.73,VP,"Sep,2023",23,0.026260208,35,3.716199,6.003623,160,400,2416.269368,15.68627451,4.38,2,29.64130435,28.727797,4.110813226,6.641133665,22516.07023,130.55,867,45788,173,250,567.5,3,1702.5,1346.140081,21290.33893,Jul,2022,23.3,16.05,22,23.6,91,84,3.8,42.995,266.85,13.5
7A,1.54,43,7A,Jul,39.797378,259.871508,1.54,SD,"Oct,2024",12,0.010842016,35,4.461327,4.042029,160,160,1029.994041,14.71941122,14.71941122,3,25.68421053,24.54356846,4.935064935,4.471243043,5347.193777,53.9,241,45783,301,250,600,4,2400,466.480891,3046.057286,Jul,2022,23.3,16.05,22,23.6,91,84,3.8,42.995,266.85,13.5
1-Aug,6,12,1-Aug,Jul,132.657926,3374.954652,6,VP,"Apr,2023",30,0.042241622,23,7.608715,9.560843,160,240,2372.681764,9.584664537,4.35,2,21.90594059,27.37923947,8.416666667,10.57608696,36124.06819,138,1459.5,45947,14,310,620,4,2480,1929.067342,49077.46557,Jul,2022,23.3,16.05,22,23.6,91,84,3.8,42.995,266.85,13.5
2-Aug,6.55,6,2-Aug,Jul,132.657926,3684.325495,6.55,VP,"Oct,2023",24,0.046113771,18,6.256732,8.250298,160,240,1705.601907,13.33333333,5.11,2,23.34558824,28.94423792,6.921119593,9.126378287,28154.35385,117.9,1076,45884,77,310,1860,4,7440,1895.11323,52633.22136,Jul,2022,23.3,16.05,22,23.6,91,84,3.8,42.995,266.85,13.5
9,6.45,18,9,Jul,72.961859,1995.441938,6.45,SD,"Oct,2022",36,0.045409744,22,5.85151,7.061947,160,160,1725.500596,8.786381109,8.786381109,1,20.30538922,23.18899414,6.472868217,7.811839323,23237.46679,141.9,1108.5,45783,55,250,385,4,1540,1042.312277,28506.3134,Jul,2022,23.3,16.05,22,23.6,91,84,3.8,42.995,266.85,13.5
9A,2,18,9A,Jul,132.657926,1124.984884,2,SD,Nov.2022,36,0.014080541,21,8.588054,10.503685,80,240,2105.470799,10.80108011,10.80108011,2,19.76315789,23.40163934,9.5,11.61904762,10323.74521,42,488,45783,23,180,1161,3,3483,1895.11323,16071.21263,Jul,2022,23.3,16.05,22,23.6,91,84,3.8,42.995,266.85,13.5
9A/2,2.4,23,9A/2,Jul,9.949344,101.24864,2.4,VP,Rev 2022,41,0.016896649,4,0,7.533381,40,40,65.381406,57.97101449,4.82,0,0,0,0,0,205.209296,9.6,80,45783,53,180,225,4,900,142.133492,1446.409137,Jul,2022,23.3,16.05,22,23.6,91,84,3.8,42.995,266.85,13.5
10,2.67,35,10,Aug,165.822408,1877.318525,2.67,SD,Feb.2025,8,0.018797522,17,4.359204,4.660439,140,220,1463.027414,14.24870466,14.24870466,3,25.04854369,22.5042735,4.822097378,5.155320555,4760.494071,45.39,234,45783,178,180,360,3,1080,2368.891538,26818.83608,Aug,2022,24.35,15.25,22.5,25.1,88.5,81,4.85,54.835,102.9,8
10/2A,3.6,37,10/2A,Aug,79.594756,1214.983675,3.6,VP,"June.,2024",17,0.025344973,23,6.445226,7.800871,160,320,1667.699642,18.18181818,5.72,2,30.42857143,24.89293212,7.12962963,8.629227053,16078.64557,82.8,714.5,45939,22,250,750,3,2250,923.551847,14097.66772,Aug,2022,24.35,15.25,22.5,25.1,88.5,81,4.85,54.835,102.9,8
3-Oct,2,12,3-Oct,Aug,132.657926,1124.984884,2,VP,"Apr,2023",30,0.014080541,27,8.136051,8.588054,160,400,2347.097735,16.14856681,4.4,3,24.55555556,27.34697856,9,9.5,12682.29611,54,513,45824,137,310,1317.5,4,5270,1895.11323,16071.21263,Aug,2022,24.35,15.25,22.5,25.1,88.5,81,4.85,54.835,102.9,8
4-Oct,1.25,48,4-Oct,Aug,92.860548,492.180887,1.25,VP,"June,2024",17,0.008800338,21,9.401659,8.437387,160,320,1772.878427,17.10315339,4.39,3,17.35897436,25.12244898,10.4,9.333333333,5564.155148,26.25,245,45918,43,250,500,4,2000,1065.243147,5646.017887,Aug,2022,24.35,15.25,22.5,25.1,88.5,81,4.85,54.835,102.9,8
11,6.48,31,11,Aug,145.923719,4009.446127,6.48,VP,Oct.2024,14,0.045620952,35,4.278216,5.384972,160,240,1102.008343,20.63628547,5.11,1,21.06521739,21.63508512,4.732510288,5.956790123,26423.18291,226.8,1351,45788,173,310,2030.5,4,8122,2084.624553,57277.80181,Aug,2022,24.35,15.25,22.5,25.1,88.5,81,4.85,54.835,102.9,8
1-Nov,2.98,6,1-Nov,Aug,132.657926,1676.227477,2.98,VP,"Oct,2023",23,0.020980006,22,9.606325,14.478432,160,320,2843.617402,10.6631123,5.46,2,21.06315789,23.67047619,10.62639821,16.01586333,22468.15793,65.56,1050,45903,58,310,2008.8,4,8035.2,2085.896441,26356.78871,Aug,2022,24.35,15.25,22.5,25.1,88.5,81,4.85,54.835,102.9,8
11/1A,2.27,24,11/1A,Aug,185.721097,1787.600981,2.27,VP,"Apr,2022",42,0.015981414,20,10.221504,16.377636,80,240,3101.352801,7.332722273,4.99,1,22.46753247,21.19513678,11.30690162,18.11674009,15759.53155,45.4,822.5,45783,52,310,930,4,3720,2653.158522,25537.15687,Aug,2022,24.35,15.25,22.5,25.1,88.5,81,4.85,54.835,102.9,8
12,6.39,17,12,Aug,106.126341,2875.461364,6.39,SD,"Nov,2022",35,0.044987328,34,3.654692,4.735149,160,400,1665.804529,22.75312856,22.75312856,1,19.72258065,24.73989455,4.04277517,5.23796373,25451.37677,217.26,1138,45783,183,250,667.5,4,2670,1516.090584,41078.01948,Aug,2022,24.35,15.25,22.5,25.1,88.5,81,4.85,54.835,102.9,8
1-Dec,4.25,7,1-Dec,Aug,185.721097,3346.83003,4.25,VP,"Oct,2023",24,0.029921149,25,12.49655,14.89376,320,560,4208.098927,12.60977257,4.56,3,24.52765957,27.20936875,13.82352941,16.47529412,43057.79199,106.25,1750.5,45931,30,310,1156.3,4,4625.2,2653.158522,47811.85757,Aug,2022,24.35,15.25,22.5,25.1,88.5,81,4.85,54.835,102.9,8
1A/1,4,21,1A/1,Aug,149.240167,2531.215989,4,VP,"Jul,2022",38,0.028161081,22,7.081378,8.516145,160,320,2228.653159,13.60544218,6.08,3,18.40425532,25.09167672,7.833333333,9.420454545,18804.22278,88,829,45931,23,200 Kgs.,180,250,310,2226.758045,37767.34968,Aug,2022,24.35,15.25,22.5,25.1,88.5,81,4.85,54.835,102.9,8
1A/2,4.09,23,1A/2,Aug,106.126341,1840.47527,4.09,VP,"Apr,2022",40,0.028794706,22,5.746736,8.384005,80,320,1828.784267,16.58031088,5.03,3,17.88461538,23.10245656,6.356968215,9.274283174,17428.32609,89.98,834.5,45931,30,250,1000,3,3000,1686.141087,29241.57138,Aug,2022,24.35,15.25,22.5,25.1,88.5,81,4.85,54.835,102.9,8
1B/1,2.31,23,1B/1,Aug,106.126341,1039.486033,2.31,VP,"May,2022",40,0.016263025,19,9.587939,8.125547,80,240,1627.902265,13.96973225,4.53,2,23.18367347,25.49809886,10.60606061,8.988380041,9093.393441,43.89,394.5,,80,250,1022.5,3,3067.5,1762.209185,17260.48236,Aug,2022,24.35,15.25,22.5,25.1,88.5,81,4.85,54.835,102.9,8
2,5.24,36,2,Aug,119.392133,2652.714357,5.24,VP,"Jan,2025",2,0.0369,11,0,4.07775,0,80,585.589988,12.94498382,4.39,0,0,21.56923077,0,4.510756419,5069.664024,58,260,45945,16,250,1625,4,6500,1732.726619,38498.58985,Aug,2022,24.35,15.25,22.5,25.1,88.5,81,4.85,54.835,102.9,8
2A,6.5,31,2A,Aug,119.392133,3290.580786,6.5,VP,"Jan 2025,",2,0.0458,16,0,4.502644,0,80,871.752086,8.695652174,4.66,0,0,20.91505792,0,4.980769231,9793.997867,104,518,45934,27,250,577.5,3,1732.5,1691.024113,46606.51663,Aug,2022,24.35,15.25,22.5,25.1,88.5,81,4.85,54.835,102.9,8
3,5,37,3,Aug,208.841478,4427.619079,5,VP,"Aug, 2024",15,0.035201352,21,6.388307,6.857529,160,240,1426.072706,15.94684385,5.42,2,24.03773585,24.3992467,7.066666667,7.585714286,17568.44698,105,796.5,45799,162,250,1310,4,5240,1418.302741,30069.23883,Aug,2022,24.35,15.25,22.5,25.1,88.5,81,4.85,54.835,102.9,8
4,8.09,17,4,Aug,145.923719,5005.620242,8.09,VP,"Nov,2022",35,0.056955787,16,6.425257,9.550586,160,240,1806.042908,12.59181532,4.75,1,20.74782609,26.17769653,7.107540173,10.56474042,32361.59642,129.44,1367.5,45840,121,310,1550,4,6200,2061.199173,70705.29996,Aug,2022,24.35,15.25,22.5,25.1,88.5,81,4.85,54.835,102.9,8
5A/1,5.7,31,5A/1,Aug,132.657926,3206.20692,5.7,VP,"Sep,2021",49,0.040129541,20,4.44073,7.553206,0,80,1730.238379,4.381161008,4.381161008,1,22.82142857,23.89186352,4.912280702,8.355263158,20572.45795,114,952.5,45783,44,310,2507.9,3,7523.7,1928.360831,46606.51663,Aug,2022,24.35,15.25,22.5,25.1,88.5,81,4.85,54.835,102.9,8
5A/2,7.62,29,5A/2,Aug,139.290822,4500.502029,7.62,VP,"Nov,2021",47,0.05364686,19,3.53535,7.302353,0,80,1531.25149,4.95049505,5,0,18.43624161,24.38905515,3.910761155,8.077773173,25784.95488,144.78,1169.5,45783,81,310,1767,4,7068,1942.118007,62750.04971,Aug,2022,24.35,15.25,22.5,25.1,88.5,81,4.85,54.835,102.9,8
5B/1,4.18,30,5B/1,Aug,145.923719,2586.340248,4.18,VP,"May,2024",17,0.02942833,34,3.892848,4.87242,240,400,1861.001192,20.36659878,5.35,1,28.82407407,28.95953003,4.306220096,5.389811427,20053.55867,142.12,766,45765,196,310,2362.2,4,9448.8,2163.965418,38353.94894,Aug,2022,24.35,15.25,22.5,25.1,88.5,81,4.85,54.835,102.9,8
6A/1,2,12,6A/1,Aug,145.923719,1237.483372,2,VP,"Apr,2023",30,0.014080541,33,4.218693,6.273252,160,400,2423.849821,15.63721658,3.97,2,26.64285714,29.48689956,4.666666667,6.939393939,12208.59712,66,458,45818,143,310,1116,4,4464,2250.446961,19084.565,Aug,2022,24.35,15.25,22.5,25.1,88.5,81,4.85,54.835,102.9,8
6A/2,2,36,6A/2,Aug,198.986889,1687.477326,2,VP,"Feb,2025",8,0.0141,26,5.273367,5.84996,160,240,1604.213349,14.1760189,4.85,3,21.84285714,20.23774146,5.833333333,6.471153846,6156.278888,52,336.5,45911,50,310,923.8,4,3695.2,3252.961859,27586.23648,Aug,2022,24.35,15.25,22.5,25.1,88.5,81,4.85,54.835,102.9,8
6A/2/1,2,42,6A/2/1,Aug,106.126341,899.987907,2,VP,"May,2024",17,0.014080541,28,5.951371,8.943199,240,480,2343.307509,19.40962394,4.3,3,25.21518987,23.84115523,6.583333333,9.892857143,11940.10742,56,554,45779,182,310,620,4,2480,1318.051251,11177.52838,Aug,2022,24.35,15.25,22.5,25.1,88.5,81,4.85,54.835,102.9,8
6B/2/3,3,30,6B/2/3,Aug,212.252682,2699.963722,3,VP,"Oct,2021",48,0.021120811,33,7.171779,9.52402,160,400,2800.977354,13.53179973,4.03,2,22.09243697,22.56088207,7.933333333,10.53535354,21272.15837,99,1043,45783,249,310,1295.8,4,5183.2,3032.181168,38570.91031,Aug,2022,24.35,15.25,22.5,25.1,88.5,81,4.85,54.835,102.9,8
6B/4,3,17,6B/4,Aug,189.037545,2404.65519,3,VP,"Feb,2025",8,0.0227,23,2.705487,2.652756,140,300,1130.435042,25.14668902,4.96,1,29.36206897,22.25229358,2.992776058,2.93444609,4385.331701,74,218,45905,56,310,930,4,3720,2700.536353,34352.217,Aug,2022,24.35,15.25,22.5,25.1,88.5,81,4.85,54.835,102.9,8
7,3,12,7,Aug,145.923719,1856.225059,3,VP,"Apr,2023",30,0.021120811,35,4.168471,5.010775,160,480,2437.115614,18.66251944,4.52,1,28.19277108,34.57216495,4.611111111,5.542857143,18189.4989,105,582,45783,178,310,620,4,2480,2115.893921,26915.26335,Aug,2022,24.35,15.25,22.5,25.1,88.5,81,4.85,54.835,102.9,8
1-Jul,3.73,7,1-Jul,Aug,92.860548,1468.667766,3.73,VP,"Sep,2023",23,0.026260208,35,3.716199,6.003623,160,400,2416.269368,15.68627451,4.38,2,29.64130435,28.727797,4.110813226,6.641133665,22516.07023,130.55,867,45788,173,250,567.5,3,1702.5,1346.140081,21290.33893,Aug,2022,24.35,15.25,22.5,25.1,88.5,81,4.85,54.835,102.9,8
7A,1.54,43,7A,Aug,39.797378,259.871508,1.54,SD,"Oct,2024",12,0.010842016,35,4.461327,4.042029,160,160,1029.994041,14.71941122,14.71941122,3,25.68421053,24.54356846,4.935064935,4.471243043,5347.193777,53.9,241,45783,301,250,600,4,2400,466.480891,3046.057286,Aug,2022,24.35,15.25,22.5,25.1,88.5,81,4.85,54.835,102.9,8
1-Aug,6,12,1-Aug,Aug,132.657926,3374.954652,6,VP,"Apr,2023",30,0.042241622,23,7.608715,9.560843,160,240,2372.681764,9.584664537,4.35,2,21.90594059,27.37923947,8.416666667,10.57608696,36124.06819,138,1459.5,45947,14,310,620,4,2480,1929.067342,49077.46557,Aug,2022,24.35,15.25,22.5,25.1,88.5,81,4.85,54.835,102.9,8
2-Aug,6.55,6,2-Aug,Aug,132.657926,3684.325495,6.55,VP,"Oct,2023",24,0.046113771,18,6.256732,8.250298,160,240,1705.601907,13.33333333,5.11,2,23.34558824,28.94423792,6.921119593,9.126378287,28154.35385,117.9,1076,45884,77,310,1860,4,7440,1895.11323,52633.22136,Aug,2022,24.35,15.25,22.5,25.1,88.5,81,4.85,54.835,102.9,8
9,6.45,18,9,Aug,72.961859,1995.441938,6.45,SD,"Oct,2022",36,0.045409744,22,5.85151,7.061947,160,160,1725.500596,8.786381109,8.786381109,1,20.30538922,23.18899414,6.472868217,7.811839323,23237.46679,141.9,1108.5,45783,55,250,385,4,1540,1042.312277,28506.3134,Aug,2022,24.35,15.25,22.5,25.1,88.5,81,4.85,54.835,102.9,8
9A,2,18,9A,Aug,132.657926,1124.984884,2,SD,Nov.2022,36,0.014080541,21,8.588054,10.503685,80,240,2105.470799,10.80108011,10.80108011,2,19.76315789,23.40163934,9.5,11.61904762,10323.74521,42,488,45783,23,180,1161,3,3483,1895.11323,16071.21263,Aug,2022,24.35,15.25,22.5,25.1,88.5,81,4.85,54.835,102.9,8
9A/2,2.4,23,9A/2,Aug,9.949344,101.24864,2.4,VP,Rev 2022,41,0.016896649,4,0,7.533381,40,40,65.381406,57.97101449,4.82,0,0,0,0,0,205.209296,9.6,80,45783,53,180,225,4,900,142.133492,1446.409137,Aug,2022,24.35,15.25,22.5,25.1,88.5,81,4.85,54.835,102.9,8
10,2.67,35,10,Sep,189.511323,2145.506886,2.67,SD,Feb.2025,8,0.018797522,17,4.359204,4.660439,140,220,1463.027414,14.24870466,14.24870466,3,25.04854369,22.5042735,4.822097378,5.155320555,4760.494071,45.39,234,45783,178,180,360,3,1080,2368.891538,26818.83608,Sep,2022,23.35,15.75,22.2,23.9,91,87,2.6,37.44,218,15.5
10/2A,3.6,37,10/2A,Sep,0,0,3.6,VP,"June.,2024",17,0.025344973,23,6.445226,7.800871,160,320,1667.699642,18.18181818,5.72,2,30.42857143,24.89293212,7.12962963,8.629227053,16078.64557,82.8,714.5,45939,22,250,750,3,2250,923.551847,14097.66772,Sep,2022,23.35,15.75,22.2,23.9,91,87,2.6,37.44,218,15.5
3-Oct,2,12,3-Oct,Sep,151.609058,1285.69701,2,VP,"Apr,2023",30,0.014080541,27,8.136051,8.588054,160,400,2347.097735,16.14856681,4.4,3,24.55555556,27.34697856,9,9.5,12682.29611,54,513,45824,137,310,1317.5,4,5270,1895.11323,16071.21263,Sep,2022,23.35,15.75,22.2,23.9,91,87,2.6,37.44,218,15.5
4-Oct,1.25,48,4-Oct,Sep,106.126341,562.492442,1.25,VP,"June,2024",17,0.008800338,21,9.401659,8.437387,160,320,1772.878427,17.10315339,4.39,3,17.35897436,25.12244898,10.4,9.333333333,5564.155148,26.25,245,45918,43,250,500,4,2000,1065.243147,5646.017887,Sep,2022,23.35,15.75,22.2,23.9,91,87,2.6,37.44,218,15.5
11,6.48,31,11,Sep,166.769964,4582.224145,6.48,VP,Oct.2024,14,0.045620952,35,4.278216,5.384972,160,240,1102.008343,20.63628547,5.11,1,21.06521739,21.63508512,4.732510288,5.956790123,26423.18291,226.8,1351,45788,173,310,2030.5,4,8122,2084.624553,57277.80181,Sep,2022,23.35,15.75,22.2,23.9,91,87,2.6,37.44,218,15.5
1-Nov,2.98,6,1-Nov,Sep,151.609058,1915.688545,2.98,VP,"Oct,2023",23,0.020980006,22,9.606325,14.478432,160,320,2843.617402,10.6631123,5.46,2,21.06315789,23.67047619,10.62639821,16.01586333,22468.15793,65.56,1050,45903,58,310,2008.8,4,8035.2,2085.896441,26356.78871,Sep,2022,23.35,15.75,22.2,23.9,91,87,2.6,37.44,218,15.5
11/1A,2.27,24,11/1A,Sep,212.252682,2042.972549,2.27,VP,"Apr,2022",42,0.015981414,20,10.221504,16.377636,80,240,3101.352801,7.332722273,4.99,1,22.46753247,21.19513678,11.30690162,18.11674009,15759.53155,45.4,822.5,45783,52,310,930,4,3720,2653.158522,25537.15687,Sep,2022,23.35,15.75,22.2,23.9,91,87,2.6,37.44,218,15.5
12,6.39,17,12,Sep,121.287247,3286.241559,6.39,SD,"Nov,2022",35,0.044987328,34,3.654692,4.735149,160,400,1665.804529,22.75312856,22.75312856,1,19.72258065,24.73989455,4.04277517,5.23796373,25451.37677,217.26,1138,45783,183,250,667.5,4,2670,1516.090584,41078.01948,Sep,2022,23.35,15.75,22.2,23.9,91,87,2.6,37.44,218,15.5
1-Dec,4.25,7,1-Dec,Sep,212.252682,3824.948606,4.25,VP,"Oct,2023",24,0.029921149,25,12.49655,14.89376,320,560,4208.098927,12.60977257,4.56,3,24.52765957,27.20936875,13.82352941,16.47529412,43057.79199,106.25,1750.5,45931,30,310,1156.3,4,4625.2,2653.158522,47811.85757,Sep,2022,23.35,15.75,22.2,23.9,91,87,2.6,37.44,218,15.5
1A/1,4,21,1A/1,Sep,170.560191,2892.818273,4,VP,"Jul,2022",38,0.028161081,22,7.081378,8.516145,160,320,2228.653159,13.60544218,6.08,3,18.40425532,25.09167672,7.833333333,9.420454545,18804.22278,88,829,45931,23,200 Kgs.,180,250,310,2226.758045,37767.34968,Sep,2022,23.35,15.75,22.2,23.9,91,87,2.6,37.44,218,15.5
1A/2,4.09,23,1A/2,Sep,167.622534,2906.96094,4.09,VP,"Apr,2022",40,0.028794706,22,5.746736,8.384005,80,320,1828.784267,16.58031088,5.03,3,17.88461538,23.10245656,6.356968215,9.274283174,17428.32609,89.98,834.5,45931,30,250,1000,3,3000,1686.141087,29241.57138,Sep,2022,23.35,15.75,22.2,23.9,91,87,2.6,37.44,218,15.5
1B/1,2.31,23,1B/1,Sep,162.307014,1589.764353,2.31,VP,"May,2022",40,0.016263025,19,9.587939,8.125547,80,240,1627.902265,13.96973225,4.53,2,23.18367347,25.49809886,10.60606061,8.988380041,9093.393441,43.89,394.5,,80,250,1022.5,3,3067.5,1762.209185,17260.48236,Sep,2022,23.35,15.75,22.2,23.9,91,87,2.6,37.44,218,15.5
2,5.24,36,2,Sep,136.448153,3031.67355,5.24,VP,"Jan,2025",2,0.0369,11,0,4.07775,0,80,585.589988,12.94498382,4.39,0,0,21.56923077,0,4.510756419,5069.664024,58,260,45945,16,250,1625,4,6500,1732.726619,38498.58985,Sep,2022,23.35,15.75,22.2,23.9,91,87,2.6,37.44,218,15.5
2A,6.5,31,2A,Sep,136.448153,3760.663755,6.5,VP,"Jan 2025,",2,0.0458,16,0,4.502644,0,80,871.752086,8.695652174,4.66,0,0,20.91505792,0,4.980769231,9793.997867,104,518,45934,27,250,577.5,3,1732.5,1691.024113,46606.51663,Sep,2022,23.35,15.75,22.2,23.9,91,87,2.6,37.44,218,15.5
3,5,37,3,Sep,0,0,5,VP,"Aug, 2024",15,0.035201352,21,6.388307,6.857529,160,240,1426.072706,15.94684385,5.42,2,24.03773585,24.3992467,7.066666667,7.585714286,17568.44698,105,796.5,45799,162,250,1310,4,5240,1418.302741,30069.23883,Sep,2022,23.35,15.75,22.2,23.9,91,87,2.6,37.44,218,15.5
4,8.09,17,4,Sep,166.769964,5720.708848,8.09,VP,"Nov,2022",35,0.056955787,16,6.425257,9.550586,160,240,1806.042908,12.59181532,4.75,1,20.74782609,26.17769653,7.107540173,10.56474042,32361.59642,129.44,1367.5,45840,121,310,1550,4,6200,2061.199173,70705.29996,Sep,2022,23.35,15.75,22.2,23.9,91,87,2.6,37.44,218,15.5
5A/1,5.7,31,5A/1,Sep,184.856659,4467.797111,5.7,VP,"Sep,2021",49,0.040129541,20,4.44073,7.553206,0,80,1730.238379,4.381161008,4.381161008,1,22.82142857,23.89186352,4.912280702,8.355263158,20572.45795,114,952.5,45783,44,310,2507.9,3,7523.7,1928.360831,46606.51663,Sep,2022,23.35,15.75,22.2,23.9,91,87,2.6,37.44,218,15.5
5A/2,7.62,29,5A/2,Sep,159.189511,5143.43089,7.62,VP,"Nov,2021",47,0.05364686,19,3.53535,7.302353,0,80,1531.25149,4.95049505,5,0,18.43624161,24.38905515,3.910761155,8.077773173,25784.95488,144.78,1169.5,45783,81,310,1767,4,7068,1942.118007,62750.04971,Sep,2022,23.35,15.75,22.2,23.9,91,87,2.6,37.44,218,15.5
5B/1,4.18,30,5B/1,Sep,166.769964,2955.817427,4.18,VP,"May,2024",17,0.02942833,34,3.892848,4.87242,240,400,1861.001192,20.36659878,5.35,1,28.82407407,28.95953003,4.306220096,5.389811427,20053.55867,142.12,766,45765,196,310,2362.2,4,9448.8,2163.965418,38353.94894,Sep,2022,23.35,15.75,22.2,23.9,91,87,2.6,37.44,218,15.5
6A/1,2,12,6A/1,Sep,166.769964,1414.266711,2,VP,"Apr,2023",30,0.014080541,33,4.218693,6.273252,160,400,2423.849821,15.63721658,3.97,2,26.64285714,29.48689956,4.666666667,6.939393939,12208.59712,66,458,45818,143,310,1116,4,4464,2250.446961,19084.565,Sep,2022,23.35,15.75,22.2,23.9,91,87,2.6,37.44,218,15.5
6A/2,2,36,6A/2,Sep,227.413588,1928.545516,2,VP,"Feb,2025",8,0.0141,26,5.273367,5.84996,160,240,1604.213349,14.1760189,4.85,3,21.84285714,20.23774146,5.833333333,6.471153846,6156.278888,52,336.5,45911,50,310,923.8,4,3695.2,3252.961859,27586.23648,Sep,2022,23.35,15.75,22.2,23.9,91,87,2.6,37.44,218,15.5
6A/2/1,2,42,6A/2/1,Sep,121.287247,1028.557608,2,VP,"May,2024",17,0.014080541,28,5.951371,8.943199,240,480,2343.307509,19.40962394,4.3,3,25.21518987,23.84115523,6.583333333,9.892857143,11940.10742,56,554,45779,182,310,620,4,2480,1318.051251,11177.52838,Sep,2022,23.35,15.75,22.2,23.9,91,87,2.6,37.44,218,15.5
6B/2/3,3,30,6B/2/3,Sep,242.574493,3085.672825,3,VP,"Oct,2021",48,0.021120811,33,7.171779,9.52402,160,400,2800.977354,13.53179973,4.03,2,22.09243697,22.56088207,7.933333333,10.53535354,21272.15837,99,1043,45783,249,310,1295.8,4,5183.2,3032.181168,38570.91031,Sep,2022,23.35,15.75,22.2,23.9,91,87,2.6,37.44,218,15.5
6B/4,3,17,6B/4,Sep,216.042908,2748.17736,3,VP,"Feb,2025",8,0.0227,23,2.705487,2.652756,140,300,1130.435042,25.14668902,4.96,1,29.36206897,22.25229358,2.992776058,2.93444609,4385.331701,74,218,45905,56,310,930,4,3720,2700.536353,34352.217,Sep,2022,23.35,15.75,22.2,23.9,91,87,2.6,37.44,218,15.5
7,3,12,7,Sep,166.769964,2121.400067,3,VP,"Apr,2023",30,0.021120811,35,4.168471,5.010775,160,480,2437.115614,18.66251944,4.52,1,28.19277108,34.57216495,4.611111111,5.542857143,18189.4989,105,582,45783,178,310,620,4,2480,2115.893921,26915.26335,Sep,2022,23.35,15.75,22.2,23.9,91,87,2.6,37.44,218,15.5
1-Jul,3.73,7,1-Jul,Sep,106.126341,1678.477447,3.73,VP,"Sep,2023",23,0.026260208,35,3.716199,6.003623,160,400,2416.269368,15.68627451,4.38,2,29.64130435,28.727797,4.110813226,6.641133665,22516.07023,130.55,867,45788,173,250,567.5,3,1702.5,1346.140081,21290.33893,Sep,2022,23.35,15.75,22.2,23.9,91,87,2.6,37.44,218,15.5
7A,1.54,43,7A,Sep,45.482718,296.996009,1.54,SD,"Oct,2024",12,0.010842016,35,4.461327,4.042029,160,160,1029.994041,14.71941122,14.71941122,3,25.68421053,24.54356846,4.935064935,4.471243043,5347.193777,53.9,241,45783,301,250,600,4,2400,466.480891,3046.057286,Sep,2022,23.35,15.75,22.2,23.9,91,87,2.6,37.44,218,15.5
1-Aug,6,12,1-Aug,Sep,185.56317,4720.91871,6,VP,"Apr,2023",30,0.042241622,23,7.608715,9.560843,160,240,2372.681764,9.584664537,4.35,2,21.90594059,27.37923947,8.416666667,10.57608696,36124.06819,138,1459.5,45947,14,310,620,4,2480,1929.067342,49077.46557,Sep,2022,23.35,15.75,22.2,23.9,91,87,2.6,37.44,218,15.5
2-Aug,6.55,6,2-Aug,Sep,151.609058,4210.657709,6.55,VP,"Oct,2023",24,0.046113771,18,6.256732,8.250298,160,240,1705.601907,13.33333333,5.11,2,23.34558824,28.94423792,6.921119593,9.126378287,28154.35385,117.9,1076,45884,77,310,1860,4,7440,1895.11323,52633.22136,Sep,2022,23.35,15.75,22.2,23.9,91,87,2.6,37.44,218,15.5
9,6.45,18,9,Sep,83.384982,2280.505072,6.45,SD,"Oct,2022",36,0.045409744,22,5.85151,7.061947,160,160,1725.500596,8.786381109,8.786381109,1,20.30538922,23.18899414,6.472868217,7.811839323,23237.46679,141.9,1108.5,45783,55,250,385,4,1540,1042.312277,28506.3134,Sep,2022,23.35,15.75,22.2,23.9,91,87,2.6,37.44,218,15.5
9A,2,18,9A,Sep,151.609058,1285.69701,2,SD,Nov.2022,36,0.014080541,21,8.588054,10.503685,80,240,2105.470799,10.80108011,10.80108011,2,19.76315789,23.40163934,9.5,11.61904762,10323.74521,42,488,45783,23,180,1161,3,3483,1895.11323,16071.21263,Sep,2022,23.35,15.75,22.2,23.9,91,87,2.6,37.44,218,15.5
9A/2,2.4,23,9A/2,Sep,11.370679,115.712731,2.4,VP,Rev 2022,41,0.016896649,4,0,7.533381,40,40,65.381406,57.97101449,4.82,0,0,0,0,0,205.209296,9.6,80,45783,53,180,225,4,900,142.133492,1446.409137,Sep,2022,23.35,15.75,22.2,23.9,91,87,2.6,37.44,218,15.5
10,2.67,35,10,Oct,201.355781,2279.601066,2.67,SD,Feb.2025,8,0.018797522,17,4.359204,4.660439,140,220,1463.027414,14.24870466,14.24870466,3,25.04854369,22.5042735,4.822097378,5.155320555,4760.494071,45.39,234,45783,178,180,360,3,1080,2368.891538,26818.83608,Oct,2022,24.25,15.2,22.3,24.2,88,89.5,3.4,36.105,361.3,20.5
10/2A,3.6,37,10/2A,Oct,0,0,3.6,VP,"June.,2024",17,0.025344973,23,6.445226,7.800871,160,320,1667.699642,18.18181818,5.72,2,30.42857143,24.89293212,7.12962963,8.629227053,16078.64557,82.8,714.5,45939,22,250,750,3,2250,923.551847,14097.66772,Oct,2022,24.25,15.2,22.3,24.2,88,89.5,3.4,36.105,361.3,20.5
3-Oct,2,12,3-Oct,Oct,161.084625,1366.053074,2,VP,"Apr,2023",30,0.014080541,27,8.136051,8.588054,160,400,2347.097735,16.14856681,4.4,3,24.55555556,27.34697856,9,9.5,12682.29611,54,513,45824,137,310,1317.5,4,5270,1895.11323,16071.21263,Oct,2022,24.25,15.2,22.3,24.2,88,89.5,3.4,36.105,361.3,20.5
4-Oct,1.25,48,4-Oct,Oct,112.759237,597.64822,1.25,VP,"June,2024",17,0.008800338,21,9.401659,8.437387,160,320,1772.878427,17.10315339,4.39,3,17.35897436,25.12244898,10.4,9.333333333,5564.155148,26.25,245,45918,43,250,500,4,2000,1065.243147,5646.017887,Oct,2022,24.25,15.2,22.3,24.2,88,89.5,3.4,36.105,361.3,20.5
11,6.48,31,11,Oct,177.193087,4868.613154,6.48,VP,Oct.2024,14,0.045620952,35,4.278216,5.384972,160,240,1102.008343,20.63628547,5.11,1,21.06521739,21.63508512,4.732510288,5.956790123,26423.18291,226.8,1351,45788,173,310,2030.5,4,8122,2084.624553,57277.80181,Oct,2022,24.25,15.2,22.3,24.2,88,89.5,3.4,36.105,361.3,20.5
1-Nov,2.98,6,1-Nov,Oct,161.084625,2035.41908,2.98,VP,"Oct,2023",23,0.020980006,22,9.606325,14.478432,160,320,2843.617402,10.6631123,5.46,2,21.06315789,23.67047619,10.62639821,16.01586333,22468.15793,65.56,1050,45903,58,310,2008.8,4,8035.2,2085.896441,26356.78871,Oct,2022,24.25,15.2,22.3,24.2,88,89.5,3.4,36.105,361.3,20.5
11/1A,2.27,24,11/1A,Oct,225.518474,2170.658334,2.27,VP,"Apr,2022",42,0.015981414,20,10.221504,16.377636,80,240,3101.352801,7.332722273,4.99,1,22.46753247,21.19513678,11.30690162,18.11674009,15759.53155,45.4,822.5,45783,52,310,930,4,3720,2653.158522,25537.15687,Oct,2022,24.25,15.2,22.3,24.2,88,89.5,3.4,36.105,361.3,20.5
12,6.39,17,12,Oct,128.8677,3491.631656,6.39,SD,"Nov,2022",35,0.044987328,34,3.654692,4.735149,160,400,1665.804529,22.75312856,22.75312856,1,19.72258065,24.73989455,4.04277517,5.23796373,25451.37677,217.26,1138,45783,183,250,667.5,4,2670,1516.090584,41078.01948,Oct,2022,24.25,15.2,22.3,24.2,88,89.5,3.4,36.105,361.3,20.5
1-Dec,4.25,7,1-Dec,Oct,225.518474,4064.007894,4.25,VP,"Oct,2023",24,0.029921149,25,12.49655,14.89376,320,560,4208.098927,12.60977257,4.56,3,24.52765957,27.20936875,13.82352941,16.47529412,43057.79199,106.25,1750.5,45931,30,310,1156.3,4,4625.2,2653.158522,47811.85757,Oct,2022,24.25,15.2,22.3,24.2,88,89.5,3.4,36.105,361.3,20.5
1A/1,4,21,1A/1,Oct,228.598033,3877.180047,4,VP,"Jul,2022",38,0.028161081,22,7.081378,8.516145,160,320,2228.653159,13.60544218,6.08,3,18.40425532,25.09167672,7.833333333,9.420454545,18804.22278,88,829,45931,23,200 Kgs.,180,250,310,2226.758045,37767.34968,Oct,2022,24.25,15.2,22.3,24.2,88,89.5,3.4,36.105,361.3,20.5
1A/2,4.09,23,1A/2,Oct,175.202986,3038.42346,4.09,VP,"Apr,2022",40,0.028794706,22,5.746736,8.384005,80,320,1828.784267,16.58031088,5.03,3,17.88461538,23.10245656,6.356968215,9.274283174,17428.32609,89.98,834.5,45931,30,250,1000,3,3000,1686.141087,29241.57138,Oct,2022,24.25,15.2,22.3,24.2,88,89.5,3.4,36.105,361.3,20.5
1B/1,2.31,23,1B/1,Oct,251.927,2467.573987,2.31,VP,"May,2022",40,0.016263025,19,9.587939,8.125547,80,240,1627.902265,13.96973225,4.53,2,23.18367347,25.49809886,10.60606061,8.988380041,9093.393441,43.89,394.5,,80,250,1022.5,3,3067.5,1762.209185,17260.48236,Oct,2022,24.25,15.2,22.3,24.2,88,89.5,3.4,36.105,361.3,20.5
2,5.24,36,2,Oct,144.976162,3221.153147,5.24,VP,"Jan,2025",2,0.0369,11,0,4.07775,0,80,585.589988,12.94498382,4.39,0,0,21.56923077,0,4.510756419,5069.664024,58,260,45945,16,250,1625,4,6500,1732.726619,38498.58985,Oct,2022,24.25,15.2,22.3,24.2,88,89.5,3.4,36.105,361.3,20.5
2A,6.5,31,2A,Oct,144.976162,3995.70524,6.5,VP,"Jan 2025,",2,0.0458,16,0,4.502644,0,80,871.752086,8.695652174,4.66,0,0,20.91505792,0,4.980769231,9793.997867,104,518,45934,27,250,577.5,3,1732.5,1691.024113,46606.51663,Oct,2022,24.25,15.2,22.3,24.2,88,89.5,3.4,36.105,361.3,20.5
3,5,37,3,Oct,0,0,5,VP,"Aug, 2024",15,0.035201352,21,6.388307,6.857529,160,240,1426.072706,15.94684385,5.42,2,24.03773585,24.3992467,7.066666667,7.585714286,17568.44698,105,796.5,45799,162,250,1310,4,5240,1418.302741,30069.23883,Oct,2022,24.25,15.2,22.3,24.2,88,89.5,3.4,36.105,361.3,20.5
4,8.09,17,4,Oct,177.193087,6078.253151,8.09,VP,"Nov,2022",35,0.056955787,16,6.425257,9.550586,160,240,1806.042908,12.59181532,4.75,1,20.74782609,26.17769653,7.107540173,10.56474042,32361.59642,129.44,1367.5,45840,121,310,1550,4,6200,2061.199173,70705.29996,Oct,2022,24.25,15.2,22.3,24.2,88,89.5,3.4,36.105,361.3,20.5
5A/1,5.7,31,5A/1,Oct,161.084625,3893.25126,5.7,VP,"Sep,2021",49,0.040129541,20,4.44073,7.553206,0,80,1730.238379,4.381161008,4.381161008,1,22.82142857,23.89186352,4.912280702,8.355263158,20572.45795,114,952.5,45783,44,310,2507.9,3,7523.7,1928.360831,46606.51663,Oct,2022,24.25,15.2,22.3,24.2,88,89.5,3.4,36.105,361.3,20.5
5A/2,7.62,29,5A/2,Oct,169.138856,5464.895321,7.62,VP,"Nov,2021",47,0.05364686,19,3.53535,7.302353,0,80,1531.25149,4.95049505,5,0,18.43624161,24.38905515,3.910761155,8.077773173,25784.95488,144.78,1169.5,45783,81,310,1767,4,7068,1942.118007,62750.04971,Oct,2022,24.25,15.2,22.3,24.2,88,89.5,3.4,36.105,361.3,20.5
5B/1,4.18,30,5B/1,Oct,222.530724,3944.116648,4.18,VP,"May,2024",17,0.02942833,34,3.892848,4.87242,240,400,1861.001192,20.36659878,5.35,1,28.82407407,28.95953003,4.306220096,5.389811427,20053.55867,142.12,766,45765,196,310,2362.2,4,9448.8,2163.965418,38353.94894,Oct,2022,24.25,15.2,22.3,24.2,88,89.5,3.4,36.105,361.3,20.5
6A/1,2,12,6A/1,Oct,295.637664,2507.10917,2,VP,"Apr,2023",30,0.014080541,33,4.218693,6.273252,160,400,2423.849821,15.63721658,3.97,2,26.64285714,29.48689956,4.666666667,6.939393939,12208.59712,66,458,45818,143,310,1116,4,4464,2250.446961,19084.565,Oct,2022,24.25,15.2,22.3,24.2,88,89.5,3.4,36.105,361.3,20.5
6A/2,2,36,6A/2,Oct,241.626937,2049.07961,2,VP,"Feb,2025",8,0.0141,26,5.273367,5.84996,160,240,1604.213349,14.1760189,4.85,3,21.84285714,20.23774146,5.833333333,6.471153846,6156.278888,52,336.5,45911,50,310,923.8,4,3695.2,3252.961859,27586.23648,Oct,2022,24.25,15.2,22.3,24.2,88,89.5,3.4,36.105,361.3,20.5
6A/2/1,2,42,6A/2/1,Oct,128.8677,1092.842459,2,VP,"May,2024",17,0.014080541,28,5.951371,8.943199,240,480,2343.307509,19.40962394,4.3,3,25.21518987,23.84115523,6.583333333,9.892857143,11940.10742,56,554,45779,182,310,620,4,2480,1318.051251,11177.52838,Oct,2022,24.25,15.2,22.3,24.2,88,89.5,3.4,36.105,361.3,20.5
6B/2/3,3,30,6B/2/3,Oct,257.735399,3278.527376,3,VP,"Oct,2021",48,0.021120811,33,7.171779,9.52402,160,400,2800.977354,13.53179973,4.03,2,22.09243697,22.56088207,7.933333333,10.53535354,21272.15837,99,1043,45783,249,310,1295.8,4,5183.2,3032.181168,38570.91031,Oct,2022,24.25,15.2,22.3,24.2,88,89.5,3.4,36.105,361.3,20.5
6B/4,3,17,6B/4,Oct,229.54559,2919.938445,3,VP,"Feb,2025",8,0.0227,23,2.705487,2.652756,140,300,1130.435042,25.14668902,4.96,1,29.36206897,22.25229358,2.992776058,2.93444609,4385.331701,74,218,45905,56,310,930,4,3720,2700.536353,34352.217,Oct,2022,24.25,15.2,22.3,24.2,88,89.5,3.4,36.105,361.3,20.5
7,3,12,7,Oct,177.193087,2253.987571,3,VP,"Apr,2023",30,0.021120811,35,4.168471,5.010775,160,480,2437.115614,18.66251944,4.52,1,28.19277108,34.57216495,4.611111111,5.542857143,18189.4989,105,582,45783,178,310,620,4,2480,2115.893921,26915.26335,Oct,2022,24.25,15.2,22.3,24.2,88,89.5,3.4,36.105,361.3,20.5
1-Jul,3.73,7,1-Jul,Oct,132.320057,2092.753131,3.73,VP,"Sep,2023",23,0.026260208,35,3.716199,6.003623,160,400,2416.269368,15.68627451,4.38,2,29.64130435,28.727797,4.110813226,6.641133665,22516.07023,130.55,867,45788,173,250,567.5,3,1702.5,1346.140081,21290.33893,Oct,2022,24.25,15.2,22.3,24.2,88,89.5,3.4,36.105,361.3,20.5
7A,1.54,43,7A,Oct,48.325387,315.55826,1.54,SD,"Oct,2024",12,0.010842016,35,4.461327,4.042029,160,160,1029.994041,14.71941122,14.71941122,3,25.68421053,24.54356846,4.935064935,4.471243043,5347.193777,53.9,241,45783,301,250,600,4,2400,466.480891,3046.057286,Oct,2022,24.25,15.2,22.3,24.2,88,89.5,3.4,36.105,361.3,20.5
1-Aug,6,12,1-Aug,Oct,161.084625,4098.159221,6,VP,"Apr,2023",30,0.042241622,23,7.608715,9.560843,160,240,2372.681764,9.584664537,4.35,2,21.90594059,27.37923947,8.416666667,10.57608696,36124.06819,138,1459.5,45947,14,310,620,4,2480,1929.067342,49077.46557,Oct,2022,24.25,15.2,22.3,24.2,88,89.5,3.4,36.105,361.3,20.5
2-Aug,6.55,6,2-Aug,Oct,161.084625,4473.823816,6.55,VP,"Oct,2023",24,0.046113771,18,6.256732,8.250298,160,240,1705.601907,13.33333333,5.11,2,23.34558824,28.94423792,6.921119593,9.126378287,28154.35385,117.9,1076,45884,77,310,1860,4,7440,1895.11323,52633.22136,Oct,2022,24.25,15.2,22.3,24.2,88,89.5,3.4,36.105,361.3,20.5
9,6.45,18,9,Oct,88.596544,2423.036639,6.45,SD,"Oct,2022",36,0.045409744,22,5.85151,7.061947,160,160,1725.500596,8.786381109,8.786381109,1,20.30538922,23.18899414,6.472868217,7.811839323,23237.46679,141.9,1108.5,45783,55,250,385,4,1540,1042.312277,28506.3134,Oct,2022,24.25,15.2,22.3,24.2,88,89.5,3.4,36.105,361.3,20.5
9A,2,18,9A,Oct,161.084625,1366.053074,2,SD,Nov.2022,36,0.014080541,21,8.588054,10.503685,80,240,2105.470799,10.80108011,10.80108011,2,19.76315789,23.40163934,9.5,11.61904762,10323.74521,42,488,45783,23,180,1161,3,3483,1895.11323,16071.21263,Oct,2022,24.25,15.2,22.3,24.2,88,89.5,3.4,36.105,361.3,20.5
9A/2,2.4,23,9A/2,Oct,12.081347,122.944777,2.4,VP,Rev 2022,41,0.016896649,4,0,7.533381,40,40,65.381406,57.97101449,4.82,0,0,0,0,0,205.209296,9.6,80,45783,53,180,225,4,900,142.133492,1446.409137,Oct,2022,24.25,15.2,22.3,24.2,88,89.5,3.4,36.105,361.3,20.5
10,2.67,35,10,Nov,225.044696,2547.789427,2.67,SD,Feb.2025,8,0.018797522,17,4.359204,4.660439,140,220,1463.027414,14.24870466,14.24870466,3,25.04854369,22.5042735,4.822097378,5.155320555,4760.494071,45.39,234,45783,178,180,360,3,1080,2368.891538,26818.83608,Nov,2022,24.15,14.75,21.7,23.8,87.5,84.5,3.55,38.5,422.6,21
10/2A,3.6,37,10/2A,Nov,0,0,3.6,VP,"June.,2024",17,0.025344973,23,6.445226,7.800871,160,320,1667.699642,18.18181818,5.72,2,30.42857143,24.89293212,7.12962963,8.629227053,16078.64557,82.8,714.5,45939,22,250,750,3,2250,923.551847,14097.66772,Nov,2022,24.15,14.75,21.7,23.8,87.5,84.5,3.55,38.5,422.6,21
3-Oct,2,12,3-Oct,Nov,180.035757,1526.7652,2,VP,"Apr,2023",30,0.014080541,27,8.136051,8.588054,160,400,2347.097735,16.14856681,4.4,3,24.55555556,27.34697856,9,9.5,12682.29611,54,513,45824,137,310,1317.5,4,5270,1895.11323,16071.21263,Nov,2022,24.15,14.75,21.7,23.8,87.5,84.5,3.55,38.5,422.6,21
4-Oct,1.25,48,4-Oct,Nov,126.02503,667.959775,1.25,VP,"June,2024",17,0.008800338,21,9.401659,8.437387,160,320,1772.878427,17.10315339,4.39,3,17.35897436,25.12244898,10.4,9.333333333,5564.155148,26.25,245,45918,43,250,500,4,2000,1065.243147,5646.017887,Nov,2022,24.15,14.75,21.7,23.8,87.5,84.5,3.55,38.5,422.6,21
11,6.48,31,11,Nov,198.039333,5441.391172,6.48,VP,Oct.2024,14,0.045620952,35,4.278216,5.384972,160,240,1102.008343,20.63628547,5.11,1,21.06521739,21.63508512,4.732510288,5.956790123,26423.18291,226.8,1351,45788,173,310,2030.5,4,8122,2084.624553,57277.80181,Nov,2022,24.15,14.75,21.7,23.8,87.5,84.5,3.55,38.5,422.6,21
1-Nov,2.98,6,1-Nov,Nov,211.832959,2676.660463,2.98,VP,"Oct,2023",23,0.020980006,22,9.606325,14.478432,160,320,2843.617402,10.6631123,5.46,2,21.06315789,23.67047619,10.62639821,16.01586333,22468.15793,65.56,1050,45903,58,310,2008.8,4,8035.2,2085.896441,26356.78871,Nov,2022,24.15,14.75,21.7,23.8,87.5,84.5,3.55,38.5,422.6,21
11/1A,2.27,24,11/1A,Nov,252.05006,2426.029903,2.27,VP,"Apr,2022",42,0.015981414,20,10.221504,16.377636,80,240,3101.352801,7.332722273,4.99,1,22.46753247,21.19513678,11.30690162,18.11674009,15759.53155,45.4,822.5,45783,52,310,930,4,3720,2653.158522,25537.15687,Nov,2022,24.15,14.75,21.7,23.8,87.5,84.5,3.55,38.5,422.6,21
12,6.39,17,12,Nov,144.028605,3902.411851,6.39,SD,"Nov,2022",35,0.044987328,34,3.654692,4.735149,160,400,1665.804529,22.75312856,22.75312856,1,19.72258065,24.73989455,4.04277517,5.23796373,25451.37677,217.26,1138,45783,183,250,667.5,4,2670,1516.090584,41078.01948,Nov,2022,24.15,14.75,21.7,23.8,87.5,84.5,3.55,38.5,422.6,21
1-Dec,4.25,7,1-Dec,Nov,252.05006,4542.126469,4.25,VP,"Oct,2023",24,0.029921149,25,12.49655,14.89376,320,560,4208.098927,12.60977257,4.56,3,24.52765957,27.20936875,13.82352941,16.47529412,43057.79199,106.25,1750.5,45931,30,310,1156.3,4,4625.2,2653.158522,47811.85757,Nov,2022,24.15,14.75,21.7,23.8,87.5,84.5,3.55,38.5,422.6,21
1A/1,4,21,1A/1,Nov,249.918057,4238.782331,4,VP,"Jul,2022",38,0.028161081,22,7.081378,8.516145,160,320,2228.653159,13.60544218,6.08,3,18.40425532,25.09167672,7.833333333,9.420454545,18804.22278,88,829,45931,23,200 Kgs.,180,250,310,2226.758045,37767.34968,Nov,2022,24.15,14.75,21.7,23.8,87.5,84.5,3.55,38.5,422.6,21
1A/2,4.09,23,1A/2,Nov,221.408534,3839.734121,4.09,VP,"Apr,2022",40,0.028794706,22,5.746736,8.384005,80,320,1828.784267,16.58031088,5.03,3,17.88461538,23.10245656,6.356968215,9.274283174,17428.32609,89.98,834.5,45931,30,250,1000,3,3000,1686.141087,29241.57138,Nov,2022,24.15,14.75,21.7,23.8,87.5,84.5,3.55,38.5,422.6,21
1B/1,2.31,23,1B/1,Nov,226.068139,2214.291676,2.31,VP,"May,2022",40,0.016263025,19,9.587939,8.125547,80,240,1627.902265,13.96973225,4.53,2,23.18367347,25.49809886,10.60606061,8.988380041,9093.393441,43.89,394.5,,80,250,1022.5,3,3067.5,1762.209185,17260.48236,Nov,2022,24.15,14.75,21.7,23.8,87.5,84.5,3.55,38.5,422.6,21
2,5.24,36,2,Nov,189.156893,4202.782815,5.24,VP,"Jan,2025",2,0.0369,11,0,4.07775,0,80,585.589988,12.94498382,4.39,0,0,21.56923077,0,4.510756419,5069.664024,58,260,45945,16,250,1625,4,6500,1732.726619,38498.58985,Nov,2022,24.15,14.75,21.7,23.8,87.5,84.5,3.55,38.5,422.6,21
2A,6.5,31,2A,Nov,162.032181,4465.788209,6.5,VP,"Jan 2025,",2,0.0458,16,0,4.502644,0,80,871.752086,8.695652174,4.66,0,0,20.91505792,0,4.980769231,9793.997867,104,518,45934,27,250,577.5,3,1732.5,1691.024113,46606.51663,Nov,2022,24.15,14.75,21.7,23.8,87.5,84.5,3.55,38.5,422.6,21
3,5,37,3,Nov,0,0,5,VP,"Aug, 2024",15,0.035201352,21,6.388307,6.857529,160,240,1426.072706,15.94684385,5.42,2,24.03773585,24.3992467,7.066666667,7.585714286,17568.44698,105,796.5,45799,162,250,1310,4,5240,1418.302741,30069.23883,Nov,2022,24.15,14.75,21.7,23.8,87.5,84.5,3.55,38.5,422.6,21
4,8.09,17,4,Nov,198.039333,6793.341757,8.09,VP,"Nov,2022",35,0.056955787,16,6.425257,9.550586,160,240,1806.042908,12.59181532,4.75,1,20.74782609,26.17769653,7.107540173,10.56474042,32361.59642,129.44,1367.5,45840,121,310,1550,4,6200,2061.199173,70705.29996,Nov,2022,24.15,14.75,21.7,23.8,87.5,84.5,3.55,38.5,422.6,21
5A/1,5.7,31,5A/1,Nov,180.035757,4351.280819,5.7,VP,"Sep,2021",49,0.040129541,20,4.44073,7.553206,0,80,1730.238379,4.381161008,4.381161008,1,22.82142857,23.89186352,4.912280702,8.355263158,20572.45795,114,952.5,45783,44,310,2507.9,3,7523.7,1928.360831,46606.51663,Nov,2022,24.15,14.75,21.7,23.8,87.5,84.5,3.55,38.5,422.6,21
5A/2,7.62,29,5A/2,Nov,189.037545,6107.824182,7.62,VP,"Nov,2021",47,0.05364686,19,3.53535,7.302353,0,80,1531.25149,4.95049505,5,0,18.43624161,24.38905515,3.910761155,8.077773173,25784.95488,144.78,1169.5,45783,81,310,1767,4,7068,1942.118007,62750.04971,Nov,2022,24.15,14.75,21.7,23.8,87.5,84.5,3.55,38.5,422.6,21
5B/1,4.18,30,5B/1,Nov,232.04256,4112.703668,4.18,VP,"May,2024",17,0.02942833,34,3.892848,4.87242,240,400,1861.001192,20.36659878,5.35,1,28.82407407,28.95953003,4.306220096,5.389811427,20053.55867,142.12,766,45765,196,310,2362.2,4,9448.8,2163.965418,38353.94894,Nov,2022,24.15,14.75,21.7,23.8,87.5,84.5,3.55,38.5,422.6,21
6A/1,2,12,6A/1,Nov,245.417163,2081.222036,2,VP,"Apr,2023",30,0.014080541,33,4.218693,6.273252,160,400,2423.849821,15.63721658,3.97,2,26.64285714,29.48689956,4.666666667,6.939393939,12208.59712,66,458,45818,143,310,1116,4,4464,2250.446961,19084.565,Nov,2022,24.15,14.75,21.7,23.8,87.5,84.5,3.55,38.5,422.6,21
6A/2,2,36,6A/2,Nov,317.431466,2691.928115,2,VP,"Feb,2025",8,0.0141,26,5.273367,5.84996,160,240,1604.213349,14.1760189,4.85,3,21.84285714,20.23774146,5.833333333,6.471153846,6156.278888,52,336.5,45911,50,310,923.8,4,3695.2,3252.961859,27586.23648,Nov,2022,24.15,14.75,21.7,23.8,87.5,84.5,3.55,38.5,422.6,21
6A/2/1,2,42,6A/2/1,Nov,238.784267,2024.972791,2,VP,"May,2024",17,0.014080541,28,5.951371,8.943199,240,480,2343.307509,19.40962394,4.3,3,25.21518987,23.84115523,6.583333333,9.892857143,11940.10742,56,554,45779,182,310,620,4,2480,1318.051251,11177.52838,Nov,2022,24.15,14.75,21.7,23.8,87.5,84.5,3.55,38.5,422.6,21
6B/2/3,3,30,6B/2/3,Nov,288.057211,3664.23648,3,VP,"Oct,2021",48,0.021120811,33,7.171779,9.52402,160,400,2800.977354,13.53179973,4.03,2,22.09243697,22.56088207,7.933333333,10.53535354,21272.15837,99,1043,45783,249,310,1295.8,4,5183.2,3032.181168,38570.91031,Nov,2022,24.15,14.75,21.7,23.8,87.5,84.5,3.55,38.5,422.6,21
6B/4,3,17,6B/4,Nov,256.550954,3263.460615,3,VP,"Feb,2025",8,0.0227,23,2.705487,2.652756,140,300,1130.435042,25.14668902,4.96,1,29.36206897,22.25229358,2.992776058,2.93444609,4385.331701,74,218,45905,56,310,930,4,3720,2700.536353,34352.217,Nov,2022,24.15,14.75,21.7,23.8,87.5,84.5,3.55,38.5,422.6,21
7,3,12,7,Nov,198.039333,2519.16258,3,VP,"Apr,2023",30,0.021120811,35,4.168471,5.010775,160,480,2437.115614,18.66251944,4.52,1,28.19277108,34.57216495,4.611111111,5.542857143,18189.4989,105,582,45783,178,310,620,4,2480,2115.893921,26915.26335,Nov,2022,24.15,14.75,21.7,23.8,87.5,84.5,3.55,38.5,422.6,21
1-Jul,3.73,7,1-Jul,Nov,126.02503,1993.191968,3.73,VP,"Sep,2023",23,0.026260208,35,3.716199,6.003623,160,400,2416.269368,15.68627451,4.38,2,29.64130435,28.727797,4.110813226,6.641133665,22516.07023,130.55,867,45788,173,250,567.5,3,1702.5,1346.140081,21290.33893,Nov,2022,24.15,14.75,21.7,23.8,87.5,84.5,3.55,38.5,422.6,21
7A,1.54,43,7A,Nov,54.010727,352.682761,1.54,SD,"Oct,2024",12,0.010842016,35,4.461327,4.042029,160,160,1029.994041,14.71941122,14.71941122,3,25.68421053,24.54356846,4.935064935,4.471243043,5347.193777,53.9,241,45783,301,250,600,4,2400,466.480891,3046.057286,Nov,2022,24.15,14.75,21.7,23.8,87.5,84.5,3.55,38.5,422.6,21
1-Aug,6,12,1-Aug,Nov,180.035757,4580.295599,6,VP,"Apr,2023",30,0.042241622,23,7.608715,9.560843,160,240,2372.681764,9.584664537,4.35,2,21.90594059,27.37923947,8.416666667,10.57608696,36124.06819,138,1459.5,45947,14,310,620,4,2480,1929.067342,49077.46557,Nov,2022,24.15,14.75,21.7,23.8,87.5,84.5,3.55,38.5,422.6,21
2-Aug,6.55,6,2-Aug,Nov,180.035757,5000.156029,6.55,VP,"Oct,2023",24,0.046113771,18,6.256732,8.250298,160,240,1705.601907,13.33333333,5.11,2,23.34558824,28.94423792,6.921119593,9.126378287,28154.35385,117.9,1076,45884,77,310,1860,4,7440,1895.11323,52633.22136,Nov,2022,24.15,14.75,21.7,23.8,87.5,84.5,3.55,38.5,422.6,21
9,6.45,18,9,Nov,99.019666,2708.099773,6.45,SD,"Oct,2022",36,0.045409744,22,5.85151,7.061947,160,160,1725.500596,8.786381109,8.786381109,1,20.30538922,23.18899414,6.472868217,7.811839323,23237.46679,141.9,1108.5,45783,55,250,385,4,1540,1042.312277,28506.3134,Nov,2022,24.15,14.75,21.7,23.8,87.5,84.5,3.55,38.5,422.6,21
9A,2,18,9A,Nov,180.035757,1526.7652,2,SD,Nov.2022,36,0.014080541,21,8.588054,10.503685,80,240,2105.470799,10.80108011,10.80108011,2,19.76315789,23.40163934,9.5,11.61904762,10323.74521,42,488,45783,23,180,1161,3,3483,1895.11323,16071.21263,Nov,2022,24.15,14.75,21.7,23.8,87.5,84.5,3.55,38.5,422.6,21
9A/2,2.4,23,9A/2,Nov,13.502682,137.408868,2.4,VP,Rev 2022,41,0.016896649,4,0,7.533381,40,40,65.381406,57.97101449,4.82,0,0,0,0,0,205.209296,9.6,80,45783,53,180,225,4,900,142.133492,1446.409137,Nov,2022,24.15,14.75,21.7,23.8,87.5,84.5,3.55,38.5,422.6,21
10,2.67,35,10,Dec,236.889154,2681.883608,2.67,SD,Feb.2025,8,0.018797522,17,4.359204,4.660439,140,220,1463.027414,14.24870466,14.24870466,3,25.04854369,22.5042735,4.822097378,5.155320555,4760.494071,45.39,234,45783,178,180,360,3,1080,2368.891538,26818.83608,Dec,2022,25.3,14,21.95,24.3,82,78,5,53.86,110.8,10
10/2A,3.6,37,10/2A,Dec,113.706794,1735.690964,3.6,VP,"June.,2024",17,0.025344973,23,6.445226,7.800871,160,320,1667.699642,18.18181818,5.72,2,30.42857143,24.89293212,7.12962963,8.629227053,16078.64557,82.8,714.5,45939,22,250,750,3,2250,923.551847,14097.66772,Dec,2022,25.3,14,21.95,24.3,82,78,5,53.86,110.8,10
3-Oct,2,12,3-Oct,Dec,189.511323,1607.121263,2,VP,"Apr,2023",30,0.014080541,27,8.136051,8.588054,160,400,2347.097735,16.14856681,4.4,3,24.55555556,27.34697856,9,9.5,12682.29611,54,513,45824,137,310,1317.5,4,5270,1895.11323,16071.21263,Dec,2022,25.3,14,21.95,24.3,82,78,5,53.86,110.8,10
4-Oct,1.25,48,4-Oct,Dec,132.657926,703.115553,1.25,VP,"June,2024",17,0.008800338,21,9.401659,8.437387,160,320,1772.878427,17.10315339,4.39,3,17.35897436,25.12244898,10.4,9.333333333,5564.155148,26.25,245,45918,43,250,500,4,2000,1065.243147,5646.017887,Dec,2022,25.3,14,21.95,24.3,82,78,5,53.86,110.8,10
11,6.48,31,11,Dec,208.462455,5727.780181,6.48,VP,Oct.2024,14,0.045620952,35,4.278216,5.384972,160,240,1102.008343,20.63628547,5.11,1,21.06521739,21.63508512,4.732510288,5.956790123,26423.18291,226.8,1351,45788,173,310,2030.5,4,8122,2084.624553,57277.80181,Dec,2022,25.3,14,21.95,24.3,82,78,5,53.86,110.8,10
1-Nov,2.98,6,1-Nov,Dec,189.511323,2394.610682,2.98,VP,"Oct,2023",23,0.020980006,22,9.606325,14.478432,160,320,2843.617402,10.6631123,5.46,2,21.06315789,23.67047619,10.62639821,16.01586333,22468.15793,65.56,1050,45903,58,310,2008.8,4,8035.2,2085.896441,26356.78871,Dec,2022,25.3,14,21.95,24.3,82,78,5,53.86,110.8,10
11/1A,2.27,24,11/1A,Dec,265.315852,2553.715687,2.27,VP,"Apr,2022",42,0.015981414,20,10.221504,16.377636,80,240,3101.352801,7.332722273,4.99,1,22.46753247,21.19513678,11.30690162,18.11674009,15759.53155,45.4,822.5,45783,52,310,930,4,3720,2653.158522,25537.15687,Dec,2022,25.3,14,21.95,24.3,82,78,5,53.86,110.8,10
12,6.39,17,12,Dec,151.609058,4107.801948,6.39,SD,"Nov,2022",35,0.044987328,34,3.654692,4.735149,160,400,1665.804529,22.75312856,22.75312856,1,19.72258065,24.73989455,4.04277517,5.23796373,25451.37677,217.26,1138,45783,183,250,667.5,4,2670,1516.090584,41078.01948,Dec,2022,25.3,14,21.95,24.3,82,78,5,53.86,110.8,10
1-Dec,4.25,7,1-Dec,Dec,265.315852,4781.185757,4.25,VP,"Oct,2023",24,0.029921149,25,12.49655,14.89376,320,560,4208.098927,12.60977257,4.56,3,24.52765957,27.20936875,13.82352941,16.47529412,43057.79199,106.25,1750.5,45931,30,310,1156.3,4,4625.2,2653.158522,47811.85757,Dec,2022,25.3,14,21.95,24.3,82,78,5,53.86,110.8,10
1A/1,4,21,1A/1,Dec,213.200238,3616.022842,4,VP,"Jul,2022",38,0.028161081,22,7.081378,8.516145,160,320,2228.653159,13.60544218,6.08,3,18.40425532,25.09167672,7.833333333,9.420454545,18804.22278,88,829,45931,23,200 Kgs.,180,250,310,2226.758045,37767.34968,Dec,2022,25.3,14,21.95,24.3,82,78,5,53.86,110.8,10
1A/2,4.09,23,1A/2,Dec,151.609058,2629.250386,4.09,VP,"Apr,2022",40,0.028794706,22,5.746736,8.384005,80,320,1828.784267,16.58031088,5.03,3,17.88461538,23.10245656,6.356968215,9.274283174,17428.32609,89.98,834.5,45931,30,250,1000,3,3000,1686.141087,29241.57138,Dec,2022,25.3,14,21.95,24.3,82,78,5,53.86,110.8,10
1B/1,2.31,23,1B/1,Dec,151.609058,1484.980047,2.31,VP,"May,2022",40,0.016263025,19,9.587939,8.125547,80,240,1627.902265,13.96973225,4.53,2,23.18367347,25.49809886,10.60606061,8.988380041,9093.393441,43.89,394.5,,80,250,1022.5,3,3067.5,1762.209185,17260.48236,Dec,2022,25.3,14,21.95,24.3,82,78,5,53.86,110.8,10
2,5.24,36,2,Dec,170.560191,3789.591938,5.24,VP,"Jan,2025",2,0.0369,11,0,4.07775,0,80,585.589988,12.94498382,4.39,0,0,21.56923077,0,4.510756419,5069.664024,58,260,45945,16,250,1625,4,6500,1732.726619,38498.58985,Dec,2022,25.3,14,21.95,24.3,82,78,5,53.86,110.8,10
2A,6.5,31,2A,Dec,170.560191,4700.829694,6.5,VP,"Jan 2025,",2,0.0458,16,0,4.502644,0,80,871.752086,8.695652174,4.66,0,0,20.91505792,0,4.980769231,9793.997867,104,518,45934,27,250,577.5,3,1732.5,1691.024113,46606.51663,Dec,2022,25.3,14,21.95,24.3,82,78,5,53.86,110.8,10
3,5,37,3,Dec,68.603099,1454.444743,5,VP,"Aug, 2024",15,0.035201352,21,6.388307,6.857529,160,240,1426.072706,15.94684385,5.42,2,24.03773585,24.3992467,7.066666667,7.585714286,17568.44698,105,796.5,45799,162,250,1310,4,5240,1418.302741,30069.23883,Dec,2022,25.3,14,21.95,24.3,82,78,5,53.86,110.8,10
4,8.09,17,4,Dec,208.462455,7150.88606,8.09,VP,"Nov,2022",35,0.056955787,16,6.425257,9.550586,160,240,1806.042908,12.59181532,4.75,1,20.74782609,26.17769653,7.107540173,10.56474042,32361.59642,129.44,1367.5,45840,121,310,1550,4,6200,2061.199173,70705.29996,Dec,2022,25.3,14,21.95,24.3,82,78,5,53.86,110.8,10
5A/1,5.7,31,5A/1,Dec,189.511323,4580.295599,5.7,VP,"Sep,2021",49,0.040129541,20,4.44073,7.553206,0,80,1730.238379,4.381161008,4.381161008,1,22.82142857,23.89186352,4.912280702,8.355263158,20572.45795,114,952.5,45783,44,310,2507.9,3,7523.7,1928.360831,46606.51663,Dec,2022,25.3,14,21.95,24.3,82,78,5,53.86,110.8,10
5A/2,7.62,29,5A/2,Dec,198.986889,6429.288613,7.62,VP,"Nov,2021",47,0.05364686,19,3.53535,7.302353,0,80,1531.25149,4.95049505,5,0,18.43624161,24.38905515,3.910761155,8.077773173,25784.95488,144.78,1169.5,45783,81,310,1767,4,7068,1942.118007,62750.04971,Dec,2022,25.3,14,21.95,24.3,82,78,5,53.86,110.8,10
5B/1,4.18,30,5B/1,Dec,208.462455,3694.771784,4.18,VP,"May,2024",17,0.02942833,34,3.892848,4.87242,240,400,1861.001192,20.36659878,5.35,1,28.82407407,28.95953003,4.306220096,5.389811427,20053.55867,142.12,766,45765,196,310,2362.2,4,9448.8,2163.965418,38353.94894,Dec,2022,25.3,14,21.95,24.3,82,78,5,53.86,110.8,10
6A/1,2,12,6A/1,Dec,208.462455,1767.833389,2,VP,"Apr,2023",30,0.014080541,33,4.218693,6.273252,160,400,2423.849821,15.63721658,3.97,2,26.64285714,29.48689956,4.666666667,6.939393939,12208.59712,66,458,45818,143,310,1116,4,4464,2250.446961,19084.565,Dec,2022,25.3,14,21.95,24.3,82,78,5,53.86,110.8,10
6A/2,2,36,6A/2,Dec,284.266985,2410.681894,2,VP,"Feb,2025",8,0.0141,26,5.273367,5.84996,160,240,1604.213349,14.1760189,4.85,3,21.84285714,20.23774146,5.833333333,6.471153846,6156.278888,52,336.5,45911,50,310,923.8,4,3695.2,3252.961859,27586.23648,Dec,2022,25.3,14,21.95,24.3,82,78,5,53.86,110.8,10
6A/2/1,2,42,6A/2/1,Dec,151.609058,1285.69701,2,VP,"May,2024",17,0.014080541,28,5.951371,8.943199,240,480,2343.307509,19.40962394,4.3,3,25.21518987,23.84115523,6.583333333,9.892857143,11940.10742,56,554,45779,182,310,620,4,2480,1318.051251,11177.52838,Dec,2022,25.3,14,21.95,24.3,82,78,5,53.86,110.8,10
6B/2/3,3,30,6B/2/3,Dec,303.218117,3857.091031,3,VP,"Oct,2021",48,0.021120811,33,7.171779,9.52402,160,400,2800.977354,13.53179973,4.03,2,22.09243697,22.56088207,7.933333333,10.53535354,21272.15837,99,1043,45783,249,310,1295.8,4,5183.2,3032.181168,38570.91031,Dec,2022,25.3,14,21.95,24.3,82,78,5,53.86,110.8,10
6B/4,3,17,6B/4,Dec,270.053635,3435.2217,3,VP,"Feb,2025",8,0.0227,23,2.705487,2.652756,140,300,1130.435042,25.14668902,4.96,1,29.36206897,22.25229358,2.992776058,2.93444609,4385.331701,74,218,45905,56,310,930,4,3720,2700.536353,34352.217,Dec,2022,25.3,14,21.95,24.3,82,78,5,53.86,110.8,10
7,3,12,7,Dec,208.462455,2651.750084,3,VP,"Apr,2023",30,0.021120811,35,4.168471,5.010775,160,480,2437.115614,18.66251944,4.52,1,28.19277108,34.57216495,4.611111111,5.542857143,18189.4989,105,582,45783,178,310,620,4,2480,2115.893921,26915.26335,Dec,2022,25.3,14,21.95,24.3,82,78,5,53.86,110.8,10
1-Jul,3.73,7,1-Jul,Dec,132.657926,2098.096809,3.73,VP,"Sep,2023",23,0.026260208,35,3.716199,6.003623,160,400,2416.269368,15.68627451,4.38,2,29.64130435,28.727797,4.110813226,6.641133665,22516.07023,130.55,867,45788,173,250,567.5,3,1702.5,1346.140081,21290.33893,Dec,2022,25.3,14,21.95,24.3,82,78,5,53.86,110.8,10
7A,1.54,43,7A,Dec,56.853397,371.245012,1.54,SD,"Oct,2024",12,0.010842016,35,4.461327,4.042029,160,160,1029.994041,14.71941122,14.71941122,3,25.68421053,24.54356846,4.935064935,4.471243043,5347.193777,53.9,241,45783,301,250,600,4,2400,466.480891,3046.057286,Dec,2022,25.3,14,21.95,24.3,82,78,5,53.86,110.8,10
1-Aug,6,12,1-Aug,Dec,189.511323,4821.363789,6,VP,"Apr,2023",30,0.042241622,23,7.608715,9.560843,160,240,2372.681764,9.584664537,4.35,2,21.90594059,27.37923947,8.416666667,10.57608696,36124.06819,138,1459.5,45947,14,310,620,4,2480,1929.067342,49077.46557,Dec,2022,25.3,14,21.95,24.3,82,78,5,53.86,110.8,10
2-Aug,6.55,6,2-Aug,Dec,189.511323,5263.322136,6.55,VP,"Oct,2023",24,0.046113771,18,6.256732,8.250298,160,240,1705.601907,13.33333333,5.11,2,23.34558824,28.94423792,6.921119593,9.126378287,28154.35385,117.9,1076,45884,77,310,1860,4,7440,1895.11323,52633.22136,Dec,2022,25.3,14,21.95,24.3,82,78,5,53.86,110.8,10
9,6.45,18,9,Dec,104.231228,2850.63134,6.45,SD,"Oct,2022",36,0.045409744,22,5.85151,7.061947,160,160,1725.500596,8.786381109,8.786381109,1,20.30538922,23.18899414,6.472868217,7.811839323,23237.46679,141.9,1108.5,45783,55,250,385,4,1540,1042.312277,28506.3134,Dec,2022,25.3,14,21.95,24.3,82,78,5,53.86,110.8,10
9A,2,18,9A,Dec,189.511323,1607.121263,2,SD,Nov.2022,36,0.014080541,21,8.588054,10.503685,80,240,2105.470799,10.80108011,10.80108011,2,19.76315789,23.40163934,9.5,11.61904762,10323.74521,42,488,45783,23,180,1161,3,3483,1895.11323,16071.21263,Dec,2022,25.3,14,21.95,24.3,82,78,5,53.86,110.8,10
9A/2,2.4,23,9A/2,Dec,14.213349,144.640914,2.4,VP,Rev 2022,41,0.016896649,4,0,7.533381,40,40,65.381406,57.97101449,4.82,0,0,0,0,0,205.209296,9.6,80,45783,53,180,225,4,900,142.133492,1446.409137,Dec,2022,25.3,14,21.95,24.3,82,78,5,53.86,110.8,10
10,2.67,35,10,Jan,247.072408,2919.008007,2.67,SD,Feb.2025,8,0.018797522,17,5.58192,5.967649,140,220,1795.199046,14.24870466,14.24870466,3,25.04854369,22.5042735,4.822097378,5.155320555,6095.768472,45.39,234,45783,178,180,360,3,1080,2906.734207,34341.27067,Jan,2023,24.7,11.8,20.1,24.4,80,72,6.1,71.2,31.1,4
10/2A,3.6,37,10/2A,Jan,118.594756,1889.155744,3.6,VP,"June.,2024",17,0.025344973,23,8.253052,9.988942,160,320,2046.340882,18.18181818,5.72,2,30.42857143,24.89293212,7.12962963,8.629227053,20588.55641,82.8,714.5,45939,22,250,750,3,2250,1133.238776,18051.93266,Jan,2023,24.7,11.8,20.1,24.4,80,72,6.1,71.2,31.1,4
3-Oct,2,12,3-Oct,Jan,197.657926,1749.218281,2,VP,"Apr,2023",30,0.014080541,27,10.418138,10.996924,160,400,2879.992253,16.14856681,4.4,3,24.55555556,27.34697856,9,9.5,16239.56246,54,513,45824,137,310,1317.5,4,5270,2325.387366,20579.0386,Jan,2023,24.7,11.8,20.1,24.4,80,72,6.1,71.2,31.1,4
4-Oct,1.25,48,4-Oct,Jan,249.048987,1377.509397,1.25,VP,"June,2024",17,0.008800338,21,12.038738,10.803995,160,320,2175.399881,17.10315339,4.39,3,17.35897436,25.12244898,10.4,9.333333333,7124.849022,26.25,245,45918,43,250,500,4,2000,1307.100238,7229.6735,Jan,2023,24.7,11.8,20.1,24.4,80,72,6.1,71.2,31.1,4
11,6.48,31,11,Jan,217.423719,6234.213955,6.48,VP,Oct.2024,14,0.045620952,35,5.478216,6.895407,160,240,1352.212753,20.63628547,5.11,1,21.06521739,21.63508512,4.732510288,5.956790123,33834.64046,226.8,1351,45788,173,310,2030.5,4,8122,2557.926103,73343.69358,Jan,2023,24.7,11.8,20.1,24.4,80,72,6.1,71.2,31.1,4
1-Nov,2.98,6,1-Nov,Jan,197.657926,2606.335239,2.98,VP,"Oct,2023",23,0.020980006,22,12.30081,18.539498,160,320,3489.243743,10.6631123,5.46,2,21.06315789,23.67047619,10.62639821,16.01586333,28770.26768,65.56,1050,45903,58,310,2008.8,4,8035.2,2559.486765,33749.62331,Jan,2023,24.7,11.8,20.1,24.4,80,72,6.1,71.2,31.1,4
11/1A,2.27,24,11/1A,Jan,276.721097,2779.507849,2.27,VP,"Apr,2022",42,0.015981414,20,13.088541,20.971412,80,240,3805.496424,7.332722273,4.99,1,22.46753247,21.19513678,11.30690162,18.11674009,20179.93387,45.4,822.5,45783,52,310,930,4,3720,3255.542312,32700.09234,Jan,2023,24.7,11.8,20.1,24.4,80,72,6.1,71.2,31.1,4
12,6.39,17,12,Jan,158.126341,4471.001927,6.39,SD,"Nov,2022",35,0.044987328,34,4.679799,6.063315,160,400,2044.015495,22.75312856,22.75312856,1,19.72258065,24.73989455,4.04277517,5.23796373,32590.25172,217.26,1138,45783,183,250,667.5,4,2670,1860.309893,52600.02267,Jan,2023,24.7,11.8,20.1,24.4,80,72,6.1,71.2,31.1,4
1-Dec,4.25,7,1-Dec,Jan,276.721097,5203.924387,4.25,VP,"Oct,2023",24,0.029921149,25,16.001716,19.071321,320,560,5163.522646,12.60977257,4.56,3,24.52765957,27.20936875,13.82352941,16.47529412,55135.10299,106.25,1750.5,45931,30,310,1156.3,4,4625.2,3255.542312,61222.63985,Jan,2023,24.7,11.8,20.1,24.4,80,72,6.1,71.2,31.1,4
1A/1,4,21,1A/1,Jan,222.365167,3935.741133,4,VP,"Jul,2022",38,0.028161081,22,9.067639,10.904844,160,320,2734.655542,13.60544218,6.08,3,18.40425532,25.09167672,7.833333333,9.420454545,24078.63274,88,829,45931,23,200 Kgs.,180,250,310,2732.330155,48360.74072,Jan,2023,24.7,11.8,20.1,24.4,80,72,6.1,71.2,31.1,4
1A/2,4.09,23,1A/2,Jan,158.126341,2861.721108,4.09,VP,"Apr,2022",40,0.028794706,22,7.358642,10.735641,80,320,2243.998808,16.58031088,5.03,3,17.88461538,23.10245656,6.356968215,9.274283174,22316.8098,89.98,834.5,45931,30,250,1000,3,3000,2068.969346,37443.56074,Jan,2023,24.7,11.8,20.1,24.4,80,72,6.1,71.2,31.1,4
1B/1,2.31,23,1B/1,Jan,158.126341,1616.277692,2.31,VP,"May,2022",40,0.016263025,19,12.277267,10.404687,80,240,1997.507747,13.96973225,4.53,2,23.18367347,25.49809886,10.60606061,8.988380041,11644.0059,43.89,394.5,,80,250,1022.5,3,3067.5,2162.308252,22101.88746,Jan,2023,24.7,11.8,20.1,24.4,80,72,6.1,71.2,31.1,4
2,5.24,36,2,Jan,177.892133,4124.656707,5.24,VP,"Jan,2025",2,0.0369,11,0,5.22152,0,80,718.544696,12.94498382,4.39,0,0,21.56923077,0,4.510756419,6491.657728,58,260,45945,16,250,1625,4,6500,2126.131845,49297.08698,Jan,2023,24.7,11.8,20.1,24.4,80,72,6.1,71.2,31.1,4
2A,6.5,31,2A,Jan,177.892133,5116.463473,6.5,VP,"Jan 2025,",2,0.0458,16,0,5.765594,0,80,1069.678188,8.695652174,4.66,0,0,20.91505792,0,4.980769231,12541.12336,104,518,45934,27,250,577.5,3,1732.5,2074.961034,59679.21195,Jan,2023,24.7,11.8,20.1,24.4,80,72,6.1,71.2,31.1,4
3,5,37,3,Jan,118.594756,2623.827422,5,VP,"Aug, 2024",15,0.035201352,21,8.180168,8.781002,160,240,1749.853993,15.94684385,5.42,2,24.03773585,24.3992467,7.066666667,7.585714286,22496.23329,105,796.5,45799,162,250,1310,4,5240,1740.319905,38503.38123,Jan,2023,24.7,11.8,20.1,24.4,80,72,6.1,71.2,31.1,4
4,8.09,17,4,Jan,217.423719,7783.146743,8.09,VP,"Nov,2022",35,0.056955787,16,8.227482,12.229436,160,240,2216.09416,12.59181532,4.75,1,20.74782609,26.17769653,7.107540173,10.56474042,41438.72385,129.44,1367.5,45840,121,310,1550,4,6200,2529.18213,90537.48034,Jan,2023,24.7,11.8,20.1,24.4,80,72,6.1,71.2,31.1,4
5A/1,5.7,31,5A/1,Jan,197.657926,4985.272102,5.7,VP,"Sep,2021",49,0.040129541,20,5.686313,9.67181,0,80,2123.078665,4.381161008,4.381161008,1,22.82142857,23.89186352,4.912280702,8.355263158,26342.84146,114,952.5,45783,44,310,2507.9,3,7523.7,2366.183635,59679.21195,Jan,2023,24.7,11.8,20.1,24.4,80,72,6.1,71.2,31.1,4
5A/2,7.62,29,5A/2,Jan,148.948385,5022.160028,7.62,VP,"Nov,2021",47,0.05364686,19,4.526983,9.350595,0,80,1878.912992,4.95049505,5,0,18.43624161,24.38905515,3.910761155,8.077773173,33017.39539,144.78,1169.5,45783,81,310,1767,4,7068,2383.064297,80350.85623,Jan,2023,24.7,11.8,20.1,24.4,80,72,6.1,71.2,31.1,4
5B/1,4.18,30,5B/1,Jan,217.423719,4021.452829,4.18,VP,"May,2024",17,0.02942833,34,4.984755,6.239089,240,400,2283.530393,20.36659878,5.35,1,28.82407407,28.95953003,4.306220096,5.389811427,25678.39575,142.12,766,45765,196,310,2362.2,4,9448.8,2655.280837,49111.87563,Jan,2023,24.7,11.8,20.1,24.4,80,72,6.1,71.2,31.1,4
6A/1,2,12,6A/1,Jan,217.423719,1924.140109,2,VP,"Apr,2023",30,0.014080541,33,5.401998,8.032841,160,400,2974.170441,15.63721658,3.97,2,26.64285714,29.48689956,4.666666667,6.939393939,15632.99529,66,458,45818,143,310,1116,4,4464,2761.397497,24437.60834,Jan,2023,24.7,11.8,20.1,24.4,80,72,6.1,71.2,31.1,4
6A/2,2,36,6A/2,Jan,296.486889,2623.827422,2,VP,"Feb,2025",8,0.0141,26,6.752497,7.49082,160,240,1968.440405,14.1760189,4.85,3,21.84285714,20.23774146,5.833333333,6.471153846,7883.057975,52,336.5,45911,50,310,923.8,4,3695.2,3991.527414,35323.91976,Jan,2023,24.7,11.8,20.1,24.4,80,72,6.1,71.2,31.1,4
6A/2/1,2,42,6A/2/1,Jan,325.554231,2881.065405,2,VP,"May,2024",17,0.014080541,28,7.620675,11.451684,240,480,2875.341478,19.40962394,4.3,3,25.21518987,23.84115523,6.583333333,9.892857143,15289.19673,56,554,45779,182,310,620,4,2480,1617.306913,14312.72135,Jan,2023,24.7,11.8,20.1,24.4,80,72,6.1,71.2,31.1,4
6B/2/3,3,30,6B/2/3,Jan,316.252682,4198.123875,3,VP,"Oct,2021",48,0.021120811,33,9.183396,12.195419,160,400,3436.922527,13.53179973,4.03,2,22.09243697,22.56088207,7.933333333,10.53535354,27238.80135,99,1043,45783,249,310,1295.8,4,5183.2,3720.619785,49389.69265,Jan,2023,24.7,11.8,20.1,24.4,80,72,6.1,71.2,31.1,4
6B/4,3,17,6B/4,Jan,281.662545,3738.954076,3,VP,"Feb,2025",8,0.0227,23,3.464351,3.396829,140,300,1387.093564,25.14668902,4.96,1,29.36206897,22.25229358,2.992776058,2.93444609,5615.37654,74,218,45905,56,310,930,4,3720,3313.676996,43987.69502,Jan,2023,24.7,11.8,20.1,24.4,80,72,6.1,71.2,31.1,4
7,3,12,7,Jan,217.423719,2886.210164,3,VP,"Apr,2023",30,0.021120811,35,5.337688,6.41625,160,480,2990.448153,18.66251944,4.52,1,28.19277108,34.57216495,4.611111111,5.542857143,23291.48451,105,582,45783,178,310,620,4,2480,2596.294994,34464.7449,Jan,2023,24.7,11.8,20.1,24.4,80,72,6.1,71.2,31.1,4
1-Jul,3.73,7,1-Jul,Jan,138.360548,2283.604466,3.73,VP,"Sep,2023",23,0.026260208,35,4.758558,7.687583,160,400,2964.868892,15.68627451,4.38,2,29.64130435,28.727797,4.110813226,6.641133665,28831.61894,130.55,867,45788,173,250,567.5,3,1702.5,1651.773144,27262.08139,Jan,2023,24.7,11.8,20.1,24.4,80,72,6.1,71.2,31.1,4
7A,1.54,43,7A,Jan,118.942054,810.505435,1.54,SD,"Oct,2024",12,0.010842016,35,5.712688,5.175781,160,160,1263.848033,14.71941122,14.71941122,3,25.68421053,24.54356846,4.935064935,4.471243043,6847.032,53.9,241,45783,301,250,600,4,2400,572.39259,3900.448082,Jan,2023,24.7,11.8,20.1,24.4,80,72,6.1,71.2,31.1,4
1-Aug,6,12,1-Aug,Jan,197.657926,5247.654844,6,VP,"Apr,2023",30,0.042241622,23,9.742889,12.242571,160,240,2911.384982,9.584664537,4.35,2,21.90594059,27.37923947,8.416666667,10.57608696,46256.53402,138,1459.5,45947,14,310,620,4,2480,2367.050556,62843.23914,Jan,2023,24.7,11.8,20.1,24.4,80,72,6.1,71.2,31.1,4
2-Aug,6.55,6,2-Aug,Jan,197.657926,5728.689871,6.55,VP,"Oct,2023",24,0.046113771,18,8.011687,10.56443,160,240,2092.848629,13.33333333,5.11,2,23.34558824,28.94423792,6.921119593,9.126378287,36051.38878,117.9,1076,45884,77,310,1860,4,7440,2325.387366,67396.35143,Jan,2023,24.7,11.8,20.1,24.4,80,72,6.1,71.2,31.1,4
9,6.45,18,9,Jan,108.711859,3102.675926,6.45,SD,"Oct,2022",36,0.045409744,22,7.492804,9.042758,160,160,2117.265197,8.786381109,8.786381109,1,20.30538922,23.18899414,6.472868217,7.811839323,29755.36054,141.9,1108.5,45783,55,250,385,4,1540,1278.963051,36502.06972,Jan,2023,24.7,11.8,20.1,24.4,80,72,6.1,71.2,31.1,4
9A,2,18,9A,Jan,197.657926,1749.218281,2,SD,Nov.2022,36,0.014080541,21,10.996924,13.449872,80,240,2583.505364,10.80108011,10.80108011,2,19.76315789,23.40163934,9.5,11.61904762,13219.45992,42,488,45783,23,180,1161,3,3483,2325.387366,20579.0386,Jan,2023,24.7,11.8,20.1,24.4,80,72,6.1,71.2,31.1,4
9A/2,2.4,23,9A/2,Jan,14.824344,157.429645,2.4,VP,Rev 2022,41,0.016896649,4,0,9.646424,40,40,80.225864,57.97101449,4.82,0,0,0,0,0,262.768599,9.6,80,45783,53,180,225,4,900,174.404052,1852.113474,Jan,2023,24.7,11.8,20.1,24.4,80,72,6.1,71.2,31.1,4
10,2.67,35,10,Feb,218.005066,2575.5953,2.67,SD,Feb.2025,8,0.018797522,17,5.58192,5.967649,140,220,1795.199046,14.24870466,14.24870466,3,25.04854369,22.5042735,4.822097378,5.155320555,6095.768472,45.39,234,45783,178,180,360,3,1080,2906.734207,34341.27067,Feb,2023,25.7,11.8,20.5,25.9,83,66,6.9,63.98,46.9,1
10/2A,3.6,37,10/2A,Feb,104.642431,1666.902127,3.6,VP,"June.,2024",17,0.025344973,23,8.253052,9.988942,160,320,2046.340882,18.18181818,5.72,2,30.42857143,24.89293212,7.12962963,8.629227053,20588.55641,82.8,714.5,45939,22,250,750,3,2250,1133.238776,18051.93266,Feb,2023,25.7,11.8,20.5,25.9,83,66,6.9,63.98,46.9,1
3-Oct,2,12,3-Oct,Feb,174.404052,1543.427895,2,VP,"Apr,2023",30,0.014080541,27,10.418138,10.996924,160,400,2879.992253,16.14856681,4.4,3,24.55555556,27.34697856,9,9.5,16239.56246,54,513,45824,137,310,1317.5,4,5270,2325.387366,20579.0386,Feb,2023,25.7,11.8,20.5,25.9,83,66,6.9,63.98,46.9,1
4-Oct,1.25,48,4-Oct,Feb,122.082837,675.249704,1.25,VP,"June,2024",17,0.008800338,21,12.038738,10.803995,160,320,2175.399881,17.10315339,4.39,3,17.35897436,25.12244898,10.4,9.333333333,7124.849022,26.25,245,45918,43,250,500,4,2000,1307.100238,7229.6735,Feb,2023,25.7,11.8,20.5,25.9,83,66,6.9,63.98,46.9,1
11,6.48,31,11,Feb,191.844458,5500.777019,6.48,VP,Oct.2024,14,0.045620952,35,5.478216,6.895407,160,240,1352.212753,20.63628547,5.11,1,21.06521739,21.63508512,4.732510288,5.956790123,33834.64046,226.8,1351,45788,173,310,2030.5,4,8122,2557.926103,73343.69358,Feb,2023,25.7,11.8,20.5,25.9,83,66,6.9,63.98,46.9,1
1-Nov,2.98,6,1-Nov,Feb,96.370919,1270.755634,2.98,VP,"Oct,2023",23,0.020980006,22,12.30081,18.539498,160,320,3489.243743,10.6631123,5.46,2,21.06315789,23.67047619,10.62639821,16.01586333,28770.26768,65.56,1050,45903,58,310,2008.8,4,8035.2,2559.486765,33749.62331,Feb,2023,25.7,11.8,20.5,25.9,83,66,6.9,63.98,46.9,1
11/1A,2.27,24,11/1A,Feb,244.165673,2452.506926,2.27,VP,"Apr,2022",42,0.015981414,20,13.088541,20.971412,80,240,3805.496424,7.332722273,4.99,1,22.46753247,21.19513678,11.30690162,18.11674009,20179.93387,45.4,822.5,45783,52,310,930,4,3720,3255.542312,32700.09234,Feb,2023,25.7,11.8,20.5,25.9,83,66,6.9,63.98,46.9,1
12,6.39,17,12,Feb,139.523242,3945.0017,6.39,SD,"Nov,2022",35,0.044987328,34,4.679799,6.063315,160,400,2044.015495,22.75312856,22.75312856,1,19.72258065,24.73989455,4.04277517,5.23796373,32590.25172,217.26,1138,45783,183,250,667.5,4,2670,1860.309893,52600.02267,Feb,2023,25.7,11.8,20.5,25.9,83,66,6.9,63.98,46.9,1
1-Dec,4.25,7,1-Dec,Feb,244.165673,4591.697988,4.25,VP,"Oct,2023",24,0.029921149,25,16.001716,19.071321,320,560,5163.522646,12.60977257,4.56,3,24.52765957,27.20936875,13.82352941,16.47529412,55135.10299,106.25,1750.5,45931,30,310,1156.3,4,4625.2,3255.542312,61222.63985,Feb,2023,25.7,11.8,20.5,25.9,83,66,6.9,63.98,46.9,1
1A/1,4,21,1A/1,Feb,196.204559,3472.712764,4,VP,"Jul,2022",38,0.028161081,22,9.067639,10.904844,160,320,2734.655542,13.60544218,6.08,3,18.40425532,25.09167672,7.833333333,9.420454545,24078.63274,88,829,45931,23,200 Kgs.,180,250,310,2732.330155,48360.74072,Feb,2023,25.7,11.8,20.5,25.9,83,66,6.9,63.98,46.9,1
1A/2,4.09,23,1A/2,Feb,139.523242,2525.048037,4.09,VP,"Apr,2022",40,0.028794706,22,7.358642,10.735641,80,320,2243.998808,16.58031088,5.03,3,17.88461538,23.10245656,6.356968215,9.274283174,22316.8098,89.98,834.5,45931,30,250,1000,3,3000,2068.969346,37443.56074,Feb,2023,25.7,11.8,20.5,25.9,83,66,6.9,63.98,46.9,1
1B/1,2.31,23,1B/1,Feb,139.523242,1426.127375,2.31,VP,"May,2022",40,0.016263025,19,12.277267,10.404687,80,240,1997.507747,13.96973225,4.53,2,23.18367347,25.49809886,10.60606061,8.988380041,11644.0059,43.89,394.5,,80,250,1022.5,3,3067.5,2162.308252,22101.88746,Feb,2023,25.7,11.8,20.5,25.9,83,66,6.9,63.98,46.9,1
2,5.24,36,2,Feb,156.963647,3639.402977,5.24,VP,"Jan,2025",2,0.0369,11,0,5.22152,0,80,718.544696,12.94498382,4.39,0,0,21.56923077,0,4.510756419,6491.657728,58,260,45945,16,250,1625,4,6500,2126.131845,49297.08698,Feb,2023,25.7,11.8,20.5,25.9,83,66,6.9,63.98,46.9,1
2A,6.5,31,2A,Feb,139.076052,4000.050629,6.5,VP,"Jan 2025,",2,0.0458,16,0,5.765594,0,80,1069.678188,8.695652174,4.66,0,0,20.91505792,0,4.980769231,12541.12336,104,518,45934,27,250,577.5,3,1732.5,2074.961034,59679.21195,Feb,2023,25.7,11.8,20.5,25.9,83,66,6.9,63.98,46.9,1
3,5,37,3,Feb,104.642431,2315.141843,5,VP,"Aug, 2024",15,0.035201352,21,8.180168,8.781002,160,240,1749.853993,15.94684385,5.42,2,24.03773585,24.3992467,7.066666667,7.585714286,22496.23329,105,796.5,45799,162,250,1310,4,5240,1740.319905,38503.38123,Feb,2023,25.7,11.8,20.5,25.9,83,66,6.9,63.98,46.9,1
4,8.09,17,4,Feb,163.100485,5838.53049,8.09,VP,"Nov,2022",35,0.056955787,16,8.227482,12.229436,160,240,2216.09416,12.59181532,4.75,1,20.74782609,26.17769653,7.107540173,10.56474042,41438.72385,129.44,1367.5,45840,121,310,1550,4,6200,2529.18213,90537.48034,Feb,2023,25.7,11.8,20.5,25.9,83,66,6.9,63.98,46.9,1
5A/1,5.7,31,5A/1,Feb,174.404052,4398.769502,5.7,VP,"Sep,2021",49,0.040129541,20,5.686313,9.67181,0,80,2123.078665,4.381161008,4.381161008,1,22.82142857,23.89186352,4.912280702,8.355263158,26342.84146,114,952.5,45783,44,310,2507.9,3,7523.7,2366.183635,59679.21195,Feb,2023,25.7,11.8,20.5,25.9,83,66,6.9,63.98,46.9,1
5A/2,7.62,29,5A/2,Feb,183.124255,6174.483295,7.62,VP,"Nov,2021",47,0.05364686,19,4.526983,9.350595,0,80,1878.912992,4.95049505,5,0,18.43624161,24.38905515,3.910761155,8.077773173,33017.39539,144.78,1169.5,45783,81,310,1767,4,7068,2383.064297,80350.85623,Feb,2023,25.7,11.8,20.5,25.9,83,66,6.9,63.98,46.9,1
5B/1,4.18,30,5B/1,Feb,191.844458,3548.340731,4.18,VP,"May,2024",17,0.02942833,34,4.984755,6.239089,240,400,2283.530393,20.36659878,5.35,1,28.82407407,28.95953003,4.306220096,5.389811427,25678.39575,142.12,766,45765,196,310,2362.2,4,9448.8,2655.280837,49111.87563,Feb,2023,25.7,11.8,20.5,25.9,83,66,6.9,63.98,46.9,1
6A/1,2,12,6A/1,Feb,191.844458,1697.770685,2,VP,"Apr,2023",30,0.014080541,33,5.401998,8.032841,160,400,2974.170441,15.63721658,3.97,2,26.64285714,29.48689956,4.666666667,6.939393939,15632.99529,66,458,45818,143,310,1116,4,4464,2761.397497,24437.60834,Feb,2023,25.7,11.8,20.5,25.9,83,66,6.9,63.98,46.9,1
6A/2,2,36,6A/2,Feb,299.97497,2654.69598,2,VP,"Feb,2025",8,0.0141,26,6.752497,7.49082,160,240,1968.440405,14.1760189,4.85,3,21.84285714,20.23774146,5.833333333,6.471153846,7883.057975,52,336.5,45911,50,310,923.8,4,3695.2,3991.527414,35323.91976,Feb,2023,25.7,11.8,20.5,25.9,83,66,6.9,63.98,46.9,1
6A/2/1,2,42,6A/2/1,Feb,139.523242,1234.742316,2,VP,"May,2024",17,0.014080541,28,7.620675,11.451684,240,480,2875.341478,19.40962394,4.3,3,25.21518987,23.84115523,6.583333333,9.892857143,15289.19673,56,554,45779,182,310,620,4,2480,1617.306913,14312.72135,Feb,2023,25.7,11.8,20.5,25.9,83,66,6.9,63.98,46.9,1
6B/2/3,3,30,6B/2/3,Feb,279.046484,3704.226949,3,VP,"Oct,2021",48,0.021120811,33,9.183396,12.195419,160,400,3436.922527,13.53179973,4.03,2,22.09243697,22.56088207,7.933333333,10.53535354,27238.80135,99,1043,45783,249,310,1295.8,4,5183.2,3720.619785,49389.69265,Feb,2023,25.7,11.8,20.5,25.9,83,66,6.9,63.98,46.9,1
6B/4,3,17,6B/4,Feb,248.525775,3299.077126,3,VP,"Feb,2025",8,0.0227,23,3.464351,3.396829,140,300,1387.093564,25.14668902,4.96,1,29.36206897,22.25229358,2.992776058,2.93444609,5615.37654,74,218,45905,56,310,930,4,3720,3313.676996,43987.69502,Feb,2023,25.7,11.8,20.5,25.9,83,66,6.9,63.98,46.9,1
7,3,12,7,Feb,191.844458,2546.656027,3,VP,"Apr,2023",30,0.021120811,35,5.337688,6.41625,160,480,2990.448153,18.66251944,4.52,1,28.19277108,34.57216495,4.611111111,5.542857143,23291.48451,105,582,45783,178,310,620,4,2480,2596.294994,34464.7449,Feb,2023,25.7,11.8,20.5,25.9,83,66,6.9,63.98,46.9,1
1-Jul,3.73,7,1-Jul,Feb,122.082837,2014.945117,3.73,VP,"Sep,2023",23,0.026260208,35,4.758558,7.687583,160,400,2964.868892,15.68627451,4.38,2,29.64130435,28.727797,4.110813226,6.641133665,28831.61894,130.55,867,45788,173,250,567.5,3,1702.5,1651.773144,27262.08139,Feb,2023,25.7,11.8,20.5,25.9,83,66,6.9,63.98,46.9,1
7A,1.54,43,7A,Feb,52.321216,356.531844,1.54,SD,"Oct,2024",12,0.010842016,35,5.712688,5.175781,160,160,1263.848033,14.71941122,14.71941122,3,25.68421053,24.54356846,4.935064935,4.471243043,6847.032,53.9,241,45783,301,250,600,4,2400,572.39259,3900.448082,Feb,2023,25.7,11.8,20.5,25.9,83,66,6.9,63.98,46.9,1
1-Aug,6,12,1-Aug,Feb,174.404052,4630.283686,6,VP,"Apr,2023",30,0.042241622,23,9.742889,12.242571,160,240,2911.384982,9.584664537,4.35,2,21.90594059,27.37923947,8.416666667,10.57608696,46256.53402,138,1459.5,45947,14,310,620,4,2480,2367.050556,62843.23914,Feb,2023,25.7,11.8,20.5,25.9,83,66,6.9,63.98,46.9,1
2-Aug,6.55,6,2-Aug,Feb,174.404052,5054.726357,6.55,VP,"Oct,2023",24,0.046113771,18,8.011687,10.56443,160,240,2092.848629,13.33333333,5.11,2,23.34558824,28.94423792,6.921119593,9.126378287,36051.38878,117.9,1076,45884,77,310,1860,4,7440,2325.387366,67396.35143,Feb,2023,25.7,11.8,20.5,25.9,83,66,6.9,63.98,46.9,1
9,6.45,18,9,Feb,95.922229,2737.655229,6.45,SD,"Oct,2022",36,0.045409744,22,7.492804,9.042758,160,160,2117.265197,8.786381109,8.786381109,1,20.30538922,23.18899414,6.472868217,7.811839323,29755.36054,141.9,1108.5,45783,55,250,385,4,1540,1278.963051,36502.06972,Feb,2023,25.7,11.8,20.5,25.9,83,66,6.9,63.98,46.9,1
9A,2,18,9A,Feb,174.404052,1543.427895,2,SD,Nov.2022,36,0.014080541,21,10.996924,13.449872,80,240,2583.505364,10.80108011,10.80108011,2,19.76315789,23.40163934,9.5,11.61904762,13219.45992,42,488,45783,23,180,1161,3,3483,2325.387366,20579.0386,Feb,2023,25.7,11.8,20.5,25.9,83,66,6.9,63.98,46.9,1
9A/2,2.4,23,9A/2,Feb,13.080304,138.908511,2.4,VP,Rev 2022,41,0.016896649,4,0,9.646424,40,40,80.225864,57.97101449,4.82,0,0,0,0,0,262.768599,9.6,80,45783,53,180,225,4,900,174.404052,1852.113474,Feb,2023,25.7,11.8,20.5,25.9,83,66,6.9,63.98,46.9,1
10,2.67,35,10,Mar,218.005066,2575.5953,2.67,SD,Feb.2025,8,0.018797522,17,5.58192,5.967649,140,220,1795.199046,14.24870466,14.24870466,3,25.04854369,22.5042735,4.822097378,5.155320555,6095.768472,45.39,234,45783,178,180,360,3,1080,2906.734207,34341.27067,Mar,2023,26.3,12.8,20.9,26,78,73,6.5,72.92,106.3,6
10/2A,3.6,37,10/2A,Mar,104.642431,1666.902127,3.6,VP,"June.,2024",17,0.025344973,23,8.253052,9.988942,160,320,2046.340882,18.18181818,5.72,2,30.42857143,24.89293212,7.12962963,8.629227053,20588.55641,82.8,714.5,45939,22,250,750,3,2250,1133.238776,18051.93266,Mar,2023,26.3,12.8,20.9,26,78,73,6.5,72.92,106.3,6
3-Oct,2,12,3-Oct,Mar,174.404052,1543.427895,2,VP,"Apr,2023",30,0.014080541,27,10.418138,10.996924,160,400,2879.992253,16.14856681,4.4,3,24.55555556,27.34697856,9,9.5,16239.56246,54,513,45824,137,310,1317.5,4,5270,2325.387366,20579.0386,Mar,2023,26.3,12.8,20.9,26,78,73,6.5,72.92,106.3,6
4-Oct,1.25,48,4-Oct,Mar,122.082837,675.249704,1.25,VP,"June,2024",17,0.008800338,21,12.038738,10.803995,160,320,2175.399881,17.10315339,4.39,3,17.35897436,25.12244898,10.4,9.333333333,7124.849022,26.25,245,45918,43,250,500,4,2000,1307.100238,7229.6735,Mar,2023,26.3,12.8,20.9,26,78,73,6.5,72.92,106.3,6
11,6.48,31,11,Mar,191.844458,5500.777019,6.48,VP,Oct.2024,14,0.045620952,35,5.478216,6.895407,160,240,1352.212753,20.63628547,5.11,1,21.06521739,21.63508512,4.732510288,5.956790123,33834.64046,226.8,1351,45788,173,310,2030.5,4,8122,2557.926103,73343.69358,Mar,2023,26.3,12.8,20.9,26,78,73,6.5,72.92,106.3,6
1-Nov,2.98,6,1-Nov,Mar,174.404052,2299.707564,2.98,VP,"Oct,2023",23,0.020980006,22,12.30081,18.539498,160,320,3489.243743,10.6631123,5.46,2,21.06315789,23.67047619,10.62639821,16.01586333,28770.26768,65.56,1050,45903,58,310,2008.8,4,8035.2,2559.486765,33749.62331,Mar,2023,26.3,12.8,20.9,26,78,73,6.5,72.92,106.3,6
11/1A,2.27,24,11/1A,Mar,244.165673,2452.506926,2.27,VP,"Apr,2022",42,0.015981414,20,13.088541,20.971412,80,240,3805.496424,7.332722273,4.99,1,22.46753247,21.19513678,11.30690162,18.11674009,20179.93387,45.4,822.5,45783,52,310,930,4,3720,3255.542312,32700.09234,Mar,2023,26.3,12.8,20.9,26,78,73,6.5,72.92,106.3,6
12,6.39,17,12,Mar,139.523242,3945.0017,6.39,SD,"Nov,2022",35,0.044987328,34,4.679799,6.063315,160,400,2044.015495,22.75312856,22.75312856,1,19.72258065,24.73989455,4.04277517,5.23796373,32590.25172,217.26,1138,45783,183,250,667.5,4,2670,1860.309893,52600.02267,Mar,2023,26.3,12.8,20.9,26,78,73,6.5,72.92,106.3,6
1-Dec,4.25,7,1-Dec,Mar,244.165673,4591.697988,4.25,VP,"Oct,2023",24,0.029921149,25,16.001716,19.071321,320,560,5163.522646,12.60977257,4.56,3,24.52765957,27.20936875,13.82352941,16.47529412,55135.10299,106.25,1750.5,45931,30,310,1156.3,4,4625.2,3255.542312,61222.63985,Mar,2023,26.3,12.8,20.9,26,78,73,6.5,72.92,106.3,6
1A/1,4,21,1A/1,Mar,196.204559,3472.712764,4,VP,"Jul,2022",38,0.028161081,22,9.067639,10.904844,160,320,2734.655542,13.60544218,6.08,3,18.40425532,25.09167672,7.833333333,9.420454545,24078.63274,88,829,45931,23,200 Kgs.,180,250,310,2732.330155,48360.74072,Mar,2023,26.3,12.8,20.9,26,78,73,6.5,72.92,106.3,6
1A/2,4.09,23,1A/2,Mar,139.523242,2525.048037,4.09,VP,"Apr,2022",40,0.028794706,22,7.358642,10.735641,80,320,2243.998808,16.58031088,5.03,3,17.88461538,23.10245656,6.356968215,9.274283174,22316.8098,89.98,834.5,45931,30,250,1000,3,3000,2068.969346,37443.56074,Mar,2023,26.3,12.8,20.9,26,78,73,6.5,72.92,106.3,6
1B/1,2.31,23,1B/1,Mar,139.523242,1426.127375,2.31,VP,"May,2022",40,0.016263025,19,12.277267,10.404687,80,240,1997.507747,13.96973225,4.53,2,23.18367347,25.49809886,10.60606061,8.988380041,11644.0059,43.89,394.5,,80,250,1022.5,3,3067.5,2162.308252,22101.88746,Mar,2023,26.3,12.8,20.9,26,78,73,6.5,72.92,106.3,6
2,5.24,36,2,Mar,156.963647,3639.402977,5.24,VP,"Jan,2025",2,0.0369,11,0,5.22152,0,80,718.544696,12.94498382,4.39,0,0,21.56923077,0,4.510756419,6491.657728,58,260,45945,16,250,1625,4,6500,2126.131845,49297.08698,Mar,2023,26.3,12.8,20.9,26,78,73,6.5,72.92,106.3,6
2A,6.5,31,2A,Mar,156.963647,4514.526594,6.5,VP,"Jan 2025,",2,0.0458,16,0,5.765594,0,80,1069.678188,8.695652174,4.66,0,0,20.91505792,0,4.980769231,12541.12336,104,518,45934,27,250,577.5,3,1732.5,2074.961034,59679.21195,Mar,2023,26.3,12.8,20.9,26,78,73,6.5,72.92,106.3,6
3,5,37,3,Mar,104.642431,2315.141843,5,VP,"Aug, 2024",15,0.035201352,21,8.180168,8.781002,160,240,1749.853993,15.94684385,5.42,2,24.03773585,24.3992467,7.066666667,7.585714286,22496.23329,105,796.5,45799,162,250,1310,4,5240,1740.319905,38503.38123,Mar,2023,26.3,12.8,20.9,26,78,73,6.5,72.92,106.3,6
4,8.09,17,4,Mar,191.844458,6867.48242,8.09,VP,"Nov,2022",35,0.056955787,16,8.227482,12.229436,160,240,2216.09416,12.59181532,4.75,1,20.74782609,26.17769653,7.107540173,10.56474042,41438.72385,129.44,1367.5,45840,121,310,1550,4,6200,2529.18213,90537.48034,Mar,2023,26.3,12.8,20.9,26,78,73,6.5,72.92,106.3,6
5A/1,5.7,31,5A/1,Mar,174.404052,4398.769502,5.7,VP,"Sep,2021",49,0.040129541,20,5.686313,9.67181,0,80,2123.078665,4.381161008,4.381161008,1,22.82142857,23.89186352,4.912280702,8.355263158,26342.84146,114,952.5,45783,44,310,2507.9,3,7523.7,2366.183635,59679.21195,Mar,2023,26.3,12.8,20.9,26,78,73,6.5,72.92,106.3,6
5A/2,7.62,29,5A/2,Mar,183.124255,6174.483295,7.62,VP,"Nov,2021",47,0.05364686,19,4.526983,9.350595,0,80,1878.912992,4.95049505,5,0,18.43624161,24.38905515,3.910761155,8.077773173,33017.39539,144.78,1169.5,45783,81,310,1767,4,7068,2383.064297,80350.85623,Mar,2023,26.3,12.8,20.9,26,78,73,6.5,72.92,106.3,6
5B/1,4.18,30,5B/1,Mar,191.844458,3548.340731,4.18,VP,"May,2024",17,0.02942833,34,4.984755,6.239089,240,400,2283.530393,20.36659878,5.35,1,28.82407407,28.95953003,4.306220096,5.389811427,25678.39575,142.12,766,45765,196,310,2362.2,4,9448.8,2655.280837,49111.87563,Mar,2023,26.3,12.8,20.9,26,78,73,6.5,72.92,106.3,6
6A/1,2,12,6A/1,Mar,191.844458,1697.770685,2,VP,"Apr,2023",30,0.014080541,33,5.401998,8.032841,160,400,2974.170441,15.63721658,3.97,2,26.64285714,29.48689956,4.666666667,6.939393939,15632.99529,66,458,45818,143,310,1116,4,4464,2761.397497,24437.60834,Mar,2023,26.3,12.8,20.9,26,78,73,6.5,72.92,106.3,6
6A/2,2,36,6A/2,Mar,261.606079,2315.141843,2,VP,"Feb,2025",8,0.0141,26,6.752497,7.49082,160,240,1968.440405,14.1760189,4.85,3,21.84285714,20.23774146,5.833333333,6.471153846,7883.057975,52,336.5,45911,50,310,923.8,4,3695.2,3991.527414,35323.91976,Mar,2023,26.3,12.8,20.9,26,78,73,6.5,72.92,106.3,6
6A/2/1,2,42,6A/2/1,Mar,105.805125,936.346256,2,VP,"May,2024",17,0.014080541,28,7.620675,11.451684,240,480,2875.341478,19.40962394,4.3,3,25.21518987,23.84115523,6.583333333,9.892857143,15289.19673,56,554,45779,182,310,620,4,2480,1617.306913,14312.72135,Mar,2023,26.3,12.8,20.9,26,78,73,6.5,72.92,106.3,6
6B/2/3,3,30,6B/2/3,Mar,279.046484,3704.226949,3,VP,"Oct,2021",48,0.021120811,33,9.183396,12.195419,160,400,3436.922527,13.53179973,4.03,2,22.09243697,22.56088207,7.933333333,10.53535354,27238.80135,99,1043,45783,249,310,1295.8,4,5183.2,3720.619785,49389.69265,Mar,2023,26.3,12.8,20.9,26,78,73,6.5,72.92,106.3,6
6B/4,3,17,6B/4,Mar,248.525775,3299.077126,3,VP,"Feb,2025",8,0.0227,23,3.464351,3.396829,140,300,1387.093564,25.14668902,4.96,1,29.36206897,22.25229358,2.992776058,2.93444609,5615.37654,74,218,45905,56,310,930,4,3720,3313.676996,43987.69502,Mar,2023,26.3,12.8,20.9,26,78,73,6.5,72.92,106.3,6
7,3,12,7,Mar,191.844458,2546.656027,3,VP,"Apr,2023",30,0.021120811,35,5.337688,6.41625,160,480,2990.448153,18.66251944,4.52,1,28.19277108,34.57216495,4.611111111,5.542857143,23291.48451,105,582,45783,178,310,620,4,2480,2596.294994,34464.7449,Mar,2023,26.3,12.8,20.9,26,78,73,6.5,72.92,106.3,6
1-Jul,3.73,7,1-Jul,Mar,122.082837,2014.945117,3.73,VP,"Sep,2023",23,0.026260208,35,4.758558,7.687583,160,400,2964.868892,15.68627451,4.38,2,29.64130435,28.727797,4.110813226,6.641133665,28831.61894,130.55,867,45788,173,250,567.5,3,1702.5,1651.773144,27262.08139,Mar,2023,26.3,12.8,20.9,26,78,73,6.5,72.92,106.3,6
7A,1.54,43,7A,Mar,52.321216,356.531844,1.54,SD,"Oct,2024",12,0.010842016,35,5.712688,5.175781,160,160,1263.848033,14.71941122,14.71941122,3,25.68421053,24.54356846,4.935064935,4.471243043,6847.032,53.9,241,45783,301,250,600,4,2400,572.39259,3900.448082,Mar,2023,26.3,12.8,20.9,26,78,73,6.5,72.92,106.3,6
1-Aug,6,12,1-Aug,Mar,174.404052,4630.283686,6,VP,"Apr,2023",30,0.042241622,23,9.742889,12.242571,160,240,2911.384982,9.584664537,4.35,2,21.90594059,27.37923947,8.416666667,10.57608696,46256.53402,138,1459.5,45947,14,310,620,4,2480,2367.050556,62843.23914,Mar,2023,26.3,12.8,20.9,26,78,73,6.5,72.92,106.3,6
2-Aug,6.55,6,2-Aug,Mar,174.404052,5054.726357,6.55,VP,"Oct,2023",24,0.046113771,18,8.011687,10.56443,160,240,2092.848629,13.33333333,5.11,2,23.34558824,28.94423792,6.921119593,9.126378287,36051.38878,117.9,1076,45884,77,310,1860,4,7440,2325.387366,67396.35143,Mar,2023,26.3,12.8,20.9,26,78,73,6.5,72.92,106.3,6
9,6.45,18,9,Mar,95.922229,2737.655229,6.45,SD,"Oct,2022",36,0.045409744,22,7.492804,9.042758,160,160,2117.265197,8.786381109,8.786381109,1,20.30538922,23.18899414,6.472868217,7.811839323,29755.36054,141.9,1108.5,45783,55,250,385,4,1540,1278.963051,36502.06972,Mar,2023,26.3,12.8,20.9,26,78,73,6.5,72.92,106.3,6
9A,2,18,9A,Mar,174.404052,1543.427895,2,SD,Nov.2022,36,0.014080541,21,10.996924,13.449872,80,240,2583.505364,10.80108011,10.80108011,2,19.76315789,23.40163934,9.5,11.61904762,13219.45992,42,488,45783,23,180,1161,3,3483,2325.387366,20579.0386,Mar,2023,26.3,12.8,20.9,26,78,73,6.5,72.92,106.3,6
9A/2,2.4,23,9A/2,Mar,13.080304,138.908511,2.4,VP,Rev 2022,41,0.016896649,4,0,9.646424,40,40,80.225864,57.97101449,4.82,0,0,0,0,0,262.768599,9.6,80,45783,53,180,225,4,900,174.404052,1852.113474,Mar,2023,26.3,12.8,20.9,26,78,73,6.5,72.92,106.3,6
10,2.67,35,10,Apr,247.072408,2919.008007,2.67,SD,Feb.2025,8,0.018797522,17,5.58192,5.967649,140,220,1795.199046,14.24870466,14.24870466,3,25.04854369,22.5042735,4.822097378,5.155320555,6095.768472,45.39,234,45783,178,180,360,3,1080,2906.734207,34341.27067,Apr,2023,26.6,13.2,21.4,26,83,79,6.8,60.25,239.3,13
10/2A,3.6,37,10/2A,Apr,118.594756,1889.155744,3.6,VP,"June.,2024",17,0.025344973,23,8.253052,9.988942,160,320,2046.340882,18.18181818,5.72,2,30.42857143,24.89293212,7.12962963,8.629227053,20588.55641,82.8,714.5,45939,22,250,750,3,2250,1133.238776,18051.93266,Apr,2023,26.6,13.2,21.4,26,83,79,6.8,60.25,239.3,13
3-Oct,2,12,3-Oct,Apr,197.657926,1749.218281,2,VP,"Apr,2023",30,0.014080541,27,10.418138,10.996924,160,400,2879.992253,16.14856681,4.4,3,24.55555556,27.34697856,9,9.5,16239.56246,54,513,45824,137,310,1317.5,4,5270,2325.387366,20579.0386,Apr,2023,26.6,13.2,21.4,26,83,79,6.8,60.25,239.3,13
4-Oct,1.25,48,4-Oct,Apr,0,0,1.25,VP,"June,2024",17,0.008800338,21,12.038738,10.803995,160,320,2175.399881,17.10315339,4.39,3,17.35897436,25.12244898,10.4,9.333333333,7124.849022,26.25,245,45918,43,250,500,4,2000,1307.100238,7229.6735,Apr,2023,26.6,13.2,21.4,26,83,79,6.8,60.25,239.3,13
11,6.48,31,11,Apr,217.423719,6234.213955,6.48,VP,Oct.2024,14,0.045620952,35,5.478216,6.895407,160,240,1352.212753,20.63628547,5.11,1,21.06521739,21.63508512,4.732510288,5.956790123,33834.64046,226.8,1351,45788,173,310,2030.5,4,8122,2557.926103,73343.69358,Apr,2023,26.6,13.2,21.4,26,83,79,6.8,60.25,239.3,13
1-Nov,2.98,6,1-Nov,Apr,197.657926,2606.335239,2.98,VP,"Oct,2023",23,0.020980006,22,12.30081,18.539498,160,320,3489.243743,10.6631123,5.46,2,21.06315789,23.67047619,10.62639821,16.01586333,28770.26768,65.56,1050,45903,58,310,2008.8,4,8035.2,2559.486765,33749.62331,Apr,2023,26.6,13.2,21.4,26,83,79,6.8,60.25,239.3,13
11/1A,2.27,24,11/1A,Apr,276.721097,2779.507849,2.27,VP,"Apr,2022",42,0.015981414,20,13.088541,20.971412,80,240,3805.496424,7.332722273,4.99,1,22.46753247,21.19513678,11.30690162,18.11674009,20179.93387,45.4,822.5,45783,52,310,930,4,3720,3255.542312,32700.09234,Apr,2023,26.6,13.2,21.4,26,83,79,6.8,60.25,239.3,13
12,6.39,17,12,Apr,158.126341,4471.001927,6.39,SD,"Nov,2022",35,0.044987328,34,4.679799,6.063315,160,400,2044.015495,22.75312856,22.75312856,1,19.72258065,24.73989455,4.04277517,5.23796373,32590.25172,217.26,1138,45783,183,250,667.5,4,2670,1860.309893,52600.02267,Apr,2023,26.6,13.2,21.4,26,83,79,6.8,60.25,239.3,13
1-Dec,4.25,7,1-Dec,Apr,276.721097,5203.924387,4.25,VP,"Oct,2023",24,0.029921149,25,16.001716,19.071321,320,560,5163.522646,12.60977257,4.56,3,24.52765957,27.20936875,13.82352941,16.47529412,55135.10299,106.25,1750.5,45931,30,310,1156.3,4,4625.2,3255.542312,61222.63985,Apr,2023,26.6,13.2,21.4,26,83,79,6.8,60.25,239.3,13
1A/1,4,21,1A/1,Apr,222.365167,3935.741133,4,VP,"Jul,2022",38,0.028161081,22,9.067639,10.904844,160,320,2734.655542,13.60544218,6.08,3,18.40425532,25.09167672,7.833333333,9.420454545,24078.63274,88,829,45931,23,200 Kgs.,180,250,310,2732.330155,48360.74072,Apr,2023,26.6,13.2,21.4,26,83,79,6.8,60.25,239.3,13
1A/2,4.09,23,1A/2,Apr,158.126341,2861.721108,4.09,VP,"Apr,2022",40,0.028794706,22,7.358642,10.735641,80,320,2243.998808,16.58031088,5.03,3,17.88461538,23.10245656,6.356968215,9.274283174,22316.8098,89.98,834.5,45931,30,250,1000,3,3000,2068.969346,37443.56074,Apr,2023,26.6,13.2,21.4,26,83,79,6.8,60.25,239.3,13
1B/1,2.31,23,1B/1,Apr,158.126341,1616.277692,2.31,VP,"May,2022",40,0.016263025,19,12.277267,10.404687,80,240,1997.507747,13.96973225,4.53,2,23.18367347,25.49809886,10.60606061,8.988380041,11644.0059,43.89,394.5,,80,250,1022.5,3,3067.5,2162.308252,22101.88746,Apr,2023,26.6,13.2,21.4,26,83,79,6.8,60.25,239.3,13
2,5.24,36,2,Apr,177.892133,4124.656707,5.24,VP,"Jan,2025",2,0.0369,11,0,5.22152,0,80,718.544696,12.94498382,4.39,0,0,21.56923077,0,4.510756419,6491.657728,58,260,45945,16,250,1625,4,6500,2126.131845,49297.08698,Apr,2023,26.6,13.2,21.4,26,83,79,6.8,60.25,239.3,13
2A,6.5,31,2A,Apr,177.892133,5116.463473,6.5,VP,"Jan 2025,",2,0.0458,16,0,5.765594,0,80,1069.678188,8.695652174,4.66,0,0,20.91505792,0,4.980769231,12541.12336,104,518,45934,27,250,577.5,3,1732.5,2074.961034,59679.21195,Apr,2023,26.6,13.2,21.4,26,83,79,6.8,60.25,239.3,13
3,5,37,3,Apr,246.491061,5453.44523,5,VP,"Aug, 2024",15,0.035201352,21,8.180168,8.781002,160,240,1749.853993,15.94684385,5.42,2,24.03773585,24.3992467,7.066666667,7.585714286,22496.23329,105,796.5,45799,162,250,1310,4,5240,1740.319905,38503.38123,Apr,2023,26.6,13.2,21.4,26,83,79,6.8,60.25,239.3,13
4,8.09,17,4,Apr,217.423719,7783.146743,8.09,VP,"Nov,2022",35,0.056955787,16,8.227482,12.229436,160,240,2216.09416,12.59181532,4.75,1,20.74782609,26.17769653,7.107540173,10.56474042,41438.72385,129.44,1367.5,45840,121,310,1550,4,6200,2529.18213,90537.48034,Apr,2023,26.6,13.2,21.4,26,83,79,6.8,60.25,239.3,13
5A/1,5.7,31,5A/1,Apr,197.657926,4985.272102,5.7,VP,"Sep,2021",49,0.040129541,20,5.686313,9.67181,0,80,2123.078665,4.381161008,4.381161008,1,22.82142857,23.89186352,4.912280702,8.355263158,26342.84146,114,952.5,45783,44,310,2507.9,3,7523.7,2366.183635,59679.21195,Apr,2023,26.6,13.2,21.4,26,83,79,6.8,60.25,239.3,13
5A/2,7.62,29,5A/2,Apr,207.540822,6997.747734,7.62,VP,"Nov,2021",47,0.05364686,19,4.526983,9.350595,0,80,1878.912992,4.95049505,5,0,18.43624161,24.38905515,3.910761155,8.077773173,33017.39539,144.78,1169.5,45783,81,310,1767,4,7068,2383.064297,80350.85623,Apr,2023,26.6,13.2,21.4,26,83,79,6.8,60.25,239.3,13
5B/1,4.18,30,5B/1,Apr,217.423719,4021.452829,4.18,VP,"May,2024",17,0.02942833,34,4.984755,6.239089,240,400,2283.530393,20.36659878,5.35,1,28.82407407,28.95953003,4.306220096,5.389811427,25678.39575,142.12,766,45765,196,310,2362.2,4,9448.8,2655.280837,49111.87563,Apr,2023,26.6,13.2,21.4,26,83,79,6.8,60.25,239.3,13
6A/1,2,12,6A/1,Apr,217.423719,1924.140109,2,VP,"Apr,2023",30,0.014080541,33,5.401998,8.032841,160,400,2974.170441,15.63721658,3.97,2,26.64285714,29.48689956,4.666666667,6.939393939,15632.99529,66,458,45818,143,310,1116,4,4464,2761.397497,24437.60834,Apr,2023,26.6,13.2,21.4,26,83,79,6.8,60.25,239.3,13
6A/2,2,36,6A/2,Apr,296.486889,2623.827422,2,VP,"Feb,2025",8,0.0141,26,6.752497,7.49082,160,240,1968.440405,14.1760189,4.85,3,21.84285714,20.23774146,5.833333333,6.471153846,7883.057975,52,336.5,45911,50,310,923.8,4,3695.2,3991.527414,35323.91976,Apr,2023,26.6,13.2,21.4,26,83,79,6.8,60.25,239.3,13
6A/2/1,2,42,6A/2/1,Apr,0,0,2,VP,"May,2024",17,0.014080541,28,7.620675,11.451684,240,480,2875.341478,19.40962394,4.3,3,25.21518987,23.84115523,6.583333333,9.892857143,15289.19673,56,554,45779,182,310,620,4,2480,1617.306913,14312.72135,Apr,2023,26.6,13.2,21.4,26,83,79,6.8,60.25,239.3,13
6B/2/3,3,30,6B/2/3,Apr,316.252682,4198.123875,3,VP,"Oct,2021",48,0.021120811,33,9.183396,12.195419,160,400,3436.922527,13.53179973,4.03,2,22.09243697,22.56088207,7.933333333,10.53535354,27238.80135,99,1043,45783,249,310,1295.8,4,5183.2,3720.619785,49389.69265,Apr,2023,26.6,13.2,21.4,26,83,79,6.8,60.25,239.3,13
6B/4,3,17,6B/4,Apr,281.662545,3738.954076,3,VP,"Feb,2025",8,0.0227,23,3.464351,3.396829,140,300,1387.093564,25.14668902,4.96,1,29.36206897,22.25229358,2.992776058,2.93444609,5615.37654,74,218,45905,56,310,930,4,3720,3313.676996,43987.69502,Apr,2023,26.6,13.2,21.4,26,83,79,6.8,60.25,239.3,13
7,3,12,7,Apr,217.423719,2886.210164,3,VP,"Apr,2023",30,0.021120811,35,5.337688,6.41625,160,480,2990.448153,18.66251944,4.52,1,28.19277108,34.57216495,4.611111111,5.542857143,23291.48451,105,582,45783,178,310,620,4,2480,2596.294994,34464.7449,Apr,2023,26.6,13.2,21.4,26,83,79,6.8,60.25,239.3,13
1-Jul,3.73,7,1-Jul,Apr,138.360548,2283.604466,3.73,VP,"Sep,2023",23,0.026260208,35,4.758558,7.687583,160,400,2964.868892,15.68627451,4.38,2,29.64130435,28.727797,4.110813226,6.641133665,28831.61894,130.55,867,45788,173,250,567.5,3,1702.5,1651.773144,27262.08139,Apr,2023,26.6,13.2,21.4,26,83,79,6.8,60.25,239.3,13
7A,1.54,43,7A,Apr,0,0,1.54,SD,"Oct,2024",12,0.010842016,35,5.712688,5.175781,160,160,1263.848033,14.71941122,14.71941122,3,25.68421053,24.54356846,4.935064935,4.471243043,6847.032,53.9,241,45783,301,250,600,4,2400,572.39259,3900.448082,Apr,2023,26.6,13.2,21.4,26,83,79,6.8,60.25,239.3,13
1-Aug,6,12,1-Aug,Apr,197.657926,5247.654844,6,VP,"Apr,2023",30,0.042241622,23,9.742889,12.242571,160,240,2911.384982,9.584664537,4.35,2,21.90594059,27.37923947,8.416666667,10.57608696,46256.53402,138,1459.5,45947,14,310,620,4,2480,2367.050556,62843.23914,Apr,2023,26.6,13.2,21.4,26,83,79,6.8,60.25,239.3,13
2-Aug,6.55,6,2-Aug,Apr,197.657926,5728.689871,6.55,VP,"Oct,2023",24,0.046113771,18,8.011687,10.56443,160,240,2092.848629,13.33333333,5.11,2,23.34558824,28.94423792,6.921119593,9.126378287,36051.38878,117.9,1076,45884,77,310,1860,4,7440,2325.387366,67396.35143,Apr,2023,26.6,13.2,21.4,26,83,79,6.8,60.25,239.3,13
9,6.45,18,9,Apr,108.711859,3102.675926,6.45,SD,"Oct,2022",36,0.045409744,22,7.492804,9.042758,160,160,2117.265197,8.786381109,8.786381109,1,20.30538922,23.18899414,6.472868217,7.811839323,29755.36054,141.9,1108.5,45783,55,250,385,4,1540,1278.963051,36502.06972,Apr,2023,26.6,13.2,21.4,26,83,79,6.8,60.25,239.3,13
9A,2,18,9A,Apr,197.657926,1749.218281,2,SD,Nov.2022,36,0.014080541,21,10.996924,13.449872,80,240,2583.505364,10.80108011,10.80108011,2,19.76315789,23.40163934,9.5,11.61904762,13219.45992,42,488,45783,23,180,1161,3,3483,2325.387366,20579.0386,Apr,2023,26.6,13.2,21.4,26,83,79,6.8,60.25,239.3,13
9A/2,2.4,23,9A/2,Apr,14.824344,157.429645,2.4,VP,Rev 2022,41,0.016896649,4,0,9.646424,40,40,80.225864,57.97101449,4.82,0,0,0,0,0,262.768599,9.6,80,45783,53,180,225,4,900,174.404052,1852.113474,Apr,2023,26.6,13.2,21.4,26,83,79,6.8,60.25,239.3,13
10,2.67,35,10,May,261.606079,3090.71436,2.67,SD,Feb.2025,8,0.018797522,17,5.58192,5.967649,140,220,1795.199046,14.24870466,14.24870466,3,25.04854369,22.5042735,4.822097378,5.155320555,6095.768472,45.39,234,45783,178,180,360,3,1080,2906.734207,34341.27067,May,2023,26.1,15.2,22.9,26.6,86,83,6.3,56.25,132.3,10
10/2A,3.6,37,10/2A,May,156.576083,2494.179479,3.6,VP,"June.,2024",17,0.025344973,23,8.253052,9.988942,160,320,2046.340882,18.18181818,5.72,2,30.42857143,24.89293212,7.12962963,8.629227053,20588.55641,82.8,714.5,45939,22,250,750,3,2250,1133.238776,18051.93266,May,2023,26.1,15.2,22.9,26.6,86,83,6.3,56.25,132.3,10
3-Oct,2,12,3-Oct,May,209.284863,1852.113474,2,VP,"Apr,2023",30,0.014080541,27,10.418138,10.996924,160,400,2879.992253,16.14856681,4.4,3,24.55555556,27.34697856,9,9.5,16239.56246,54,513,45824,137,310,1317.5,4,5270,2325.387366,20579.0386,May,2023,26.1,15.2,22.9,26.6,86,83,6.3,56.25,132.3,10
4-Oct,1.25,48,4-Oct,May,0,0,1.25,VP,"June,2024",17,0.008800338,21,12.038738,10.803995,160,320,2175.399881,17.10315339,4.39,3,17.35897436,25.12244898,10.4,9.333333333,7124.849022,26.25,245,45918,43,250,500,4,2000,1307.100238,7229.6735,May,2023,26.1,15.2,22.9,26.6,86,83,6.3,56.25,132.3,10
11,6.48,31,11,May,230.213349,6600.932423,6.48,VP,Oct.2024,14,0.045620952,35,5.478216,6.895407,160,240,1352.212753,20.63628547,5.11,1,21.06521739,21.63508512,4.732510288,5.956790123,33834.64046,226.8,1351,45788,173,310,2030.5,4,8122,2557.926103,73343.69358,May,2023,26.1,15.2,22.9,26.6,86,83,6.3,56.25,132.3,10
1-Nov,2.98,6,1-Nov,May,365.351129,4817.552937,2.98,VP,"Oct,2023",23,0.020980006,22,12.30081,18.539498,160,320,3489.243743,10.6631123,5.46,2,21.06315789,23.67047619,10.62639821,16.01586333,28770.26768,65.56,1050,45903,58,310,2008.8,4,8035.2,2559.486765,33749.62331,May,2023,26.1,15.2,22.9,26.6,86,83,6.3,56.25,132.3,10
11/1A,2.27,24,11/1A,May,292.998808,2943.008311,2.27,VP,"Apr,2022",42,0.015981414,20,13.088541,20.971412,80,240,3805.496424,7.332722273,4.99,1,22.46753247,21.19513678,11.30690162,18.11674009,20179.93387,45.4,822.5,45783,52,310,930,4,3720,3255.542312,32700.09234,May,2023,26.1,15.2,22.9,26.6,86,83,6.3,56.25,132.3,10
12,6.39,17,12,May,167.42789,4734.00204,6.39,SD,"Nov,2022",35,0.044987328,34,4.679799,6.063315,160,400,2044.015495,22.75312856,22.75312856,1,19.72258065,24.73989455,4.04277517,5.23796373,32590.25172,217.26,1138,45783,183,250,667.5,4,2670,1860.309893,52600.02267,May,2023,26.1,15.2,22.9,26.6,86,83,6.3,56.25,132.3,10
1-Dec,4.25,7,1-Dec,May,292.998808,5510.037586,4.25,VP,"Oct,2023",24,0.029921149,25,16.001716,19.071321,320,560,5163.522646,12.60977257,4.56,3,24.52765957,27.20936875,13.82352941,16.47529412,55135.10299,106.25,1750.5,45931,30,310,1156.3,4,4625.2,3255.542312,61222.63985,May,2023,26.1,15.2,22.9,26.6,86,83,6.3,56.25,132.3,10
1A/1,4,21,1A/1,May,235.445471,4167.255317,4,VP,"Jul,2022",38,0.028161081,22,9.067639,10.904844,160,320,2734.655542,13.60544218,6.08,3,18.40425532,25.09167672,7.833333333,9.420454545,24078.63274,88,829,45931,23,200 Kgs.,180,250,310,2732.330155,48360.74072,May,2023,26.1,15.2,22.9,26.6,86,83,6.3,56.25,132.3,10
1A/2,4.09,23,1A/2,May,167.42789,3030.057644,4.09,VP,"Apr,2022",40,0.028794706,22,7.358642,10.735641,80,320,2243.998808,16.58031088,5.03,3,17.88461538,23.10245656,6.356968215,9.274283174,22316.8098,89.98,834.5,45931,30,250,1000,3,3000,2068.969346,37443.56074,May,2023,26.1,15.2,22.9,26.6,86,83,6.3,56.25,132.3,10
1B/1,2.31,23,1B/1,May,167.42789,1711.35285,2.31,VP,"May,2022",40,0.016263025,19,12.277267,10.404687,80,240,1997.507747,13.96973225,4.53,2,23.18367347,25.49809886,10.60606061,8.988380041,11644.0059,43.89,394.5,,80,250,1022.5,3,3067.5,2162.308252,22101.88746,May,2023,26.1,15.2,22.9,26.6,86,83,6.3,56.25,132.3,10
2,5.24,36,2,May,188.356377,4367.283573,5.24,VP,"Jan,2025",2,0.0369,11,0,5.22152,0,80,718.544696,12.94498382,4.39,0,0,21.56923077,0,4.510756419,6491.657728,58,260,45945,16,250,1625,4,6500,2126.131845,49297.08698,May,2023,26.1,15.2,22.9,26.6,86,83,6.3,56.25,132.3,10
2A,6.5,31,2A,May,188.356377,5417.431912,6.5,VP,"Jan 2025,",2,0.0458,16,0,5.765594,0,80,1069.678188,8.695652174,4.66,0,0,20.91505792,0,4.980769231,12541.12336,104,518,45934,27,250,577.5,3,1732.5,2074.961034,59679.21195,May,2023,26.1,15.2,22.9,26.6,86,83,6.3,56.25,132.3,10
3,5,37,3,May,253.467223,5607.78802,5,VP,"Aug, 2024",15,0.035201352,21,8.180168,8.781002,160,240,1749.853993,15.94684385,5.42,2,24.03773585,24.3992467,7.066666667,7.585714286,22496.23329,105,796.5,45799,162,250,1310,4,5240,1740.319905,38503.38123,May,2023,26.1,15.2,22.9,26.6,86,83,6.3,56.25,132.3,10
4,8.09,17,4,May,230.213349,8240.978904,8.09,VP,"Nov,2022",35,0.056955787,16,8.227482,12.229436,160,240,2216.09416,12.59181532,4.75,1,20.74782609,26.17769653,7.107540173,10.56474042,41438.72385,129.44,1367.5,45840,121,310,1550,4,6200,2529.18213,90537.48034,May,2023,26.1,15.2,22.9,26.6,86,83,6.3,56.25,132.3,10
5A/1,5.7,31,5A/1,May,209.284863,5278.523402,5.7,VP,"Sep,2021",49,0.040129541,20,5.686313,9.67181,0,80,2123.078665,4.381161008,4.381161008,1,22.82142857,23.89186352,4.912280702,8.355263158,26342.84146,114,952.5,45783,44,310,2507.9,3,7523.7,2366.183635,59679.21195,May,2023,26.1,15.2,22.9,26.6,86,83,6.3,56.25,132.3,10
5A/2,7.62,29,5A/2,May,219.749106,7409.379954,7.62,VP,"Nov,2021",47,0.05364686,19,4.526983,9.350595,0,80,1878.912992,4.95049505,5,0,18.43624161,24.38905515,3.910761155,8.077773173,33017.39539,144.78,1169.5,45783,81,310,1767,4,7068,2383.064297,80350.85623,May,2023,26.1,15.2,22.9,26.6,86,83,6.3,56.25,132.3,10
5B/1,4.18,30,5B/1,May,230.213349,4258.008878,4.18,VP,"May,2024",17,0.02942833,34,4.984755,6.239089,240,400,2283.530393,20.36659878,5.35,1,28.82407407,28.95953003,4.306220096,5.389811427,25678.39575,142.12,766,45765,196,310,2362.2,4,9448.8,2655.280837,49111.87563,May,2023,26.1,15.2,22.9,26.6,86,83,6.3,56.25,132.3,10
6A/1,2,12,6A/1,May,230.213349,2037.324822,2,VP,"Apr,2023",30,0.014080541,33,5.401998,8.032841,160,400,2974.170441,15.63721658,3.97,2,26.64285714,29.48689956,4.666666667,6.939393939,15632.99529,66,458,45818,143,310,1116,4,4464,2761.397497,24437.60834,May,2023,26.1,15.2,22.9,26.6,86,83,6.3,56.25,132.3,10
6A/2,2,36,6A/2,May,546.466031,4836.074072,2,VP,"Feb,2025",8,0.0141,26,6.752497,7.49082,160,240,1968.440405,14.1760189,4.85,3,21.84285714,20.23774146,5.833333333,6.471153846,7883.057975,52,336.5,45911,50,310,923.8,4,3695.2,3991.527414,35323.91976,May,2023,26.1,15.2,22.9,26.6,86,83,6.3,56.25,132.3,10
6A/2/1,2,42,6A/2/1,May,0,0,2,VP,"May,2024",17,0.014080541,28,7.620675,11.451684,240,480,2875.341478,19.40962394,4.3,3,25.21518987,23.84115523,6.583333333,9.892857143,15289.19673,56,554,45779,182,310,620,4,2480,1617.306913,14312.72135,May,2023,26.1,15.2,22.9,26.6,86,83,6.3,56.25,132.3,10
6B/2/3,3,30,6B/2/3,May,334.855781,4445.072338,3,VP,"Oct,2021",48,0.021120811,33,9.183396,12.195419,160,400,3436.922527,13.53179973,4.03,2,22.09243697,22.56088207,7.933333333,10.53535354,27238.80135,99,1043,45783,249,310,1295.8,4,5183.2,3720.619785,49389.69265,May,2023,26.1,15.2,22.9,26.6,86,83,6.3,56.25,132.3,10
6B/4,3,17,6B/4,May,298.23093,3958.892551,3,VP,"Feb,2025",8,0.0227,23,3.464351,3.396829,140,300,1387.093564,25.14668902,4.96,1,29.36206897,22.25229358,2.992776058,2.93444609,5615.37654,74,218,45905,56,310,930,4,3720,3313.676996,43987.69502,May,2023,26.1,15.2,22.9,26.6,86,83,6.3,56.25,132.3,10
7,3,12,7,May,230.213349,3055.987233,3,VP,"Apr,2023",30,0.021120811,35,5.337688,6.41625,160,480,2990.448153,18.66251944,4.52,1,28.19277108,34.57216495,4.611111111,5.542857143,23291.48451,105,582,45783,178,310,620,4,2480,2596.294994,34464.7449,May,2023,26.1,15.2,22.9,26.6,86,83,6.3,56.25,132.3,10
1-Jul,3.73,7,1-Jul,May,146.499404,2417.934141,3.73,VP,"Sep,2023",23,0.026260208,35,4.758558,7.687583,160,400,2964.868892,15.68627451,4.38,2,29.64130435,28.727797,4.110813226,6.641133665,28831.61894,130.55,867,45788,173,250,567.5,3,1702.5,1651.773144,27262.08139,May,2023,26.1,15.2,22.9,26.6,86,83,6.3,56.25,132.3,10
7A,1.54,43,7A,May,0,0,1.54,SD,"Oct,2024",12,0.010842016,35,5.712688,5.175781,160,160,1263.848033,14.71941122,14.71941122,3,25.68421053,24.54356846,4.935064935,4.471243043,6847.032,53.9,241,45783,301,250,600,4,2400,572.39259,3900.448082,May,2023,26.1,15.2,22.9,26.6,86,83,6.3,56.25,132.3,10
1-Aug,6,12,1-Aug,May,209.284863,5556.340423,6,VP,"Apr,2023",30,0.042241622,23,9.742889,12.242571,160,240,2911.384982,9.584664537,4.35,2,21.90594059,27.37923947,8.416666667,10.57608696,46256.53402,138,1459.5,45947,14,310,620,4,2480,2367.050556,62843.23914,May,2023,26.1,15.2,22.9,26.6,86,83,6.3,56.25,132.3,10
2-Aug,6.55,6,2-Aug,May,209.284863,6065.671628,6.55,VP,"Oct,2023",24,0.046113771,18,8.011687,10.56443,160,240,2092.848629,13.33333333,5.11,2,23.34558824,28.94423792,6.921119593,9.126378287,36051.38878,117.9,1076,45884,77,310,1860,4,7440,2325.387366,67396.35143,May,2023,26.1,15.2,22.9,26.6,86,83,6.3,56.25,132.3,10
9,6.45,18,9,May,115.106675,3285.186275,6.45,SD,"Oct,2022",36,0.045409744,22,7.492804,9.042758,160,160,2117.265197,8.786381109,8.786381109,1,20.30538922,23.18899414,6.472868217,7.811839323,29755.36054,141.9,1108.5,45783,55,250,385,4,1540,1278.963051,36502.06972,May,2023,26.1,15.2,22.9,26.6,86,83,6.3,56.25,132.3,10
9A,2,18,9A,May,209.284863,1852.113474,2,SD,Nov.2022,36,0.014080541,21,10.996924,13.449872,80,240,2583.505364,10.80108011,10.80108011,2,19.76315789,23.40163934,9.5,11.61904762,13219.45992,42,488,45783,23,180,1161,3,3483,2325.387366,20579.0386,May,2023,26.1,15.2,22.9,26.6,86,83,6.3,56.25,132.3,10
9A/2,2.4,23,9A/2,May,15.696365,166.690213,2.4,VP,Rev 2022,41,0.016896649,4,0,9.646424,40,40,80.225864,57.97101449,4.82,0,0,0,0,0,262.768599,9.6,80,45783,53,180,225,4,900,174.404052,1852.113474,May,2023,26.1,15.2,22.9,26.6,86,83,6.3,56.25,132.3,10
10,2.67,35,10,Jun,261.606079,3090.71436,2.67,SD,Feb.2025,8,0.018797522,17,5.58192,5.967649,140,220,1795.199046,14.24870466,14.24870466,3,25.04854369,22.5042735,4.822097378,5.155320555,6095.768472,45.39,234,45783,178,180,360,3,1080,2906.734207,34341.27067,Jun,2023,24.2,16.5,23.7,26.2,92,84,3.4,37.65,129.4,12
10/2A,3.6,37,10/2A,Jun,158.513905,2525.048037,3.6,VP,"June.,2024",17,0.025344973,23,8.253052,9.988942,160,320,2046.340882,18.18181818,5.72,2,30.42857143,24.89293212,7.12962963,8.629227053,20588.55641,82.8,714.5,45939,22,250,750,3,2250,1133.238776,18051.93266,Jun,2023,24.2,16.5,23.7,26.2,92,84,3.4,37.65,129.4,12
3-Oct,2,12,3-Oct,Jun,209.284863,1852.113474,2,VP,"Apr,2023",30,0.014080541,27,10.418138,10.996924,160,400,2879.992253,16.14856681,4.4,3,24.55555556,27.34697856,9,9.5,16239.56246,54,513,45824,137,310,1317.5,4,5270,2325.387366,20579.0386,Jun,2023,24.2,16.5,23.7,26.2,92,84,3.4,37.65,129.4,12
4-Oct,1.25,48,4-Oct,Jun,0,0,1.25,VP,"June,2024",17,0.008800338,21,12.038738,10.803995,160,320,2175.399881,17.10315339,4.39,3,17.35897436,25.12244898,10.4,9.333333333,7124.849022,26.25,245,45918,43,250,500,4,2000,1307.100238,7229.6735,Jun,2023,24.2,16.5,23.7,26.2,92,84,3.4,37.65,129.4,12
11,6.48,31,11,Jun,230.213349,6600.932423,6.48,VP,Oct.2024,14,0.045620952,35,5.478216,6.895407,160,240,1352.212753,20.63628547,5.11,1,21.06521739,21.63508512,4.732510288,5.956790123,33834.64046,226.8,1351,45788,173,310,2030.5,4,8122,2557.926103,73343.69358,Jun,2023,24.2,16.5,23.7,26.2,92,84,3.4,37.65,129.4,12
1-Nov,2.98,6,1-Nov,Jun,326.334563,4303.076972,2.98,VP,"Oct,2023",23,0.020980006,22,12.30081,18.539498,160,320,3489.243743,10.6631123,5.46,2,21.06315789,23.67047619,10.62639821,16.01586333,28770.26768,65.56,1050,45903,58,310,2008.8,4,8035.2,2559.486765,33749.62331,Jun,2023,24.2,16.5,23.7,26.2,92,84,3.4,37.65,129.4,12
11/1A,2.27,24,11/1A,Jun,292.998808,2943.008311,2.27,VP,"Apr,2022",42,0.015981414,20,13.088541,20.971412,80,240,3805.496424,7.332722273,4.99,1,22.46753247,21.19513678,11.30690162,18.11674009,20179.93387,45.4,822.5,45783,52,310,930,4,3720,3255.542312,32700.09234,Jun,2023,24.2,16.5,23.7,26.2,92,84,3.4,37.65,129.4,12
12,6.39,17,12,Jun,167.42789,4734.00204,6.39,SD,"Nov,2022",35,0.044987328,34,4.679799,6.063315,160,400,2044.015495,22.75312856,22.75312856,1,19.72258065,24.73989455,4.04277517,5.23796373,32590.25172,217.26,1138,45783,183,250,667.5,4,2670,1860.309893,52600.02267,Jun,2023,24.2,16.5,23.7,26.2,92,84,3.4,37.65,129.4,12
1-Dec,4.25,7,1-Dec,Jun,292.998808,5510.037586,4.25,VP,"Oct,2023",24,0.029921149,25,16.001716,19.071321,320,560,5163.522646,12.60977257,4.56,3,24.52765957,27.20936875,13.82352941,16.47529412,55135.10299,106.25,1750.5,45931,30,310,1156.3,4,4625.2,3255.542312,61222.63985,Jun,2023,24.2,16.5,23.7,26.2,92,84,3.4,37.65,129.4,12
1A/1,4,21,1A/1,Jun,235.445471,4167.255317,4,VP,"Jul,2022",38,0.028161081,22,9.067639,10.904844,160,320,2734.655542,13.60544218,6.08,3,18.40425532,25.09167672,7.833333333,9.420454545,24078.63274,88,829,45931,23,200 Kgs.,180,250,310,2732.330155,48360.74072,Jun,2023,24.2,16.5,23.7,26.2,92,84,3.4,37.65,129.4,12
1A/2,4.09,23,1A/2,Jun,167.42789,3030.057644,4.09,VP,"Apr,2022",40,0.028794706,22,7.358642,10.735641,80,320,2243.998808,16.58031088,5.03,3,17.88461538,23.10245656,6.356968215,9.274283174,22316.8098,89.98,834.5,45931,30,250,1000,3,3000,2068.969346,37443.56074,Jun,2023,24.2,16.5,23.7,26.2,92,84,3.4,37.65,129.4,12
1B/1,2.31,23,1B/1,Jun,167.42789,1711.35285,2.31,VP,"May,2022",40,0.016263025,19,12.277267,10.404687,80,240,1997.507747,13.96973225,4.53,2,23.18367347,25.49809886,10.60606061,8.988380041,11644.0059,43.89,394.5,,80,250,1022.5,3,3067.5,2162.308252,22101.88746,Jun,2023,24.2,16.5,23.7,26.2,92,84,3.4,37.65,129.4,12
2,5.24,36,2,Jun,188.356377,4367.283573,5.24,VP,"Jan,2025",2,0.0369,11,0,5.22152,0,80,718.544696,12.94498382,4.39,0,0,21.56923077,0,4.510756419,6491.657728,58,260,45945,16,250,1625,4,6500,2126.131845,49297.08698,Jun,2023,24.2,16.5,23.7,26.2,92,84,3.4,37.65,129.4,12
2A,6.5,31,2A,Jun,188.356377,5417.431912,6.5,VP,"Jan 2025,",2,0.0458,16,0,5.765594,0,80,1069.678188,8.695652174,4.66,0,0,20.91505792,0,4.980769231,12541.12336,104,518,45934,27,250,577.5,3,1732.5,2074.961034,59679.21195,Jun,2023,24.2,16.5,23.7,26.2,92,84,3.4,37.65,129.4,12
3,5,37,3,Jun,253.467223,5607.78802,5,VP,"Aug, 2024",15,0.035201352,21,8.180168,8.781002,160,240,1749.853993,15.94684385,5.42,2,24.03773585,24.3992467,7.066666667,7.585714286,22496.23329,105,796.5,45799,162,250,1310,4,5240,1740.319905,38503.38123,Jun,2023,24.2,16.5,23.7,26.2,92,84,3.4,37.65,129.4,12
4,8.09,17,4,Jun,230.213349,8240.978904,8.09,VP,"Nov,2022",35,0.056955787,16,8.227482,12.229436,160,240,2216.09416,12.59181532,4.75,1,20.74782609,26.17769653,7.107540173,10.56474042,41438.72385,129.44,1367.5,45840,121,310,1550,4,6200,2529.18213,90537.48034,Jun,2023,24.2,16.5,23.7,26.2,92,84,3.4,37.65,129.4,12
5A/1,5.7,31,5A/1,Jun,209.284863,5278.523402,5.7,VP,"Sep,2021",49,0.040129541,20,5.686313,9.67181,0,80,2123.078665,4.381161008,4.381161008,1,22.82142857,23.89186352,4.912280702,8.355263158,26342.84146,114,952.5,45783,44,310,2507.9,3,7523.7,2366.183635,59679.21195,Jun,2023,24.2,16.5,23.7,26.2,92,84,3.4,37.65,129.4,12
5A/2,7.62,29,5A/2,Jun,219.749106,7409.379954,7.62,VP,"Nov,2021",47,0.05364686,19,4.526983,9.350595,0,80,1878.912992,4.95049505,5,0,18.43624161,24.38905515,3.910761155,8.077773173,33017.39539,144.78,1169.5,45783,81,310,1767,4,7068,2383.064297,80350.85623,Jun,2023,24.2,16.5,23.7,26.2,92,84,3.4,37.65,129.4,12
5B/1,4.18,30,5B/1,Jun,230.213349,4258.008878,4.18,VP,"May,2024",17,0.02942833,34,4.984755,6.239089,240,400,2283.530393,20.36659878,5.35,1,28.82407407,28.95953003,4.306220096,5.389811427,25678.39575,142.12,766,45765,196,310,2362.2,4,9448.8,2655.280837,49111.87563,Jun,2023,24.2,16.5,23.7,26.2,92,84,3.4,37.65,129.4,12
6A/1,2,12,6A/1,Jun,230.213349,2037.324822,2,VP,"Apr,2023",30,0.014080541,33,5.401998,8.032841,160,400,2974.170441,15.63721658,3.97,2,26.64285714,29.48689956,4.666666667,6.939393939,15632.99529,66,458,45818,143,310,1116,4,4464,2761.397497,24437.60834,Jun,2023,24.2,16.5,23.7,26.2,92,84,3.4,37.65,129.4,12
6A/2,2,36,6A/2,Jun,488.331347,4321.598107,2,VP,"Feb,2025",8,0.0141,26,6.752497,7.49082,160,240,1968.440405,14.1760189,4.85,3,21.84285714,20.23774146,5.833333333,6.471153846,7883.057975,52,336.5,45911,50,310,923.8,4,3695.2,3991.527414,35323.91976,Jun,2023,24.2,16.5,23.7,26.2,92,84,3.4,37.65,129.4,12
6A/2/1,2,42,6A/2/1,Jun,0,0,2,VP,"May,2024",17,0.014080541,28,7.620675,11.451684,240,480,2875.341478,19.40962394,4.3,3,25.21518987,23.84115523,6.583333333,9.892857143,15289.19673,56,554,45779,182,310,620,4,2480,1617.306913,14312.72135,Jun,2023,24.2,16.5,23.7,26.2,92,84,3.4,37.65,129.4,12
6B/2/3,3,30,6B/2/3,Jun,334.855781,4445.072338,3,VP,"Oct,2021",48,0.021120811,33,9.183396,12.195419,160,400,3436.922527,13.53179973,4.03,2,22.09243697,22.56088207,7.933333333,10.53535354,27238.80135,99,1043,45783,249,310,1295.8,4,5183.2,3720.619785,49389.69265,Jun,2023,24.2,16.5,23.7,26.2,92,84,3.4,37.65,129.4,12
6B/4,3,17,6B/4,Jun,298.23093,3958.892551,3,VP,"Feb,2025",8,0.0227,23,3.464351,3.396829,140,300,1387.093564,25.14668902,4.96,1,29.36206897,22.25229358,2.992776058,2.93444609,5615.37654,74,218,45905,56,310,930,4,3720,3313.676996,43987.69502,Jun,2023,24.2,16.5,23.7,26.2,92,84,3.4,37.65,129.4,12
7,3,12,7,Jun,268.582241,3565.318438,3,VP,"Apr,2023",30,0.021120811,35,5.337688,6.41625,160,480,2990.448153,18.66251944,4.52,1,28.19277108,34.57216495,4.611111111,5.542857143,23291.48451,105,582,45783,178,310,620,4,2480,2596.294994,34464.7449,Jun,2023,24.2,16.5,23.7,26.2,92,84,3.4,37.65,129.4,12
1-Jul,3.73,7,1-Jul,Jun,146.499404,2417.934141,3.73,VP,"Sep,2023",23,0.026260208,35,4.758558,7.687583,160,400,2964.868892,15.68627451,4.38,2,29.64130435,28.727797,4.110813226,6.641133665,28831.61894,130.55,867,45788,173,250,567.5,3,1702.5,1651.773144,27262.08139,Jun,2023,24.2,16.5,23.7,26.2,92,84,3.4,37.65,129.4,12
7A,1.54,43,7A,Jun,0,0,1.54,SD,"Oct,2024",12,0.010842016,35,5.712688,5.175781,160,160,1263.848033,14.71941122,14.71941122,3,25.68421053,24.54356846,4.935064935,4.471243043,6847.032,53.9,241,45783,301,250,600,4,2400,572.39259,3900.448082,Jun,2023,24.2,16.5,23.7,26.2,92,84,3.4,37.65,129.4,12
1-Aug,6,12,1-Aug,Jun,209.284863,5556.340423,6,VP,"Apr,2023",30,0.042241622,23,9.742889,12.242571,160,240,2911.384982,9.584664537,4.35,2,21.90594059,27.37923947,8.416666667,10.57608696,46256.53402,138,1459.5,45947,14,310,620,4,2480,2367.050556,62843.23914,Jun,2023,24.2,16.5,23.7,26.2,92,84,3.4,37.65,129.4,12
2-Aug,6.55,6,2-Aug,Jun,209.284863,6065.671628,6.55,VP,"Oct,2023",24,0.046113771,18,8.011687,10.56443,160,240,2092.848629,13.33333333,5.11,2,23.34558824,28.94423792,6.921119593,9.126378287,36051.38878,117.9,1076,45884,77,310,1860,4,7440,2325.387366,67396.35143,Jun,2023,24.2,16.5,23.7,26.2,92,84,3.4,37.65,129.4,12
9,6.45,18,9,Jun,115.106675,3285.186275,6.45,SD,"Oct,2022",36,0.045409744,22,7.492804,9.042758,160,160,2117.265197,8.786381109,8.786381109,1,20.30538922,23.18899414,6.472868217,7.811839323,29755.36054,141.9,1108.5,45783,55,250,385,4,1540,1278.963051,36502.06972,Jun,2023,24.2,16.5,23.7,26.2,92,84,3.4,37.65,129.4,12
9A,2,18,9A,Jun,209.284863,1852.113474,2,SD,Nov.2022,36,0.014080541,21,10.996924,13.449872,80,240,2583.505364,10.80108011,10.80108011,2,19.76315789,23.40163934,9.5,11.61904762,13219.45992,42,488,45783,23,180,1161,3,3483,2325.387366,20579.0386,Jun,2023,24.2,16.5,23.7,26.2,92,84,3.4,37.65,129.4,12
9A/2,2.4,23,9A/2,Jun,15.696365,166.690213,2.4,VP,Rev 2022,41,0.016896649,4,0,9.646424,40,40,80.225864,57.97101449,4.82,0,0,0,0,0,262.768599,9.6,80,45783,53,180,225,4,900,174.404052,1852.113474,Jun,2023,24.2,16.5,23.7,26.2,92,84,3.4,37.65,129.4,12
10,2.67,35,10,Jul,203.471395,2403.888947,2.67,SD,Feb.2025,8,0.018797522,17,5.58192,5.967649,140,220,1795.199046,14.24870466,14.24870466,3,25.04854369,22.5042735,4.822097378,5.155320555,6095.768472,45.39,234,45783,178,180,360,3,1080,2906.734207,34341.27067,Jul,2023,23.2,15.9,21.7,24.5,91,83,4.2,44.79,244.2,11
10/2A,3.6,37,10/2A,Jul,134.484903,2142.277919,3.6,VP,"June.,2024",17,0.025344973,23,8.253052,9.988942,160,320,2046.340882,18.18181818,5.72,2,30.42857143,24.89293212,7.12962963,8.629227053,20588.55641,82.8,714.5,45939,22,250,750,3,2250,1133.238776,18051.93266,Jul,2023,23.2,15.9,21.7,24.5,91,83,4.2,44.79,244.2,11
3-Oct,2,12,3-Oct,Jul,162.777116,1440.532702,2,VP,"Apr,2023",30,0.014080541,27,10.418138,10.996924,160,400,2879.992253,16.14856681,4.4,3,24.55555556,27.34697856,9,9.5,16239.56246,54,513,45824,137,310,1317.5,4,5270,2325.387366,20579.0386,Jul,2023,23.2,15.9,21.7,24.5,91,83,4.2,44.79,244.2,11
4-Oct,1.25,48,4-Oct,Jul,113.943981,630.233057,1.25,VP,"June,2024",17,0.008800338,21,12.038738,10.803995,160,320,2175.399881,17.10315339,4.39,3,17.35897436,25.12244898,10.4,9.333333333,7124.849022,26.25,245,45918,43,250,500,4,2000,1307.100238,7229.6735,Jul,2023,23.2,15.9,21.7,24.5,91,83,4.2,44.79,244.2,11
11,6.48,31,11,Jul,179.054827,5134.058551,6.48,VP,Oct.2024,14,0.045620952,35,5.478216,6.895407,160,240,1352.212753,20.63628547,5.11,1,21.06521739,21.63508512,4.732510288,5.956790123,33834.64046,226.8,1351,45788,173,310,2030.5,4,8122,2557.926103,73343.69358,Jul,2023,23.2,15.9,21.7,24.5,91,83,4.2,44.79,244.2,11
1-Nov,2.98,6,1-Nov,Jul,162.777116,2146.393726,2.98,VP,"Oct,2023",23,0.020980006,22,12.30081,18.539498,160,320,3489.243743,10.6631123,5.46,2,21.06315789,23.67047619,10.62639821,16.01586333,28770.26768,65.56,1050,45903,58,310,2008.8,4,8035.2,2559.486765,33749.62331,Jul,2023,23.2,15.9,21.7,24.5,91,83,4.2,44.79,244.2,11
11/1A,2.27,24,11/1A,Jul,227.887962,2289.006464,2.27,VP,"Apr,2022",42,0.015981414,20,13.088541,20.971412,80,240,3805.496424,7.332722273,4.99,1,22.46753247,21.19513678,11.30690162,18.11674009,20179.93387,45.4,822.5,45783,52,310,930,4,3720,3255.542312,32700.09234,Jul,2023,23.2,15.9,21.7,24.5,91,83,4.2,44.79,244.2,11
12,6.39,17,12,Jul,130.221692,3682.001587,6.39,SD,"Nov,2022",35,0.044987328,34,4.679799,6.063315,160,400,2044.015495,22.75312856,22.75312856,1,19.72258065,24.73989455,4.04277517,5.23796373,32590.25172,217.26,1138,45783,183,250,667.5,4,2670,1860.309893,52600.02267,Jul,2023,23.2,15.9,21.7,24.5,91,83,4.2,44.79,244.2,11
1-Dec,4.25,7,1-Dec,Jul,227.887962,4285.584789,4.25,VP,"Oct,2023",24,0.029921149,25,16.001716,19.071321,320,560,5163.522646,12.60977257,4.56,3,24.52765957,27.20936875,13.82352941,16.47529412,55135.10299,106.25,1750.5,45931,30,310,1156.3,4,4625.2,3255.542312,61222.63985,Jul,2023,23.2,15.9,21.7,24.5,91,83,4.2,44.79,244.2,11
1A/1,4,21,1A/1,Jul,183.124255,3241.19858,4,VP,"Jul,2022",38,0.028161081,22,9.067639,10.904844,160,320,2734.655542,13.60544218,6.08,3,18.40425532,25.09167672,7.833333333,9.420454545,24078.63274,88,829,45931,23,200 Kgs.,180,250,310,2732.330155,48360.74072,Jul,2023,23.2,15.9,21.7,24.5,91,83,4.2,44.79,244.2,11
1A/2,4.09,23,1A/2,Jul,130.221692,2356.711501,4.09,VP,"Apr,2022",40,0.028794706,22,7.358642,10.735641,80,320,2243.998808,16.58031088,5.03,3,17.88461538,23.10245656,6.356968215,9.274283174,22316.8098,89.98,834.5,45931,30,250,1000,3,3000,2068.969346,37443.56074,Jul,2023,23.2,15.9,21.7,24.5,91,83,4.2,44.79,244.2,11
1B/1,2.31,23,1B/1,Jul,130.221692,1331.052217,2.31,VP,"May,2022",40,0.016263025,19,12.277267,10.404687,80,240,1997.507747,13.96973225,4.53,2,23.18367347,25.49809886,10.60606061,8.988380041,11644.0059,43.89,394.5,,80,250,1022.5,3,3067.5,2162.308252,22101.88746,Jul,2023,23.2,15.9,21.7,24.5,91,83,4.2,44.79,244.2,11
2,5.24,36,2,Jul,146.499404,3396.776112,5.24,VP,"Jan,2025",2,0.0369,11,0,5.22152,0,80,718.544696,12.94498382,4.39,0,0,21.56923077,0,4.510756419,6491.657728,58,260,45945,16,250,1625,4,6500,2126.131845,49297.08698,Jul,2023,23.2,15.9,21.7,24.5,91,83,4.2,44.79,244.2,11
2A,6.5,31,2A,Jul,146.499404,4213.558154,6.5,VP,"Jan 2025,",2,0.0458,16,0,5.765594,0,80,1069.678188,8.695652174,4.66,0,0,20.91505792,0,4.980769231,12541.12336,104,518,45934,27,250,577.5,3,1732.5,2074.961034,59679.21195,Jul,2023,23.2,15.9,21.7,24.5,91,83,4.2,44.79,244.2,11
3,5,37,3,Jul,318.578069,7048.320722,5,VP,"Aug, 2024",15,0.035201352,21,8.180168,8.781002,160,240,1749.853993,15.94684385,5.42,2,24.03773585,24.3992467,7.066666667,7.585714286,22496.23329,105,796.5,45799,162,250,1310,4,5240,1740.319905,38503.38123,Jul,2023,23.2,15.9,21.7,24.5,91,83,4.2,44.79,244.2,11
4,8.09,17,4,Jul,179.054827,6409.650259,8.09,VP,"Nov,2022",35,0.056955787,16,8.227482,12.229436,160,240,2216.09416,12.59181532,4.75,1,20.74782609,26.17769653,7.107540173,10.56474042,41438.72385,129.44,1367.5,45840,121,310,1550,4,6200,2529.18213,90537.48034,Jul,2023,23.2,15.9,21.7,24.5,91,83,4.2,44.79,244.2,11
5A/1,5.7,31,5A/1,Jul,162.777116,4105.518201,5.7,VP,"Sep,2021",49,0.040129541,20,5.686313,9.67181,0,80,2123.078665,4.381161008,4.381161008,1,22.82142857,23.89186352,4.912280702,8.355263158,26342.84146,114,952.5,45783,44,310,2507.9,3,7523.7,2366.183635,59679.21195,Jul,2023,23.2,15.9,21.7,24.5,91,83,4.2,44.79,244.2,11
5A/2,7.62,29,5A/2,Jul,170.915971,5762.851075,7.62,VP,"Nov,2021",47,0.05364686,19,4.526983,9.350595,0,80,1878.912992,4.95049505,5,0,18.43624161,24.38905515,3.910761155,8.077773173,33017.39539,144.78,1169.5,45783,81,310,1767,4,7068,2383.064297,80350.85623,Jul,2023,23.2,15.9,21.7,24.5,91,83,4.2,44.79,244.2,11
5B/1,4.18,30,5B/1,Jul,179.054827,3311.784683,4.18,VP,"May,2024",17,0.02942833,34,4.984755,6.239089,240,400,2283.530393,20.36659878,5.35,1,28.82407407,28.95953003,4.306220096,5.389811427,25678.39575,142.12,766,45765,196,310,2362.2,4,9448.8,2655.280837,49111.87563,Jul,2023,23.2,15.9,21.7,24.5,91,83,4.2,44.79,244.2,11
6A/1,2,12,6A/1,Jul,179.054827,1584.585972,2,VP,"Apr,2023",30,0.014080541,33,5.401998,8.032841,160,400,2974.170441,15.63721658,3.97,2,26.64285714,29.48689956,4.666666667,6.939393939,15632.99529,66,458,45818,143,310,1116,4,4464,2761.397497,24437.60834,Jul,2023,23.2,15.9,21.7,24.5,91,83,4.2,44.79,244.2,11
6A/2,2,36,6A/2,Jul,244.165673,2160.799053,2,VP,"Feb,2025",8,0.0141,26,6.752497,7.49082,160,240,1968.440405,14.1760189,4.85,3,21.84285714,20.23774146,5.833333333,6.471153846,7883.057975,52,336.5,45911,50,310,923.8,4,3695.2,3991.527414,35323.91976,Jul,2023,23.2,15.9,21.7,24.5,91,83,4.2,44.79,244.2,11
6A/2/1,2,42,6A/2/1,Jul,130.221692,1152.426162,2,VP,"May,2024",17,0.014080541,28,7.620675,11.451684,240,480,2875.341478,19.40962394,4.3,3,25.21518987,23.84115523,6.583333333,9.892857143,15289.19673,56,554,45779,182,310,620,4,2480,1617.306913,14312.72135,Jul,2023,23.2,15.9,21.7,24.5,91,83,4.2,44.79,244.2,11
6B/2/3,3,30,6B/2/3,Jul,260.443385,3457.278485,3,VP,"Oct,2021",48,0.021120811,33,9.183396,12.195419,160,400,3436.922527,13.53179973,4.03,2,22.09243697,22.56088207,7.933333333,10.53535354,27238.80135,99,1043,45783,249,310,1295.8,4,5183.2,3720.619785,49389.69265,Jul,2023,23.2,15.9,21.7,24.5,91,83,4.2,44.79,244.2,11
6B/4,3,17,6B/4,Jul,231.95739,3079.138651,3,VP,"Feb,2025",8,0.0227,23,3.464351,3.396829,140,300,1387.093564,25.14668902,4.96,1,29.36206897,22.25229358,2.992776058,2.93444609,5615.37654,74,218,45905,56,310,930,4,3720,3313.676996,43987.69502,Jul,2023,23.2,15.9,21.7,24.5,91,83,4.2,44.79,244.2,11
7,3,12,7,Jul,179.054827,2376.878959,3,VP,"Apr,2023",30,0.021120811,35,5.337688,6.41625,160,480,2990.448153,18.66251944,4.52,1,28.19277108,34.57216495,4.611111111,5.542857143,23291.48451,105,582,45783,178,310,620,4,2480,2596.294994,34464.7449,Jul,2023,23.2,15.9,21.7,24.5,91,83,4.2,44.79,244.2,11
1-Jul,3.73,7,1-Jul,Jul,113.943981,1880.615443,3.73,VP,"Sep,2023",23,0.026260208,35,4.758558,7.687583,160,400,2964.868892,15.68627451,4.38,2,29.64130435,28.727797,4.110813226,6.641133665,28831.61894,130.55,867,45788,173,250,567.5,3,1702.5,1651.773144,27262.08139,Jul,2023,23.2,15.9,21.7,24.5,91,83,4.2,44.79,244.2,11
7A,1.54,43,7A,Jul,48.833135,332.763054,1.54,SD,"Oct,2024",12,0.010842016,35,5.712688,5.175781,160,160,1263.848033,14.71941122,14.71941122,3,25.68421053,24.54356846,4.935064935,4.471243043,6847.032,53.9,241,45783,301,250,600,4,2400,572.39259,3900.448082,Jul,2023,23.2,15.9,21.7,24.5,91,83,4.2,44.79,244.2,11
1-Aug,6,12,1-Aug,Jul,162.777116,4321.598107,6,VP,"Apr,2023",30,0.042241622,23,9.742889,12.242571,160,240,2911.384982,9.584664537,4.35,2,21.90594059,27.37923947,8.416666667,10.57608696,46256.53402,138,1459.5,45947,14,310,620,4,2480,2367.050556,62843.23914,Jul,2023,23.2,15.9,21.7,24.5,91,83,4.2,44.79,244.2,11
2-Aug,6.55,6,2-Aug,Jul,162.777116,4717.7446,6.55,VP,"Oct,2023",24,0.046113771,18,8.011687,10.56443,160,240,2092.848629,13.33333333,5.11,2,23.34558824,28.94423792,6.921119593,9.126378287,36051.38878,117.9,1076,45884,77,310,1860,4,7440,2325.387366,67396.35143,Jul,2023,23.2,15.9,21.7,24.5,91,83,4.2,44.79,244.2,11
9,6.45,18,9,Jul,89.527414,2555.144881,6.45,SD,"Oct,2022",36,0.045409744,22,7.492804,9.042758,160,160,2117.265197,8.786381109,8.786381109,1,20.30538922,23.18899414,6.472868217,7.811839323,29755.36054,141.9,1108.5,45783,55,250,385,4,1540,1278.963051,36502.06972,Jul,2023,23.2,15.9,21.7,24.5,91,83,4.2,44.79,244.2,11
9A,2,18,9A,Jul,162.777116,1440.532702,2,SD,Nov.2022,36,0.014080541,21,10.996924,13.449872,80,240,2583.505364,10.80108011,10.80108011,2,19.76315789,23.40163934,9.5,11.61904762,13219.45992,42,488,45783,23,180,1161,3,3483,2325.387366,20579.0386,Jul,2023,23.2,15.9,21.7,24.5,91,83,4.2,44.79,244.2,11
9A/2,2.4,23,9A/2,Jul,12.208284,129.647943,2.4,VP,Rev 2022,41,0.016896649,4,0,9.646424,40,40,80.225864,57.97101449,4.82,0,0,0,0,0,262.768599,9.6,80,45783,53,180,225,4,900,174.404052,1852.113474,Jul,2023,23.2,15.9,21.7,24.5,91,83,4.2,44.79,244.2,11
10,2.67,35,10,Aug,203.471395,2403.888947,2.67,SD,Feb.2025,8,0.018797522,17,5.58192,5.967649,140,220,1795.199046,14.24870466,14.24870466,3,25.04854369,22.5042735,4.822097378,5.155320555,6095.768472,45.39,234,45783,178,180,360,3,1080,2906.734207,34341.27067,Aug,2023,26,14.4,22.7,27.1,84,76,7,74.07,24,1
10/2A,3.6,37,10/2A,Aug,97.666269,1555.775318,3.6,VP,"June.,2024",17,0.025344973,23,8.253052,9.988942,160,320,2046.340882,18.18181818,5.72,2,30.42857143,24.89293212,7.12962963,8.629227053,20588.55641,82.8,714.5,45939,22,250,750,3,2250,1133.238776,18051.93266,Aug,2023,26,14.4,22.7,27.1,84,76,7,74.07,24,1
3-Oct,2,12,3-Oct,Aug,162.777116,1440.532702,2,VP,"Apr,2023",30,0.014080541,27,10.418138,10.996924,160,400,2879.992253,16.14856681,4.4,3,24.55555556,27.34697856,9,9.5,16239.56246,54,513,45824,137,310,1317.5,4,5270,2325.387366,20579.0386,Aug,2023,26,14.4,22.7,27.1,84,76,7,74.07,24,1
4-Oct,1.25,48,4-Oct,Aug,113.943981,630.233057,1.25,VP,"June,2024",17,0.008800338,21,12.038738,10.803995,160,320,2175.399881,17.10315339,4.39,3,17.35897436,25.12244898,10.4,9.333333333,7124.849022,26.25,245,45918,43,250,500,4,2000,1307.100238,7229.6735,Aug,2023,26,14.4,22.7,27.1,84,76,7,74.07,24,1
11,6.48,31,11,Aug,179.054827,5134.058551,6.48,VP,Oct.2024,14,0.045620952,35,5.478216,6.895407,160,240,1352.212753,20.63628547,5.11,1,21.06521739,21.63508512,4.732510288,5.956790123,33834.64046,226.8,1351,45788,173,310,2030.5,4,8122,2557.926103,73343.69358,Aug,2023,26,14.4,22.7,27.1,84,76,7,74.07,24,1
1-Nov,2.98,6,1-Nov,Aug,162.777116,2146.393726,2.98,VP,"Oct,2023",23,0.020980006,22,12.30081,18.539498,160,320,3489.243743,10.6631123,5.46,2,21.06315789,23.67047619,10.62639821,16.01586333,28770.26768,65.56,1050,45903,58,310,2008.8,4,8035.2,2559.486765,33749.62331,Aug,2023,26,14.4,22.7,27.1,84,76,7,74.07,24,1
11/1A,2.27,24,11/1A,Aug,227.887962,2289.006464,2.27,VP,"Apr,2022",42,0.015981414,20,13.088541,20.971412,80,240,3805.496424,7.332722273,4.99,1,22.46753247,21.19513678,11.30690162,18.11674009,20179.93387,45.4,822.5,45783,52,310,930,4,3720,3255.542312,32700.09234,Aug,2023,26,14.4,22.7,27.1,84,76,7,74.07,24,1
12,6.39,17,12,Aug,130.221692,3682.001587,6.39,SD,"Nov,2022",35,0.044987328,34,4.679799,6.063315,160,400,2044.015495,22.75312856,22.75312856,1,19.72258065,24.73989455,4.04277517,5.23796373,32590.25172,217.26,1138,45783,183,250,667.5,4,2670,1860.309893,52600.02267,Aug,2023,26,14.4,22.7,27.1,84,76,7,74.07,24,1
1-Dec,4.25,7,1-Dec,Aug,227.887962,4285.584789,4.25,VP,"Oct,2023",24,0.029921149,25,16.001716,19.071321,320,560,5163.522646,12.60977257,4.56,3,24.52765957,27.20936875,13.82352941,16.47529412,55135.10299,106.25,1750.5,45931,30,310,1156.3,4,4625.2,3255.542312,61222.63985,Aug,2023,26,14.4,22.7,27.1,84,76,7,74.07,24,1
1A/1,4,21,1A/1,Aug,183.124255,3241.19858,4,VP,"Jul,2022",38,0.028161081,22,9.067639,10.904844,160,320,2734.655542,13.60544218,6.08,3,18.40425532,25.09167672,7.833333333,9.420454545,24078.63274,88,829,45931,23,200 Kgs.,180,250,310,2732.330155,48360.74072,Aug,2023,26,14.4,22.7,27.1,84,76,7,74.07,24,1
1A/2,4.09,23,1A/2,Aug,130.221692,2356.711501,4.09,VP,"Apr,2022",40,0.028794706,22,7.358642,10.735641,80,320,2243.998808,16.58031088,5.03,3,17.88461538,23.10245656,6.356968215,9.274283174,22316.8098,89.98,834.5,45931,30,250,1000,3,3000,2068.969346,37443.56074,Aug,2023,26,14.4,22.7,27.1,84,76,7,74.07,24,1
1B/1,2.31,23,1B/1,Aug,130.221692,1331.052217,2.31,VP,"May,2022",40,0.016263025,19,12.277267,10.404687,80,240,1997.507747,13.96973225,4.53,2,23.18367347,25.49809886,10.60606061,8.988380041,11644.0059,43.89,394.5,,80,250,1022.5,3,3067.5,2162.308252,22101.88746,Aug,2023,26,14.4,22.7,27.1,84,76,7,74.07,24,1
2,5.24,36,2,Aug,146.499404,3396.776112,5.24,VP,"Jan,2025",2,0.0369,11,0,5.22152,0,80,718.544696,12.94498382,4.39,0,0,21.56923077,0,4.510756419,6491.657728,58,260,45945,16,250,1625,4,6500,2126.131845,49297.08698,Aug,2023,26,14.4,22.7,27.1,84,76,7,74.07,24,1
2A,6.5,31,2A,Aug,146.499404,4213.558154,6.5,VP,"Jan 2025,",2,0.0458,16,0,5.765594,0,80,1069.678188,8.695652174,4.66,0,0,20.91505792,0,4.980769231,12541.12336,104,518,45934,27,250,577.5,3,1732.5,2074.961034,59679.21195,Aug,2023,26,14.4,22.7,27.1,84,76,7,74.07,24,1
3,5,37,3,Aug,256.257688,5669.525135,5,VP,"Aug, 2024",15,0.035201352,21,8.180168,8.781002,160,240,1749.853993,15.94684385,5.42,2,24.03773585,24.3992467,7.066666667,7.585714286,22496.23329,105,796.5,45799,162,250,1310,4,5240,1740.319905,38503.38123,Aug,2023,26,14.4,22.7,27.1,84,76,7,74.07,24,1
4,8.09,17,4,Aug,179.054827,6409.650259,8.09,VP,"Nov,2022",35,0.056955787,16,8.227482,12.229436,160,240,2216.09416,12.59181532,4.75,1,20.74782609,26.17769653,7.107540173,10.56474042,41438.72385,129.44,1367.5,45840,121,310,1550,4,6200,2529.18213,90537.48034,Aug,2023,26,14.4,22.7,27.1,84,76,7,74.07,24,1
5A/1,5.7,31,5A/1,Aug,162.777116,4105.518201,5.7,VP,"Sep,2021",49,0.040129541,20,5.686313,9.67181,0,80,2123.078665,4.381161008,4.381161008,1,22.82142857,23.89186352,4.912280702,8.355263158,26342.84146,114,952.5,45783,44,310,2507.9,3,7523.7,2366.183635,59679.21195,Aug,2023,26,14.4,22.7,27.1,84,76,7,74.07,24,1
5A/2,7.62,29,5A/2,Aug,170.915971,5762.851075,7.62,VP,"Nov,2021",47,0.05364686,19,4.526983,9.350595,0,80,1878.912992,4.95049505,5,0,18.43624161,24.38905515,3.910761155,8.077773173,33017.39539,144.78,1169.5,45783,81,310,1767,4,7068,2383.064297,80350.85623,Aug,2023,26,14.4,22.7,27.1,84,76,7,74.07,24,1
5B/1,4.18,30,5B/1,Aug,179.054827,3311.784683,4.18,VP,"May,2024",17,0.02942833,34,4.984755,6.239089,240,400,2283.530393,20.36659878,5.35,1,28.82407407,28.95953003,4.306220096,5.389811427,25678.39575,142.12,766,45765,196,310,2362.2,4,9448.8,2655.280837,49111.87563,Aug,2023,26,14.4,22.7,27.1,84,76,7,74.07,24,1
6A/1,2,12,6A/1,Aug,179.054827,1584.585972,2,VP,"Apr,2023",30,0.014080541,33,5.401998,8.032841,160,400,2974.170441,15.63721658,3.97,2,26.64285714,29.48689956,4.666666667,6.939393939,15632.99529,66,458,45818,143,310,1116,4,4464,2761.397497,24437.60834,Aug,2023,26,14.4,22.7,27.1,84,76,7,74.07,24,1
6A/2,2,36,6A/2,Aug,244.165673,2160.799053,2,VP,"Feb,2025",8,0.0141,26,6.752497,7.49082,160,240,1968.440405,14.1760189,4.85,3,21.84285714,20.23774146,5.833333333,6.471153846,7883.057975,52,336.5,45911,50,310,923.8,4,3695.2,3991.527414,35323.91976,Aug,2023,26,14.4,22.7,27.1,84,76,7,74.07,24,1
6A/2/1,2,42,6A/2/1,Aug,130.221692,1152.426162,2,VP,"May,2024",17,0.014080541,28,7.620675,11.451684,240,480,2875.341478,19.40962394,4.3,3,25.21518987,23.84115523,6.583333333,9.892857143,15289.19673,56,554,45779,182,310,620,4,2480,1617.306913,14312.72135,Aug,2023,26,14.4,22.7,27.1,84,76,7,74.07,24,1
6B/2/3,3,30,6B/2/3,Aug,260.443385,3457.278485,3,VP,"Oct,2021",48,0.021120811,33,9.183396,12.195419,160,400,3436.922527,13.53179973,4.03,2,22.09243697,22.56088207,7.933333333,10.53535354,27238.80135,99,1043,45783,249,310,1295.8,4,5183.2,3720.619785,49389.69265,Aug,2023,26,14.4,22.7,27.1,84,76,7,74.07,24,1
6B/4,3,17,6B/4,Aug,231.95739,3079.138651,3,VP,"Feb,2025",8,0.0227,23,3.464351,3.396829,140,300,1387.093564,25.14668902,4.96,1,29.36206897,22.25229358,2.992776058,2.93444609,5615.37654,74,218,45905,56,310,930,4,3720,3313.676996,43987.69502,Aug,2023,26,14.4,22.7,27.1,84,76,7,74.07,24,1
7,3,12,7,Aug,179.054827,2376.878959,3,VP,"Apr,2023",30,0.021120811,35,5.337688,6.41625,160,480,2990.448153,18.66251944,4.52,1,28.19277108,34.57216495,4.611111111,5.542857143,23291.48451,105,582,45783,178,310,620,4,2480,2596.294994,34464.7449,Aug,2023,26,14.4,22.7,27.1,84,76,7,74.07,24,1
1-Jul,3.73,7,1-Jul,Aug,113.943981,1880.615443,3.73,VP,"Sep,2023",23,0.026260208,35,4.758558,7.687583,160,400,2964.868892,15.68627451,4.38,2,29.64130435,28.727797,4.110813226,6.641133665,28831.61894,130.55,867,45788,173,250,567.5,3,1702.5,1651.773144,27262.08139,Aug,2023,26,14.4,22.7,27.1,84,76,7,74.07,24,1
7A,1.54,43,7A,Aug,48.833135,332.763054,1.54,SD,"Oct,2024",12,0.010842016,35,5.712688,5.175781,160,160,1263.848033,14.71941122,14.71941122,3,25.68421053,24.54356846,4.935064935,4.471243043,6847.032,53.9,241,45783,301,250,600,4,2400,572.39259,3900.448082,Aug,2023,26,14.4,22.7,27.1,84,76,7,74.07,24,1
1-Aug,6,12,1-Aug,Aug,162.777116,4321.598107,6,VP,"Apr,2023",30,0.042241622,23,9.742889,12.242571,160,240,2911.384982,9.584664537,4.35,2,21.90594059,27.37923947,8.416666667,10.57608696,46256.53402,138,1459.5,45947,14,310,620,4,2480,2367.050556,62843.23914,Aug,2023,26,14.4,22.7,27.1,84,76,7,74.07,24,1
2-Aug,6.55,6,2-Aug,Aug,162.777116,4717.7446,6.55,VP,"Oct,2023",24,0.046113771,18,8.011687,10.56443,160,240,2092.848629,13.33333333,5.11,2,23.34558824,28.94423792,6.921119593,9.126378287,36051.38878,117.9,1076,45884,77,310,1860,4,7440,2325.387366,67396.35143,Aug,2023,26,14.4,22.7,27.1,84,76,7,74.07,24,1
9,6.45,18,9,Aug,89.527414,2555.144881,6.45,SD,"Oct,2022",36,0.045409744,22,7.492804,9.042758,160,160,2117.265197,8.786381109,8.786381109,1,20.30538922,23.18899414,6.472868217,7.811839323,29755.36054,141.9,1108.5,45783,55,250,385,4,1540,1278.963051,36502.06972,Aug,2023,26,14.4,22.7,27.1,84,76,7,74.07,24,1
9A,2,18,9A,Aug,162.777116,1440.532702,2,SD,Nov.2022,36,0.014080541,21,10.996924,13.449872,80,240,2583.505364,10.80108011,10.80108011,2,19.76315789,23.40163934,9.5,11.61904762,13219.45992,42,488,45783,23,180,1161,3,3483,2325.387366,20579.0386,Aug,2023,26,14.4,22.7,27.1,84,76,7,74.07,24,1
9A/2,2.4,23,9A/2,Aug,12.208284,129.647943,2.4,VP,Rev 2022,41,0.016896649,4,0,9.646424,40,40,80.225864,57.97101449,4.82,0,0,0,0,0,262.768599,9.6,80,45783,53,180,225,4,900,174.404052,1852.113474,Aug,2023,26,14.4,22.7,27.1,84,76,7,74.07,24,1
10,2.67,35,10,Sep,232.538737,2747.301654,2.67,SD,Feb.2025,8,0.018797522,17,5.58192,5.967649,140,220,1795.199046,14.24870466,14.24870466,3,25.04854369,22.5042735,4.822097378,5.155320555,6095.768472,45.39,234,45783,178,180,360,3,1080,2906.734207,34341.27067,Sep,2023,23.2,15.5,21.9,24.8,90,87,2.4,38.28,243.2,19
10/2A,3.6,37,10/2A,Sep,0,0,3.6,VP,"June.,2024",17,0.025344973,23,8.253052,9.988942,160,320,2046.340882,18.18181818,5.72,2,30.42857143,24.89293212,7.12962963,8.629227053,20588.55641,82.8,714.5,45939,22,250,750,3,2250,1133.238776,18051.93266,Sep,2023,23.2,15.5,21.9,24.8,90,87,2.4,38.28,243.2,19
3-Oct,2,12,3-Oct,Sep,186.030989,1646.323088,2,VP,"Apr,2023",30,0.014080541,27,10.418138,10.996924,160,400,2879.992253,16.14856681,4.4,3,24.55555556,27.34697856,9,9.5,16239.56246,54,513,45824,137,310,1317.5,4,5270,2325.387366,20579.0386,Sep,2023,23.2,15.5,21.9,24.8,90,87,2.4,38.28,243.2,19
4-Oct,1.25,48,4-Oct,Sep,130.221692,720.266351,1.25,VP,"June,2024",17,0.008800338,21,12.038738,10.803995,160,320,2175.399881,17.10315339,4.39,3,17.35897436,25.12244898,10.4,9.333333333,7124.849022,26.25,245,45918,43,250,500,4,2000,1307.100238,7229.6735,Sep,2023,23.2,15.5,21.9,24.8,90,87,2.4,38.28,243.2,19
11,6.48,31,11,Sep,204.634088,5867.495487,6.48,VP,Oct.2024,14,0.045620952,35,5.478216,6.895407,160,240,1352.212753,20.63628547,5.11,1,21.06521739,21.63508512,4.732510288,5.956790123,33834.64046,226.8,1351,45788,173,310,2030.5,4,8122,2557.926103,73343.69358,Sep,2023,23.2,15.5,21.9,24.8,90,87,2.4,38.28,243.2,19
1-Nov,2.98,6,1-Nov,Sep,186.030989,2453.021402,2.98,VP,"Oct,2023",23,0.020980006,22,12.30081,18.539498,160,320,3489.243743,10.6631123,5.46,2,21.06315789,23.67047619,10.62639821,16.01586333,28770.26768,65.56,1050,45903,58,310,2008.8,4,8035.2,2559.486765,33749.62331,Sep,2023,23.2,15.5,21.9,24.8,90,87,2.4,38.28,243.2,19
11/1A,2.27,24,11/1A,Sep,260.443385,2616.007387,2.27,VP,"Apr,2022",42,0.015981414,20,13.088541,20.971412,80,240,3805.496424,7.332722273,4.99,1,22.46753247,21.19513678,11.30690162,18.11674009,20179.93387,45.4,822.5,45783,52,310,930,4,3720,3255.542312,32700.09234,Sep,2023,23.2,15.5,21.9,24.8,90,87,2.4,38.28,243.2,19
12,6.39,17,12,Sep,148.824791,4208.001814,6.39,SD,"Nov,2022",35,0.044987328,34,4.679799,6.063315,160,400,2044.015495,22.75312856,22.75312856,1,19.72258065,24.73989455,4.04277517,5.23796373,32590.25172,217.26,1138,45783,183,250,667.5,4,2670,1860.309893,52600.02267,Sep,2023,23.2,15.5,21.9,24.8,90,87,2.4,38.28,243.2,19
1-Dec,4.25,7,1-Dec,Sep,260.443385,4897.811188,4.25,VP,"Oct,2023",24,0.029921149,25,16.001716,19.071321,320,560,5163.522646,12.60977257,4.56,3,24.52765957,27.20936875,13.82352941,16.47529412,55135.10299,106.25,1750.5,45931,30,310,1156.3,4,4625.2,3255.542312,61222.63985,Sep,2023,23.2,15.5,21.9,24.8,90,87,2.4,38.28,243.2,19
1A/1,4,21,1A/1,Sep,209.284863,3704.226949,4,VP,"Jul,2022",38,0.028161081,22,9.067639,10.904844,160,320,2734.655542,13.60544218,6.08,3,18.40425532,25.09167672,7.833333333,9.420454545,24078.63274,88,829,45931,23,200 Kgs.,180,250,310,2732.330155,48360.74072,Sep,2023,23.2,15.5,21.9,24.8,90,87,2.4,38.28,243.2,19
1A/2,4.09,23,1A/2,Sep,205.680228,3722.336503,4.09,VP,"Apr,2022",40,0.028794706,22,7.358642,10.735641,80,320,2243.998808,16.58031088,5.03,3,17.88461538,23.10245656,6.356968215,9.274283174,22316.8098,89.98,834.5,45931,30,250,1000,3,3000,2068.969346,37443.56074,Sep,2023,23.2,15.5,21.9,24.8,90,87,2.4,38.28,243.2,19
1B/1,2.31,23,1B/1,Sep,199.157851,2035.678499,2.31,VP,"May,2022",40,0.016263025,19,12.277267,10.404687,80,240,1997.507747,13.96973225,4.53,2,23.18367347,25.49809886,10.60606061,8.988380041,11644.0059,43.89,394.5,,80,250,1022.5,3,3067.5,2162.308252,22101.88746,Sep,2023,23.2,15.5,21.9,24.8,90,87,2.4,38.28,243.2,19
2,5.24,36,2,Sep,167.42789,3882.029842,5.24,VP,"Jan,2025",2,0.0369,11,0,5.22152,0,80,718.544696,12.94498382,4.39,0,0,21.56923077,0,4.510756419,6491.657728,58,260,45945,16,250,1625,4,6500,2126.131845,49297.08698,Sep,2023,23.2,15.5,21.9,24.8,90,87,2.4,38.28,243.2,19
2A,6.5,31,2A,Sep,167.42789,4815.495033,6.5,VP,"Jan 2025,",2,0.0458,16,0,5.765594,0,80,1069.678188,8.695652174,4.66,0,0,20.91505792,0,4.980769231,12541.12336,104,518,45934,27,250,577.5,3,1732.5,2074.961034,59679.21195,Sep,2023,23.2,15.5,21.9,24.8,90,87,2.4,38.28,243.2,19
3,5,37,3,Sep,0,0,5,VP,"Aug, 2024",15,0.035201352,21,8.180168,8.781002,160,240,1749.853993,15.94684385,5.42,2,24.03773585,24.3992467,7.066666667,7.585714286,22496.23329,105,796.5,45799,162,250,1310,4,5240,1740.319905,38503.38123,Sep,2023,23.2,15.5,21.9,24.8,90,87,2.4,38.28,243.2,19
4,8.09,17,4,Sep,204.634088,7325.314581,8.09,VP,"Nov,2022",35,0.056955787,16,8.227482,12.229436,160,240,2216.09416,12.59181532,4.75,1,20.74782609,26.17769653,7.107540173,10.56474042,41438.72385,129.44,1367.5,45840,121,310,1550,4,6200,2529.18213,90537.48034,Sep,2023,23.2,15.5,21.9,24.8,90,87,2.4,38.28,243.2,19
5A/1,5.7,31,5A/1,Sep,226.827259,5720.972732,5.7,VP,"Sep,2021",49,0.040129541,20,5.686313,9.67181,0,80,2123.078665,4.381161008,4.381161008,1,22.82142857,23.89186352,4.912280702,8.355263158,26342.84146,114,952.5,45783,44,310,2507.9,3,7523.7,2366.183635,59679.21195,Sep,2023,23.2,15.5,21.9,24.8,90,87,2.4,38.28,243.2,19
5A/2,7.62,29,5A/2,Sep,195.332539,6586.115515,7.62,VP,"Nov,2021",47,0.05364686,19,4.526983,9.350595,0,80,1878.912992,4.95049505,5,0,18.43624161,24.38905515,3.910761155,8.077773173,33017.39539,144.78,1169.5,45783,81,310,1767,4,7068,2383.064297,80350.85623,Sep,2023,23.2,15.5,21.9,24.8,90,87,2.4,38.28,243.2,19
5B/1,4.18,30,5B/1,Sep,204.634088,3784.89678,4.18,VP,"May,2024",17,0.02942833,34,4.984755,6.239089,240,400,2283.530393,20.36659878,5.35,1,28.82407407,28.95953003,4.306220096,5.389811427,25678.39575,142.12,766,45765,196,310,2362.2,4,9448.8,2655.280837,49111.87563,Sep,2023,23.2,15.5,21.9,24.8,90,87,2.4,38.28,243.2,19
6A/1,2,12,6A/1,Sep,204.634088,1810.955397,2,VP,"Apr,2023",30,0.014080541,33,5.401998,8.032841,160,400,2974.170441,15.63721658,3.97,2,26.64285714,29.48689956,4.666666667,6.939393939,15632.99529,66,458,45818,143,310,1116,4,4464,2761.397497,24437.60834,Sep,2023,23.2,15.5,21.9,24.8,90,87,2.4,38.28,243.2,19
6A/2,2,36,6A/2,Sep,279.046484,2469.484632,2,VP,"Feb,2025",8,0.0141,26,6.752497,7.49082,160,240,1968.440405,14.1760189,4.85,3,21.84285714,20.23774146,5.833333333,6.471153846,7883.057975,52,336.5,45911,50,310,923.8,4,3695.2,3991.527414,35323.91976,Sep,2023,23.2,15.5,21.9,24.8,90,87,2.4,38.28,243.2,19
6A/2/1,2,42,6A/2/1,Sep,148.824791,1317.058471,2,VP,"May,2024",17,0.014080541,28,7.620675,11.451684,240,480,2875.341478,19.40962394,4.3,3,25.21518987,23.84115523,6.583333333,9.892857143,15289.19673,56,554,45779,182,310,620,4,2480,1617.306913,14312.72135,Sep,2023,23.2,15.5,21.9,24.8,90,87,2.4,38.28,243.2,19
6B/2/3,3,30,6B/2/3,Sep,297.649583,3951.175412,3,VP,"Oct,2021",48,0.021120811,33,9.183396,12.195419,160,400,3436.922527,13.53179973,4.03,2,22.09243697,22.56088207,7.933333333,10.53535354,27238.80135,99,1043,45783,249,310,1295.8,4,5183.2,3720.619785,49389.69265,Sep,2023,23.2,15.5,21.9,24.8,90,87,2.4,38.28,243.2,19
6B/4,3,17,6B/4,Sep,265.09416,3519.015601,3,VP,"Feb,2025",8,0.0227,23,3.464351,3.396829,140,300,1387.093564,25.14668902,4.96,1,29.36206897,22.25229358,2.992776058,2.93444609,5615.37654,74,218,45905,56,310,930,4,3720,3313.676996,43987.69502,Sep,2023,23.2,15.5,21.9,24.8,90,87,2.4,38.28,243.2,19
7,3,12,7,Sep,204.634088,2716.433096,3,VP,"Apr,2023",30,0.021120811,35,5.337688,6.41625,160,480,2990.448153,18.66251944,4.52,1,28.19277108,34.57216495,4.611111111,5.542857143,23291.48451,105,582,45783,178,310,620,4,2480,2596.294994,34464.7449,Sep,2023,23.2,15.5,21.9,24.8,90,87,2.4,38.28,243.2,19
1-Jul,3.73,7,1-Jul,Sep,130.221692,2149.274792,3.73,VP,"Sep,2023",23,0.026260208,35,4.758558,7.687583,160,400,2964.868892,15.68627451,4.38,2,29.64130435,28.727797,4.110813226,6.641133665,28831.61894,130.55,867,45788,173,250,567.5,3,1702.5,1651.773144,27262.08139,Sep,2023,23.2,15.5,21.9,24.8,90,87,2.4,38.28,243.2,19
7A,1.54,43,7A,Sep,55.809297,380.300633,1.54,SD,"Oct,2024",12,0.010842016,35,5.712688,5.175781,160,160,1263.848033,14.71941122,14.71941122,3,25.68421053,24.54356846,4.935064935,4.471243043,6847.032,53.9,241,45783,301,250,600,4,2400,572.39259,3900.448082,Sep,2023,23.2,15.5,21.9,24.8,90,87,2.4,38.28,243.2,19
1-Aug,6,12,1-Aug,Sep,227.69418,6045.09259,6,VP,"Apr,2023",30,0.042241622,23,9.742889,12.242571,160,240,2911.384982,9.584664537,4.35,2,21.90594059,27.37923947,8.416666667,10.57608696,46256.53402,138,1459.5,45947,14,310,620,4,2480,2367.050556,62843.23914,Sep,2023,23.2,15.5,21.9,24.8,90,87,2.4,38.28,243.2,19
2-Aug,6.55,6,2-Aug,Sep,186.030989,5391.708114,6.55,VP,"Oct,2023",24,0.046113771,18,8.011687,10.56443,160,240,2092.848629,13.33333333,5.11,2,23.34558824,28.94423792,6.921119593,9.126378287,36051.38878,117.9,1076,45884,77,310,1860,4,7440,2325.387366,67396.35143,Sep,2023,23.2,15.5,21.9,24.8,90,87,2.4,38.28,243.2,19
9,6.45,18,9,Sep,102.317044,2920.165578,6.45,SD,"Oct,2022",36,0.045409744,22,7.492804,9.042758,160,160,2117.265197,8.786381109,8.786381109,1,20.30538922,23.18899414,6.472868217,7.811839323,29755.36054,141.9,1108.5,45783,55,250,385,4,1540,1278.963051,36502.06972,Sep,2023,23.2,15.5,21.9,24.8,90,87,2.4,38.28,243.2,19
9A,2,18,9A,Sep,186.030989,1646.323088,2,SD,Nov.2022,36,0.014080541,21,10.996924,13.449872,80,240,2583.505364,10.80108011,10.80108011,2,19.76315789,23.40163934,9.5,11.61904762,13219.45992,42,488,45783,23,180,1161,3,3483,2325.387366,20579.0386,Sep,2023,23.2,15.5,21.9,24.8,90,87,2.4,38.28,243.2,19
9A/2,2.4,23,9A/2,Sep,13.952324,148.169078,2.4,VP,Rev 2022,41,0.016896649,4,0,9.646424,40,40,80.225864,57.97101449,4.82,0,0,0,0,0,262.768599,9.6,80,45783,53,180,225,4,900,174.404052,1852.113474,Sep,2023,23.2,15.5,21.9,24.8,90,87,2.4,38.28,243.2,19
10,2.67,35,10,Oct,247.072408,2919.008007,2.67,SD,Feb.2025,8,0.018797522,17,5.58192,5.967649,140,220,1795.199046,14.24870466,14.24870466,3,25.04854369,22.5042735,4.822097378,5.155320555,6095.768472,45.39,234,45783,178,180,360,3,1080,2906.734207,34341.27067,Oct,2023,24.6,14.7,22.2,25.5,86,91,3.2,40.91,340.5,22
10/2A,3.6,37,10/2A,Oct,0,0,3.6,VP,"June.,2024",17,0.025344973,23,8.253052,9.988942,160,320,2046.340882,18.18181818,5.72,2,30.42857143,24.89293212,7.12962963,8.629227053,20588.55641,82.8,714.5,45939,22,250,750,3,2250,1133.238776,18051.93266,Oct,2023,24.6,14.7,22.2,25.5,86,91,3.2,40.91,340.5,22
3-Oct,2,12,3-Oct,Oct,197.657926,1749.218281,2,VP,"Apr,2023",30,0.014080541,27,10.418138,10.996924,160,400,2879.992253,16.14856681,4.4,3,24.55555556,27.34697856,9,9.5,16239.56246,54,513,45824,137,310,1317.5,4,5270,2325.387366,20579.0386,Oct,2023,24.6,14.7,22.2,25.5,86,91,3.2,40.91,340.5,22
4-Oct,1.25,48,4-Oct,Oct,138.360548,765.282998,1.25,VP,"June,2024",17,0.008800338,21,12.038738,10.803995,160,320,2175.399881,17.10315339,4.39,3,17.35897436,25.12244898,10.4,9.333333333,7124.849022,26.25,245,45918,43,250,500,4,2000,1307.100238,7229.6735,Oct,2023,24.6,14.7,22.2,25.5,86,91,3.2,40.91,340.5,22
11,6.48,31,11,Oct,217.423719,6234.213955,6.48,VP,Oct.2024,14,0.045620952,35,5.478216,6.895407,160,240,1352.212753,20.63628547,5.11,1,21.06521739,21.63508512,4.732510288,5.956790123,33834.64046,226.8,1351,45788,173,310,2030.5,4,8122,2557.926103,73343.69358,Oct,2023,24.6,14.7,22.2,25.5,86,91,3.2,40.91,340.5,22
1-Nov,2.98,6,1-Nov,Oct,197.657926,2606.335239,2.98,VP,"Oct,2023",23,0.020980006,22,12.30081,18.539498,160,320,3489.243743,10.6631123,5.46,2,21.06315789,23.67047619,10.62639821,16.01586333,28770.26768,65.56,1050,45903,58,310,2008.8,4,8035.2,2559.486765,33749.62331,Oct,2023,24.6,14.7,22.2,25.5,86,91,3.2,40.91,340.5,22
11/1A,2.27,24,11/1A,Oct,276.721097,2779.507849,2.27,VP,"Apr,2022",42,0.015981414,20,13.088541,20.971412,80,240,3805.496424,7.332722273,4.99,1,22.46753247,21.19513678,11.30690162,18.11674009,20179.93387,45.4,822.5,45783,52,310,930,4,3720,3255.542312,32700.09234,Oct,2023,24.6,14.7,22.2,25.5,86,91,3.2,40.91,340.5,22
12,6.39,17,12,Oct,158.126341,4471.001927,6.39,SD,"Nov,2022",35,0.044987328,34,4.679799,6.063315,160,400,2044.015495,22.75312856,22.75312856,1,19.72258065,24.73989455,4.04277517,5.23796373,32590.25172,217.26,1138,45783,183,250,667.5,4,2670,1860.309893,52600.02267,Oct,2023,24.6,14.7,22.2,25.5,86,91,3.2,40.91,340.5,22
1-Dec,4.25,7,1-Dec,Oct,276.721097,5203.924387,4.25,VP,"Oct,2023",24,0.029921149,25,16.001716,19.071321,320,560,5163.522646,12.60977257,4.56,3,24.52765957,27.20936875,13.82352941,16.47529412,55135.10299,106.25,1750.5,45931,30,310,1156.3,4,4625.2,3255.542312,61222.63985,Oct,2023,24.6,14.7,22.2,25.5,86,91,3.2,40.91,340.5,22
1A/1,4,21,1A/1,Oct,280.499851,4964.693063,4,VP,"Jul,2022",38,0.028161081,22,9.067639,10.904844,160,320,2734.655542,13.60544218,6.08,3,18.40425532,25.09167672,7.833333333,9.420454545,24078.63274,88,829,45931,23,200 Kgs.,180,250,310,2732.330155,48360.74072,Oct,2023,24.6,14.7,22.2,25.5,86,91,3.2,40.91,340.5,22
1A/2,4.09,23,1A/2,Oct,214.981778,3890.673038,4.09,VP,"Apr,2022",40,0.028794706,22,7.358642,10.735641,80,320,2243.998808,16.58031088,5.03,3,17.88461538,23.10245656,6.356968215,9.274283174,22316.8098,89.98,834.5,45931,30,250,1000,3,3000,2068.969346,37443.56074,Oct,2023,24.6,14.7,22.2,25.5,86,91,3.2,40.91,340.5,22
1B/1,2.31,23,1B/1,Oct,309.12552,3159.705587,2.31,VP,"May,2022",40,0.016263025,19,12.277267,10.404687,80,240,1997.507747,13.96973225,4.53,2,23.18367347,25.49809886,10.60606061,8.988380041,11644.0059,43.89,394.5,,80,250,1022.5,3,3067.5,2162.308252,22101.88746,Oct,2023,24.6,14.7,22.2,25.5,86,91,3.2,40.91,340.5,22
2,5.24,36,2,Oct,177.892133,4124.656707,5.24,VP,"Jan,2025",2,0.0369,11,0,5.22152,0,80,718.544696,12.94498382,4.39,0,0,21.56923077,0,4.510756419,6491.657728,58,260,45945,16,250,1625,4,6500,2126.131845,49297.08698,Oct,2023,24.6,14.7,22.2,25.5,86,91,3.2,40.91,340.5,22
2A,6.5,31,2A,Oct,177.892133,5116.463473,6.5,VP,"Jan 2025,",2,0.0458,16,0,5.765594,0,80,1069.678188,8.695652174,4.66,0,0,20.91505792,0,4.980769231,12541.12336,104,518,45934,27,250,577.5,3,1732.5,2074.961034,59679.21195,Oct,2023,24.6,14.7,22.2,25.5,86,91,3.2,40.91,340.5,22
3,5,37,3,Oct,0,0,5,VP,"Aug, 2024",15,0.035201352,21,8.180168,8.781002,160,240,1749.853993,15.94684385,5.42,2,24.03773585,24.3992467,7.066666667,7.585714286,22496.23329,105,796.5,45799,162,250,1310,4,5240,1740.319905,38503.38123,Oct,2023,24.6,14.7,22.2,25.5,86,91,3.2,40.91,340.5,22
4,8.09,17,4,Oct,217.423719,7783.146743,8.09,VP,"Nov,2022",35,0.056955787,16,8.227482,12.229436,160,240,2216.09416,12.59181532,4.75,1,20.74782609,26.17769653,7.107540173,10.56474042,41438.72385,129.44,1367.5,45840,121,310,1550,4,6200,2529.18213,90537.48034,Oct,2023,24.6,14.7,22.2,25.5,86,91,3.2,40.91,340.5,22
5A/1,5.7,31,5A/1,Oct,197.657926,4985.272102,5.7,VP,"Sep,2021",49,0.040129541,20,5.686313,9.67181,0,80,2123.078665,4.381161008,4.381161008,1,22.82142857,23.89186352,4.912280702,8.355263158,26342.84146,114,952.5,45783,44,310,2507.9,3,7523.7,2366.183635,59679.21195,Oct,2023,24.6,14.7,22.2,25.5,86,91,3.2,40.91,340.5,22
5A/2,7.62,29,5A/2,Oct,207.540822,6997.747734,7.62,VP,"Nov,2021",47,0.05364686,19,4.526983,9.350595,0,80,1878.912992,4.95049505,5,0,18.43624161,24.38905515,3.910761155,8.077773173,33017.39539,144.78,1169.5,45783,81,310,1767,4,7068,2383.064297,80350.85623,Oct,2023,24.6,14.7,22.2,25.5,86,91,3.2,40.91,340.5,22
5B/1,4.18,30,5B/1,Oct,273.054995,5050.404759,4.18,VP,"May,2024",17,0.02942833,34,4.984755,6.239089,240,400,2283.530393,20.36659878,5.35,1,28.82407407,28.95953003,4.306220096,5.389811427,25678.39575,142.12,766,45765,196,310,2362.2,4,9448.8,2655.280837,49111.87563,Oct,2023,24.6,14.7,22.2,25.5,86,91,3.2,40.91,340.5,22
6A/1,2,12,6A/1,Oct,362.760429,3210.330022,2,VP,"Apr,2023",30,0.014080541,33,5.401998,8.032841,160,400,2974.170441,15.63721658,3.97,2,26.64285714,29.48689956,4.666666667,6.939393939,15632.99529,66,458,45818,143,310,1116,4,4464,2761.397497,24437.60834,Oct,2023,24.6,14.7,22.2,25.5,86,91,3.2,40.91,340.5,22
6A/2,2,36,6A/2,Oct,296.486889,2623.827422,2,VP,"Feb,2025",8,0.0141,26,6.752497,7.49082,160,240,1968.440405,14.1760189,4.85,3,21.84285714,20.23774146,5.833333333,6.471153846,7883.057975,52,336.5,45911,50,310,923.8,4,3695.2,3991.527414,35323.91976,Oct,2023,24.6,14.7,22.2,25.5,86,91,3.2,40.91,340.5,22
6A/2/1,2,42,6A/2/1,Oct,158.126341,1399.374625,2,VP,"May,2024",17,0.014080541,28,7.620675,11.451684,240,480,2875.341478,19.40962394,4.3,3,25.21518987,23.84115523,6.583333333,9.892857143,15289.19673,56,554,45779,182,310,620,4,2480,1617.306913,14312.72135,Oct,2023,24.6,14.7,22.2,25.5,86,91,3.2,40.91,340.5,22
6B/2/3,3,30,6B/2/3,Oct,316.252682,4198.123875,3,VP,"Oct,2021",48,0.021120811,33,9.183396,12.195419,160,400,3436.922527,13.53179973,4.03,2,22.09243697,22.56088207,7.933333333,10.53535354,27238.80135,99,1043,45783,249,310,1295.8,4,5183.2,3720.619785,49389.69265,Oct,2023,24.6,14.7,22.2,25.5,86,91,3.2,40.91,340.5,22
6B/4,3,17,6B/4,Oct,281.662545,3738.954076,3,VP,"Feb,2025",8,0.0227,23,3.464351,3.396829,140,300,1387.093564,25.14668902,4.96,1,29.36206897,22.25229358,2.992776058,2.93444609,5615.37654,74,218,45905,56,310,930,4,3720,3313.676996,43987.69502,Oct,2023,24.6,14.7,22.2,25.5,86,91,3.2,40.91,340.5,22
7,3,12,7,Oct,217.423719,2886.210164,3,VP,"Apr,2023",30,0.021120811,35,5.337688,6.41625,160,480,2990.448153,18.66251944,4.52,1,28.19277108,34.57216495,4.611111111,5.542857143,23291.48451,105,582,45783,178,310,620,4,2480,2596.294994,34464.7449,Oct,2023,24.6,14.7,22.2,25.5,86,91,3.2,40.91,340.5,22
1-Jul,3.73,7,1-Jul,Oct,162.362536,2679.750959,3.73,VP,"Sep,2023",23,0.026260208,35,4.758558,7.687583,160,400,2964.868892,15.68627451,4.38,2,29.64130435,28.727797,4.110813226,6.641133665,28831.61894,130.55,867,45788,173,250,567.5,3,1702.5,1651.773144,27262.08139,Oct,2023,24.6,14.7,22.2,25.5,86,91,3.2,40.91,340.5,22
7A,1.54,43,7A,Oct,59.297378,404.069423,1.54,SD,"Oct,2024",12,0.010842016,35,5.712688,5.175781,160,160,1263.848033,14.71941122,14.71941122,3,25.68421053,24.54356846,4.935064935,4.471243043,6847.032,53.9,241,45783,301,250,600,4,2400,572.39259,3900.448082,Oct,2023,24.6,14.7,22.2,25.5,86,91,3.2,40.91,340.5,22
1-Aug,6,12,1-Aug,Oct,197.657926,5247.654844,6,VP,"Apr,2023",30,0.042241622,23,9.742889,12.242571,160,240,2911.384982,9.584664537,4.35,2,21.90594059,27.37923947,8.416666667,10.57608696,46256.53402,138,1459.5,45947,14,310,620,4,2480,2367.050556,62843.23914,Oct,2023,24.6,14.7,22.2,25.5,86,91,3.2,40.91,340.5,22
2-Aug,6.55,6,2-Aug,Oct,197.657926,5728.689871,6.55,VP,"Oct,2023",24,0.046113771,18,8.011687,10.56443,160,240,2092.848629,13.33333333,5.11,2,23.34558824,28.94423792,6.921119593,9.126378287,36051.38878,117.9,1076,45884,77,310,1860,4,7440,2325.387366,67396.35143,Oct,2023,24.6,14.7,22.2,25.5,86,91,3.2,40.91,340.5,22
9,6.45,18,9,Oct,108.711859,3102.675926,6.45,SD,"Oct,2022",36,0.045409744,22,7.492804,9.042758,160,160,2117.265197,8.786381109,8.786381109,1,20.30538922,23.18899414,6.472868217,7.811839323,29755.36054,141.9,1108.5,45783,55,250,385,4,1540,1278.963051,36502.06972,Oct,2023,24.6,14.7,22.2,25.5,86,91,3.2,40.91,340.5,22
9A,2,18,9A,Oct,197.657926,1749.218281,2,SD,Nov.2022,36,0.014080541,21,10.996924,13.449872,80,240,2583.505364,10.80108011,10.80108011,2,19.76315789,23.40163934,9.5,11.61904762,13219.45992,42,488,45783,23,180,1161,3,3483,2325.387366,20579.0386,Oct,2023,24.6,14.7,22.2,25.5,86,91,3.2,40.91,340.5,22
9A/2,2.4,23,9A/2,Oct,14.824344,157.429645,2.4,VP,Rev 2022,41,0.016896649,4,0,9.646424,40,40,80.225864,57.97101449,4.82,0,0,0,0,0,262.768599,9.6,80,45783,53,180,225,4,900,174.404052,1852.113474,Oct,2023,24.6,14.7,22.2,25.5,86,91,3.2,40.91,340.5,22
10,2.67,35,10,Nov,276.13975,3262.420714,2.67,SD,Feb.2025,8,0.018797522,17,5.58192,5.967649,140,220,1795.199046,14.24870466,14.24870466,3,25.04854369,22.5042735,4.822097378,5.155320555,6095.768472,45.39,234,45783,178,180,360,3,1080,2906.734207,34341.27067,Nov,2023,25.4,14.4,21.4,25.1,85,89,4.4,38.9,541.3,21
10/2A,3.6,37,10/2A,Nov,0,0,3.6,VP,"June.,2024",17,0.025344973,23,8.253052,9.988942,160,320,2046.340882,18.18181818,5.72,2,30.42857143,24.89293212,7.12962963,8.629227053,20588.55641,82.8,714.5,45939,22,250,750,3,2250,1133.238776,18051.93266,Nov,2023,25.4,14.4,21.4,25.1,85,89,4.4,38.9,541.3,21
3-Oct,2,12,3-Oct,Nov,220.9118,1955.008667,2,VP,"Apr,2023",30,0.014080541,27,10.418138,10.996924,160,400,2879.992253,16.14856681,4.4,3,24.55555556,27.34697856,9,9.5,16239.56246,54,513,45824,137,310,1317.5,4,5270,2325.387366,20579.0386,Nov,2023,25.4,14.4,21.4,25.1,85,89,4.4,38.9,541.3,21
4-Oct,1.25,48,4-Oct,Nov,154.63826,855.316292,1.25,VP,"June,2024",17,0.008800338,21,12.038738,10.803995,160,320,2175.399881,17.10315339,4.39,3,17.35897436,25.12244898,10.4,9.333333333,7124.849022,26.25,245,45918,43,250,500,4,2000,1307.100238,7229.6735,Nov,2023,25.4,14.4,21.4,25.1,85,89,4.4,38.9,541.3,21
11,6.48,31,11,Nov,243.00298,6967.65089,6.48,VP,Oct.2024,14,0.045620952,35,5.478216,6.895407,160,240,1352.212753,20.63628547,5.11,1,21.06521739,21.63508512,4.732510288,5.956790123,33834.64046,226.8,1351,45788,173,310,2030.5,4,8122,2557.926103,73343.69358,Nov,2023,25.4,14.4,21.4,25.1,85,89,4.4,38.9,541.3,21
1-Nov,2.98,6,1-Nov,Nov,259.928366,3427.438879,2.98,VP,"Oct,2023",23,0.020980006,22,12.30081,18.539498,160,320,3489.243743,10.6631123,5.46,2,21.06315789,23.67047619,10.62639821,16.01586333,28770.26768,65.56,1050,45903,58,310,2008.8,4,8035.2,2559.486765,33749.62331,Nov,2023,25.4,14.4,21.4,25.1,85,89,4.4,38.9,541.3,21
11/1A,2.27,24,11/1A,Nov,309.27652,3106.508772,2.27,VP,"Apr,2022",42,0.015981414,20,13.088541,20.971412,80,240,3805.496424,7.332722273,4.99,1,22.46753247,21.19513678,11.30690162,18.11674009,20179.93387,45.4,822.5,45783,52,310,930,4,3720,3255.542312,32700.09234,Nov,2023,25.4,14.4,21.4,25.1,85,89,4.4,38.9,541.3,21
12,6.39,17,12,Nov,176.72944,4997.002154,6.39,SD,"Nov,2022",35,0.044987328,34,4.679799,6.063315,160,400,2044.015495,22.75312856,22.75312856,1,19.72258065,24.73989455,4.04277517,5.23796373,32590.25172,217.26,1138,45783,183,250,667.5,4,2670,1860.309893,52600.02267,Nov,2023,25.4,14.4,21.4,25.1,85,89,4.4,38.9,541.3,21
1-Dec,4.25,7,1-Dec,Nov,309.27652,5816.150785,4.25,VP,"Oct,2023",24,0.029921149,25,16.001716,19.071321,320,560,5163.522646,12.60977257,4.56,3,24.52765957,27.20936875,13.82352941,16.47529412,55135.10299,106.25,1750.5,45931,30,310,1156.3,4,4625.2,3255.542312,61222.63985,Nov,2023,25.4,14.4,21.4,25.1,85,89,4.4,38.9,541.3,21
1A/1,4,21,1A/1,Nov,306.660459,5427.721432,4,VP,"Jul,2022",38,0.028161081,22,9.067639,10.904844,160,320,2734.655542,13.60544218,6.08,3,18.40425532,25.09167672,7.833333333,9.420454545,24078.63274,88,829,45931,23,200 Kgs.,180,250,310,2732.330155,48360.74072,Nov,2023,25.4,14.4,21.4,25.1,85,89,4.4,38.9,541.3,21
1A/2,4.09,23,1A/2,Nov,271.678019,4916.743903,4.09,VP,"Apr,2022",40,0.028794706,22,7.358642,10.735641,80,320,2243.998808,16.58031088,5.03,3,17.88461538,23.10245656,6.356968215,9.274283174,22316.8098,89.98,834.5,45931,30,250,1000,3,3000,2068.969346,37443.56074,Nov,2023,25.4,14.4,21.4,25.1,85,89,4.4,38.9,541.3,21
1B/1,2.31,23,1B/1,Nov,277.39556,2835.379939,2.31,VP,"May,2022",40,0.016263025,19,12.277267,10.404687,80,240,1997.507747,13.96973225,4.53,2,23.18367347,25.49809886,10.60606061,8.988380041,11644.0059,43.89,394.5,,80,250,1022.5,3,3067.5,2162.308252,22101.88746,Nov,2023,25.4,14.4,21.4,25.1,85,89,4.4,38.9,541.3,21
2,5.24,36,2,Nov,232.103836,5381.624385,5.24,VP,"Jan,2025",2,0.0369,11,0,5.22152,0,80,718.544696,12.94498382,4.39,0,0,21.56923077,0,4.510756419,6491.657728,58,260,45945,16,250,1625,4,6500,2126.131845,49297.08698,Nov,2023,25.4,14.4,21.4,25.1,85,89,4.4,38.9,541.3,21
2A,6.5,31,2A,Nov,198.82062,5718.400352,6.5,VP,"Jan 2025,",2,0.0458,16,0,5.765594,0,80,1069.678188,8.695652174,4.66,0,0,20.91505792,0,4.980769231,12541.12336,104,518,45934,27,250,577.5,3,1732.5,2074.961034,59679.21195,Nov,2023,25.4,14.4,21.4,25.1,85,89,4.4,38.9,541.3,21
3,5,37,3,Nov,0,0,5,VP,"Aug, 2024",15,0.035201352,21,8.180168,8.781002,160,240,1749.853993,15.94684385,5.42,2,24.03773585,24.3992467,7.066666667,7.585714286,22496.23329,105,796.5,45799,162,250,1310,4,5240,1740.319905,38503.38123,Nov,2023,25.4,14.4,21.4,25.1,85,89,4.4,38.9,541.3,21
4,8.09,17,4,Nov,243.00298,8698.811065,8.09,VP,"Nov,2022",35,0.056955787,16,8.227482,12.229436,160,240,2216.09416,12.59181532,4.75,1,20.74782609,26.17769653,7.107540173,10.56474042,41438.72385,129.44,1367.5,45840,121,310,1550,4,6200,2529.18213,90537.48034,Nov,2023,25.4,14.4,21.4,25.1,85,89,4.4,38.9,541.3,21
5A/1,5.7,31,5A/1,Nov,220.9118,5571.774702,5.7,VP,"Sep,2021",49,0.040129541,20,5.686313,9.67181,0,80,2123.078665,4.381161008,4.381161008,1,22.82142857,23.89186352,4.912280702,8.355263158,26342.84146,114,952.5,45783,44,310,2507.9,3,7523.7,2366.183635,59679.21195,Nov,2023,25.4,14.4,21.4,25.1,85,89,4.4,38.9,541.3,21
5A/2,7.62,29,5A/2,Nov,231.95739,7821.012174,7.62,VP,"Nov,2021",47,0.05364686,19,4.526983,9.350595,0,80,1878.912992,4.95049505,5,0,18.43624161,24.38905515,3.910761155,8.077773173,33017.39539,144.78,1169.5,45783,81,310,1767,4,7068,2383.064297,80350.85623,Nov,2023,25.4,14.4,21.4,25.1,85,89,4.4,38.9,541.3,21
5B/1,4.18,30,5B/1,Nov,284.726437,5266.278874,4.18,VP,"May,2024",17,0.02942833,34,4.984755,6.239089,240,400,2283.530393,20.36659878,5.35,1,28.82407407,28.95953003,4.306220096,5.389811427,25678.39575,142.12,766,45765,196,310,2362.2,4,9448.8,2655.280837,49111.87563,Nov,2023,25.4,14.4,21.4,25.1,85,89,4.4,38.9,541.3,21
6A/1,2,12,6A/1,Nov,301.137664,2664.985499,2,VP,"Apr,2023",30,0.014080541,33,5.401998,8.032841,160,400,2974.170441,15.63721658,3.97,2,26.64285714,29.48689956,4.666666667,6.939393939,15632.99529,66,458,45818,143,310,1116,4,4464,2761.397497,24437.60834,Nov,2023,25.4,14.4,21.4,25.1,85,89,4.4,38.9,541.3,21
6A/2,2,36,6A/2,Nov,389.502384,3446.988966,2,VP,"Feb,2025",8,0.0141,26,6.752497,7.49082,160,240,1968.440405,14.1760189,4.85,3,21.84285714,20.23774146,5.833333333,6.471153846,7883.057975,52,336.5,45911,50,310,923.8,4,3695.2,3991.527414,35323.91976,Nov,2023,25.4,14.4,21.4,25.1,85,89,4.4,38.9,541.3,21
6A/2/1,2,42,6A/2/1,Nov,292.998808,2592.958864,2,VP,"May,2024",17,0.014080541,28,7.620675,11.451684,240,480,2875.341478,19.40962394,4.3,3,25.21518987,23.84115523,6.583333333,9.892857143,15289.19673,56,554,45779,182,310,620,4,2480,1617.306913,14312.72135,Nov,2023,25.4,14.4,21.4,25.1,85,89,4.4,38.9,541.3,21
6B/2/3,3,30,6B/2/3,Nov,353.45888,4692.020802,3,VP,"Oct,2021",48,0.021120811,33,9.183396,12.195419,160,400,3436.922527,13.53179973,4.03,2,22.09243697,22.56088207,7.933333333,10.53535354,27238.80135,99,1043,45783,249,310,1295.8,4,5183.2,3720.619785,49389.69265,Nov,2023,25.4,14.4,21.4,25.1,85,89,4.4,38.9,541.3,21
6B/4,3,17,6B/4,Nov,314.799315,4178.831026,3,VP,"Feb,2025",8,0.0227,23,3.464351,3.396829,140,300,1387.093564,25.14668902,4.96,1,29.36206897,22.25229358,2.992776058,2.93444609,5615.37654,74,218,45905,56,310,930,4,3720,3313.676996,43987.69502,Nov,2023,25.4,14.4,21.4,25.1,85,89,4.4,38.9,541.3,21
7,3,12,7,Nov,243.00298,3225.764301,3,VP,"Apr,2023",30,0.021120811,35,5.337688,6.41625,160,480,2990.448153,18.66251944,4.52,1,28.19277108,34.57216495,4.611111111,5.542857143,23291.48451,105,582,45783,178,310,620,4,2480,2596.294994,34464.7449,Nov,2023,25.4,14.4,21.4,25.1,85,89,4.4,38.9,541.3,21
1-Jul,3.73,7,1-Jul,Nov,154.63826,2552.263815,3.73,VP,"Sep,2023",23,0.026260208,35,4.758558,7.687583,160,400,2964.868892,15.68627451,4.38,2,29.64130435,28.727797,4.110813226,6.641133665,28831.61894,130.55,867,45788,173,250,567.5,3,1702.5,1651.773144,27262.08139,Nov,2023,25.4,14.4,21.4,25.1,85,89,4.4,38.9,541.3,21
7A,1.54,43,7A,Nov,66.27354,451.607002,1.54,SD,"Oct,2024",12,0.010842016,35,5.712688,5.175781,160,160,1263.848033,14.71941122,14.71941122,3,25.68421053,24.54356846,4.935064935,4.471243043,6847.032,53.9,241,45783,301,250,600,4,2400,572.39259,3900.448082,Nov,2023,25.4,14.4,21.4,25.1,85,89,4.4,38.9,541.3,21
1-Aug,6,12,1-Aug,Nov,220.9118,5865.026002,6,VP,"Apr,2023",30,0.042241622,23,9.742889,12.242571,160,240,2911.384982,9.584664537,4.35,2,21.90594059,27.37923947,8.416666667,10.57608696,46256.53402,138,1459.5,45947,14,310,620,4,2480,2367.050556,62843.23914,Nov,2023,25.4,14.4,21.4,25.1,85,89,4.4,38.9,541.3,21
2-Aug,6.55,6,2-Aug,Nov,220.9118,6402.653386,6.55,VP,"Oct,2023",24,0.046113771,18,8.011687,10.56443,160,240,2092.848629,13.33333333,5.11,2,23.34558824,28.94423792,6.921119593,9.126378287,36051.38878,117.9,1076,45884,77,310,1860,4,7440,2325.387366,67396.35143,Nov,2023,25.4,14.4,21.4,25.1,85,89,4.4,38.9,541.3,21
9,6.45,18,9,Nov,121.50149,3467.696624,6.45,SD,"Oct,2022",36,0.045409744,22,7.492804,9.042758,160,160,2117.265197,8.786381109,8.786381109,1,20.30538922,23.18899414,6.472868217,7.811839323,29755.36054,141.9,1108.5,45783,55,250,385,4,1540,1278.963051,36502.06972,Nov,2023,25.4,14.4,21.4,25.1,85,89,4.4,38.9,541.3,21
9A,2,18,9A,Nov,220.9118,1955.008667,2,SD,Nov.2022,36,0.014080541,21,10.996924,13.449872,80,240,2583.505364,10.80108011,10.80108011,2,19.76315789,23.40163934,9.5,11.61904762,13219.45992,42,488,45783,23,180,1161,3,3483,2325.387366,20579.0386,Nov,2023,25.4,14.4,21.4,25.1,85,89,4.4,38.9,541.3,21
9A/2,2.4,23,9A/2,Nov,16.568385,175.95078,2.4,VP,Rev 2022,41,0.016896649,4,0,9.646424,40,40,80.225864,57.97101449,4.82,0,0,0,0,0,262.768599,9.6,80,45783,53,180,225,4,900,174.404052,1852.113474,Nov,2023,25.4,14.4,21.4,25.1,85,89,4.4,38.9,541.3,21
10,2.67,35,10,Dec,290.673421,3434.127067,2.67,SD,Feb.2025,8,0.018797522,17,5.58192,5.967649,140,220,1795.199046,14.24870466,14.24870466,3,25.04854369,22.5042735,4.822097378,5.155320555,6095.768472,45.39,234,45783,178,180,360,3,1080,2906.734207,34341.27067,Dec,2023,25,15,21.5,24.9,86,83,3.9,43.32,172.5,14
10/2A,3.6,37,10/2A,Dec,139.523242,2222.536169,3.6,VP,"June.,2024",17,0.025344973,23,8.253052,9.988942,160,320,2046.340882,18.18181818,5.72,2,30.42857143,24.89293212,7.12962963,8.629227053,20588.55641,82.8,714.5,45939,22,250,750,3,2250,1133.238776,18051.93266,Dec,2023,25,15,21.5,24.9,86,83,3.9,43.32,172.5,14
3-Oct,2,12,3-Oct,Dec,232.538737,2057.90386,2,VP,"Apr,2023",30,0.014080541,27,10.418138,10.996924,160,400,2879.992253,16.14856681,4.4,3,24.55555556,27.34697856,9,9.5,16239.56246,54,513,45824,137,310,1317.5,4,5270,2325.387366,20579.0386,Dec,2023,25,15,21.5,24.9,86,83,3.9,43.32,172.5,14
4-Oct,1.25,48,4-Oct,Dec,162.777116,900.332939,1.25,VP,"June,2024",17,0.008800338,21,12.038738,10.803995,160,320,2175.399881,17.10315339,4.39,3,17.35897436,25.12244898,10.4,9.333333333,7124.849022,26.25,245,45918,43,250,500,4,2000,1307.100238,7229.6735,Dec,2023,25,15,21.5,24.9,86,83,3.9,43.32,172.5,14
11,6.48,31,11,Dec,255.79261,7334.369358,6.48,VP,Oct.2024,14,0.045620952,35,5.478216,6.895407,160,240,1352.212753,20.63628547,5.11,1,21.06521739,21.63508512,4.732510288,5.956790123,33834.64046,226.8,1351,45788,173,310,2030.5,4,8122,2557.926103,73343.69358,Dec,2023,25,15,21.5,24.9,86,83,3.9,43.32,172.5,14
1-Nov,2.98,6,1-Nov,Dec,232.538737,3066.276752,2.98,VP,"Oct,2023",23,0.020980006,22,12.30081,18.539498,160,320,3489.243743,10.6631123,5.46,2,21.06315789,23.67047619,10.62639821,16.01586333,28770.26768,65.56,1050,45903,58,310,2008.8,4,8035.2,2559.486765,33749.62331,Dec,2023,25,15,21.5,24.9,86,83,3.9,43.32,172.5,14
11/1A,2.27,24,11/1A,Dec,325.554231,3270.009234,2.27,VP,"Apr,2022",42,0.015981414,20,13.088541,20.971412,80,240,3805.496424,7.332722273,4.99,1,22.46753247,21.19513678,11.30690162,18.11674009,20179.93387,45.4,822.5,45783,52,310,930,4,3720,3255.542312,32700.09234,Dec,2023,25,15,21.5,24.9,86,83,3.9,43.32,172.5,14
12,6.39,17,12,Dec,186.030989,5260.002267,6.39,SD,"Nov,2022",35,0.044987328,34,4.679799,6.063315,160,400,2044.015495,22.75312856,22.75312856,1,19.72258065,24.73989455,4.04277517,5.23796373,32590.25172,217.26,1138,45783,183,250,667.5,4,2670,1860.309893,52600.02267,Dec,2023,25,15,21.5,24.9,86,83,3.9,43.32,172.5,14
1-Dec,4.25,7,1-Dec,Dec,325.554231,6122.263985,4.25,VP,"Oct,2023",24,0.029921149,25,16.001716,19.071321,320,560,5163.522646,12.60977257,4.56,3,24.52765957,27.20936875,13.82352941,16.47529412,55135.10299,106.25,1750.5,45931,30,310,1156.3,4,4625.2,3255.542312,61222.63985,Dec,2023,25,15,21.5,24.9,86,83,3.9,43.32,172.5,14
1A/1,4,21,1A/1,Dec,261.606079,4630.283686,4,VP,"Jul,2022",38,0.028161081,22,9.067639,10.904844,160,320,2734.655542,13.60544218,6.08,3,18.40425532,25.09167672,7.833333333,9.420454545,24078.63274,88,829,45931,23,200 Kgs.,180,250,310,2732.330155,48360.74072,Dec,2023,25,15,21.5,24.9,86,83,3.9,43.32,172.5,14
1A/2,4.09,23,1A/2,Dec,186.030989,3366.730716,4.09,VP,"Apr,2022",40,0.028794706,22,7.358642,10.735641,80,320,2243.998808,16.58031088,5.03,3,17.88461538,23.10245656,6.356968215,9.274283174,22316.8098,89.98,834.5,45931,30,250,1000,3,3000,2068.969346,37443.56074,Dec,2023,25,15,21.5,24.9,86,83,3.9,43.32,172.5,14
1B/1,2.31,23,1B/1,Dec,186.030989,1901.503167,2.31,VP,"May,2022",40,0.016263025,19,12.277267,10.404687,80,240,1997.507747,13.96973225,4.53,2,23.18367347,25.49809886,10.60606061,8.988380041,11644.0059,43.89,394.5,,80,250,1022.5,3,3067.5,2162.308252,22101.88746,Dec,2023,25,15,21.5,24.9,86,83,3.9,43.32,172.5,14
2,5.24,36,2,Dec,209.284863,4852.537303,5.24,VP,"Jan,2025",2,0.0369,11,0,5.22152,0,80,718.544696,12.94498382,4.39,0,0,21.56923077,0,4.510756419,6491.657728,58,260,45945,16,250,1625,4,6500,2126.131845,49297.08698,Dec,2023,25,15,21.5,24.9,86,83,3.9,43.32,172.5,14
2A,6.5,31,2A,Dec,209.284863,6019.368792,6.5,VP,"Jan 2025,",2,0.0458,16,0,5.765594,0,80,1069.678188,8.695652174,4.66,0,0,20.91505792,0,4.980769231,12541.12336,104,518,45934,27,250,577.5,3,1732.5,2074.961034,59679.21195,Dec,2023,25,15,21.5,24.9,86,83,3.9,43.32,172.5,14
3,5,37,3,Dec,84.179023,1862.402994,5,VP,"Aug, 2024",15,0.035201352,21,8.180168,8.781002,160,240,1749.853993,15.94684385,5.42,2,24.03773585,24.3992467,7.066666667,7.585714286,22496.23329,105,796.5,45799,162,250,1310,4,5240,1740.319905,38503.38123,Dec,2023,25,15,21.5,24.9,86,83,3.9,43.32,172.5,14
4,8.09,17,4,Dec,255.79261,9156.643227,8.09,VP,"Nov,2022",35,0.056955787,16,8.227482,12.229436,160,240,2216.09416,12.59181532,4.75,1,20.74782609,26.17769653,7.107540173,10.56474042,41438.72385,129.44,1367.5,45840,121,310,1550,4,6200,2529.18213,90537.48034,Dec,2023,25,15,21.5,24.9,86,83,3.9,43.32,172.5,14
5A/1,5.7,31,5A/1,Dec,232.538737,5865.026002,5.7,VP,"Sep,2021",49,0.040129541,20,5.686313,9.67181,0,80,2123.078665,4.381161008,4.381161008,1,22.82142857,23.89186352,4.912280702,8.355263158,26342.84146,114,952.5,45783,44,310,2507.9,3,7523.7,2366.183635,59679.21195,Dec,2023,25,15,21.5,24.9,86,83,3.9,43.32,172.5,14
5A/2,7.62,29,5A/2,Dec,244.165673,8232.644393,7.62,VP,"Nov,2021",47,0.05364686,19,4.526983,9.350595,0,80,1878.912992,4.95049505,5,0,18.43624161,24.38905515,3.910761155,8.077773173,33017.39539,144.78,1169.5,45783,81,310,1767,4,7068,2383.064297,80350.85623,Dec,2023,25,15,21.5,24.9,86,83,3.9,43.32,172.5,14
5B/1,4.18,30,5B/1,Dec,255.79261,4731.120975,4.18,VP,"May,2024",17,0.02942833,34,4.984755,6.239089,240,400,2283.530393,20.36659878,5.35,1,28.82407407,28.95953003,4.306220096,5.389811427,25678.39575,142.12,766,45765,196,310,2362.2,4,9448.8,2655.280837,49111.87563,Dec,2023,25,15,21.5,24.9,86,83,3.9,43.32,172.5,14
6A/1,2,12,6A/1,Dec,255.79261,2263.694246,2,VP,"Apr,2023",30,0.014080541,33,5.401998,8.032841,160,400,2974.170441,15.63721658,3.97,2,26.64285714,29.48689956,4.666666667,6.939393939,15632.99529,66,458,45818,143,310,1116,4,4464,2761.397497,24437.60834,Dec,2023,25,15,21.5,24.9,86,83,3.9,43.32,172.5,14
6A/2,2,36,6A/2,Dec,348.808105,3086.855791,2,VP,"Feb,2025",8,0.0141,26,6.752497,7.49082,160,240,1968.440405,14.1760189,4.85,3,21.84285714,20.23774146,5.833333333,6.471153846,7883.057975,52,336.5,45911,50,310,923.8,4,3695.2,3991.527414,35323.91976,Dec,2023,25,15,21.5,24.9,86,83,3.9,43.32,172.5,14
6A/2/1,2,42,6A/2/1,Dec,186.030989,1646.323088,2,VP,"May,2024",17,0.014080541,28,7.620675,11.451684,240,480,2875.341478,19.40962394,4.3,3,25.21518987,23.84115523,6.583333333,9.892857143,15289.19673,56,554,45779,182,310,620,4,2480,1617.306913,14312.72135,Dec,2023,25,15,21.5,24.9,86,83,3.9,43.32,172.5,14
6B/2/3,3,30,6B/2/3,Dec,372.061979,4938.969265,3,VP,"Oct,2021",48,0.021120811,33,9.183396,12.195419,160,400,3436.922527,13.53179973,4.03,2,22.09243697,22.56088207,7.933333333,10.53535354,27238.80135,99,1043,45783,249,310,1295.8,4,5183.2,3720.619785,49389.69265,Dec,2023,25,15,21.5,24.9,86,83,3.9,43.32,172.5,14
6B/4,3,17,6B/4,Dec,331.3677,4398.769502,3,VP,"Feb,2025",8,0.0227,23,3.464351,3.396829,140,300,1387.093564,25.14668902,4.96,1,29.36206897,22.25229358,2.992776058,2.93444609,5615.37654,74,218,45905,56,310,930,4,3720,3313.676996,43987.69502,Dec,2023,25,15,21.5,24.9,86,83,3.9,43.32,172.5,14
7,3,12,7,Dec,255.79261,3395.54137,3,VP,"Apr,2023",30,0.021120811,35,5.337688,6.41625,160,480,2990.448153,18.66251944,4.52,1,28.19277108,34.57216495,4.611111111,5.542857143,23291.48451,105,582,45783,178,310,620,4,2480,2596.294994,34464.7449,Dec,2023,25,15,21.5,24.9,86,83,3.9,43.32,172.5,14
1-Jul,3.73,7,1-Jul,Dec,162.777116,2686.59349,3.73,VP,"Sep,2023",23,0.026260208,35,4.758558,7.687583,160,400,2964.868892,15.68627451,4.38,2,29.64130435,28.727797,4.110813226,6.641133665,28831.61894,130.55,867,45788,173,250,567.5,3,1702.5,1651.773144,27262.08139,Dec,2023,25,15,21.5,24.9,86,83,3.9,43.32,172.5,14
7A,1.54,43,7A,Dec,69.761621,475.375792,1.54,SD,"Oct,2024",12,0.010842016,35,5.712688,5.175781,160,160,1263.848033,14.71941122,14.71941122,3,25.68421053,24.54356846,4.935064935,4.471243043,6847.032,53.9,241,45783,301,250,600,4,2400,572.39259,3900.448082,Dec,2023,25,15,21.5,24.9,86,83,3.9,43.32,172.5,14
1-Aug,6,12,1-Aug,Dec,232.538737,6173.711581,6,VP,"Apr,2023",30,0.042241622,23,9.742889,12.242571,160,240,2911.384982,9.584664537,4.35,2,21.90594059,27.37923947,8.416666667,10.57608696,46256.53402,138,1459.5,45947,14,310,620,4,2480,2367.050556,62843.23914,Dec,2023,25,15,21.5,24.9,86,83,3.9,43.32,172.5,14
2-Aug,6.55,6,2-Aug,Dec,232.538737,6739.635143,6.55,VP,"Oct,2023",24,0.046113771,18,8.011687,10.56443,160,240,2092.848629,13.33333333,5.11,2,23.34558824,28.94423792,6.921119593,9.126378287,36051.38878,117.9,1076,45884,77,310,1860,4,7440,2325.387366,67396.35143,Dec,2023,25,15,21.5,24.9,86,83,3.9,43.32,172.5,14
9,6.45,18,9,Dec,127.896305,3650.206972,6.45,SD,"Oct,2022",36,0.045409744,22,7.492804,9.042758,160,160,2117.265197,8.786381109,8.786381109,1,20.30538922,23.18899414,6.472868217,7.811839323,29755.36054,141.9,1108.5,45783,55,250,385,4,1540,1278.963051,36502.06972,Dec,2023,25,15,21.5,24.9,86,83,3.9,43.32,172.5,14
9A,2,18,9A,Dec,232.538737,2057.90386,2,SD,Nov.2022,36,0.014080541,21,10.996924,13.449872,80,240,2583.505364,10.80108011,10.80108011,2,19.76315789,23.40163934,9.5,11.61904762,13219.45992,42,488,45783,23,180,1161,3,3483,2325.387366,20579.0386,Dec,2023,25,15,21.5,24.9,86,83,3.9,43.32,172.5,14
9A/2,2.4,23,9A/2,Dec,17.440405,185.211347,2.4,VP,Rev 2022,41,0.016896649,4,0,9.646424,40,40,80.225864,57.97101449,4.82,0,0,0,0,0,262.768599,9.6,80,45783,53,180,225,4,900,174.404052,1852.113474,Dec,2023,25,15,21.5,24.9,86,83,3.9,43.32,172.5,14
10,2.67,35,10,Jan,212.5,2521.666667,2.67,SD,Feb.2025,8,0.018797522,17,4.822097,5.155321,140,220,1544,14.24870466,14.24870466,3,25.04854369,22.5042735,4.822097378,5.155320555,5266,45.39,234,45783,178,180,360,3,1080,2500,29666.66667,Jan,2024,25.7,11.6,20.9,25.6,82.1,71.9,6.6,2.05,90.2,7
10/2A,3.6,37,10/2A,Jan,102,1632,3.6,VP,"June.,2024",17,0.025344973,23,7.12963,8.629227,160,320,1760,18.18181818,5.72,2,30.42857143,24.89293212,7.12962963,8.629227053,17786,82.8,714.5,45939,22,250,750,3,2250,974.666667,15594.66667,Jan,2024,25.7,11.6,20.9,25.6,82.1,71.9,6.6,2.05,90.2,7
3-Oct,2,12,3-Oct,Jan,170,1511.111111,2,VP,"Apr,2023",30,0.014080541,27,9,9.5,160,400,2477,16.14856681,4.4,3,24.55555556,27.34697856,9,9.5,14029,54,513,45824,137,310,1317.5,4,5270,2000,17777.77778,Jan,2024,25.7,11.6,20.9,25.6,82.1,71.9,6.6,2.05,90.2,7
4-Oct,1.25,48,4-Oct,Jan,214.2,1190,1.25,VP,"June,2024",17,0.008800338,21,10.4,9.333333,160,320,1871,17.10315339,4.39,3,17.35897436,25.12244898,10.4,9.333333333,6155,26.25,245,45918,43,250,500,4,2000,1124.2,6245.555556,Jan,2024,25.7,11.6,20.9,25.6,82.1,71.9,6.6,2.05,90.2,7
11,6.48,31,11,Jan,187,5385.6,6.48,VP,Oct.2024,14,0.045620952,35,4.73251,5.95679,160,240,1163,20.63628547,5.11,1,21.06521739,21.63508512,4.732510288,5.956790123,29229,226.8,1351,45788,173,310,2030.5,4,8122,2200,63360,Jan,2024,25.7,11.6,20.9,25.6,82.1,71.9,6.6,2.05,90.2,7
1-Nov,2.98,6,1-Nov,Jan,170,2251.555556,2.98,VP,"Oct,2023",23,0.020980006,22,10.626398,16.015863,160,320,3001,10.6631123,5.46,2,21.06315789,23.67047619,10.62639821,16.01586333,24854,65.56,1050,45903,58,310,2008.8,4,8035.2,2201.342282,29155.55556,Jan,2024,25.7,11.6,20.9,25.6,82.1,71.9,6.6,2.05,90.2,7
11/1A,2.27,24,11/1A,Jan,238,2401.155556,2.27,VP,"Apr,2022",42,0.015981414,20,11.306902,18.11674,80,240,3273,7.332722273,4.99,1,22.46753247,21.19513678,11.30690162,18.11674009,17433,45.4,822.5,45783,52,310,930,4,3720,2800,28248.88889,Jan,2024,25.7,11.6,20.9,25.6,82.1,71.9,6.6,2.05,90.2,7
12,6.39,17,12,Jan,136,3862.4,6.39,SD,"Nov,2022",35,0.044987328,34,4.042775,5.237964,160,400,1758,22.75312856,22.75312856,1,19.72258065,24.73989455,4.04277517,5.23796373,28154,217.26,1138,45783,183,250,667.5,4,2670,1600,45440,Jan,2024,25.7,11.6,20.9,25.6,82.1,71.9,6.6,2.05,90.2,7
1-Dec,4.25,7,1-Dec,Jan,238,4495.555556,4.25,VP,"Oct,2023",24,0.029921149,25,13.823529,16.475294,320,560,4441,12.60977257,4.56,3,24.52765957,27.20936875,13.82352941,16.47529412,47630,106.25,1750.5,45931,30,310,1156.3,4,4625.2,2800,52888.88889,Jan,2024,25.7,11.6,20.9,25.6,82.1,71.9,6.6,2.05,90.2,7
1A/1,4,21,1A/1,Jan,191.25,3400,4,VP,"Jul,2022",38,0.028161081,22,7.833333,9.420455,160,320,2352,13.60544218,6.08,3,18.40425532,25.09167672,7.833333333,9.420454545,20801,88,829,45931,23,200 Kgs.,180,250,310,2350,41777.77778,Jan,2024,25.7,11.6,20.9,25.6,82.1,71.9,6.6,2.05,90.2,7
1A/2,4.09,23,1A/2,Jan,136,2472.177778,4.09,VP,"Apr,2022",40,0.028794706,22,6.356968,9.274283,80,320,1930,16.58031088,5.03,3,17.88461538,23.10245656,6.356968215,9.274283174,19279,89.98,834.5,45931,30,250,1000,3,3000,1779.462103,32346.66667,Jan,2024,25.7,11.6,20.9,25.6,82.1,71.9,6.6,2.05,90.2,7
1B/1,2.31,23,1B/1,Jan,136,1396.266667,2.31,VP,"May,2022",40,0.016263025,19,10.606061,8.98838,80,240,1718,13.96973225,4.53,2,23.18367347,25.49809886,10.60606061,8.988380041,10059,43.89,394.5,,80,250,1022.5,3,3067.5,1859.74026,19093.33333,Jan,2024,25.7,11.6,20.9,25.6,82.1,71.9,6.6,2.05,90.2,7
2,5.24,36,2,Jan,153,3563.2,5.24,VP,"Jan,2025",2,0.0369,11,0,4.510756,0,80,618,12.94498382,4.39,0,0,21.56923077,0,4.510756419,5608,58,260,45945,16,250,1625,4,6500,1828.625954,42586.66667,Jan,2024,25.7,11.6,20.9,25.6,82.1,71.9,6.6,2.05,90.2,7
2A,6.5,31,2A,Jan,153,4420,6.5,VP,"Jan 2025,",2,0.0458,16,0,4.980769,0,80,920,8.695652174,4.66,0,0,20.91505792,0,4.980769231,10834,104,518,45934,27,250,577.5,3,1732.5,1784.615385,51555.55556,Jan,2024,25.7,11.6,20.9,25.6,82.1,71.9,6.6,2.05,90.2,7
3,5,37,3,Jan,102,2266.666667,5,VP,"Aug, 2024",15,0.035201352,21,7.066667,7.585714,160,240,1505,15.94684385,5.42,2,24.03773585,24.3992467,7.066666667,7.585714286,19434,105,796.5,45799,162,250,1310,4,5240,1496.8,33262.22222,Jan,2024,25.7,11.6,20.9,25.6,82.1,71.9,6.6,2.05,90.2,7
4,8.09,17,4,Jan,187,6723.688889,8.09,VP,"Nov,2022",35,0.056955787,16,7.10754,10.56474,160,240,1906,12.59181532,4.75,1,20.74782609,26.17769653,7.107540173,10.56474042,35798,129.44,1367.5,45840,121,310,1550,4,6200,2175.278121,78213.33333,Jan,2024,25.7,11.6,20.9,25.6,82.1,71.9,6.6,2.05,90.2,7
5A/1,5.7,31,5A/1,Jan,170,4306.666667,5.7,VP,"Sep,2021",49,0.040129541,20,4.912281,8.355263,0,80,1826,4.381161008,4.381161008,1,22.82142857,23.89186352,4.912280702,8.355263158,22757,114,952.5,45783,44,310,2507.9,3,7523.7,2035.087719,51555.55556,Jan,2024,25.7,11.6,20.9,25.6,82.1,71.9,6.6,2.05,90.2,7
5A/2,7.62,29,5A/2,Jan,128.106299,4338.533333,7.62,VP,"Nov,2021",47,0.05364686,19,3.910761,8.077773,0,80,1616,4.95049505,5,0,18.43624161,24.38905515,3.910761155,8.077773173,28523,144.78,1169.5,45783,81,310,1767,4,7068,2049.606299,69413.33333,Jan,2024,25.7,11.6,20.9,25.6,82.1,71.9,6.6,2.05,90.2,7
5B/1,4.18,30,5B/1,Jan,187,3474.044444,4.18,VP,"May,2024",17,0.02942833,34,4.30622,5.389811,240,400,1964,20.36659878,5.35,1,28.82407407,28.95953003,4.306220096,5.389811427,22183,142.12,766,45765,196,310,2362.2,4,9448.8,2283.732057,42426.66667,Jan,2024,25.7,11.6,20.9,25.6,82.1,71.9,6.6,2.05,90.2,7
6A/1,2,12,6A/1,Jan,187,1662.222222,2,VP,"Apr,2023",30,0.014080541,33,4.666667,6.939394,160,400,2558,15.63721658,3.97,2,26.64285714,29.48689956,4.666666667,6.939393939,13505,66,458,45818,143,310,1116,4,4464,2375,21111.11111,Jan,2024,25.7,11.6,20.9,25.6,82.1,71.9,6.6,2.05,90.2,7
6A/2,2,36,6A/2,Jan,255,2266.666667,2,VP,"Feb,2025",8,0.0141,26,5.833333,6.471154,160,240,1693,14.1760189,4.85,3,21.84285714,20.23774146,5.833333333,6.471153846,6810,52,336.5,45911,50,310,923.8,4,3695.2,3433,30515.55556,Jan,2024,25.7,11.6,20.9,25.6,82.1,71.9,6.6,2.05,90.2,7
6A/2/1,2,42,6A/2/1,Jan,280,2488.888889,2,VP,"May,2024",17,0.014080541,28,6.583333,9.892857,240,480,2473,19.40962394,4.3,3,25.21518987,23.84115523,6.583333333,9.892857143,13208,56,554,45779,182,310,620,4,2480,1391,12364.44444,Jan,2024,25.7,11.6,20.9,25.6,82.1,71.9,6.6,2.05,90.2,7
6B/2/3,3,30,6B/2/3,Jan,272,3626.666667,3,VP,"Oct,2021",48,0.021120811,33,7.933333,10.535354,160,400,2956,13.53179973,4.03,2,22.09243697,22.56088207,7.933333333,10.53535354,23531,99,1043,45783,249,310,1295.8,4,5183.2,3200,42666.66667,Jan,2024,25.7,11.6,20.9,25.6,82.1,71.9,6.6,2.05,90.2,7
6B/4,3,17,6B/4,Jan,242.25,3230,3,VP,"Feb,2025",8,0.0227,23,2.992776,2.934446,140,300,1193,25.14668902,4.96,1,29.36206897,22.25229358,2.992776058,2.93444609,4851,74,218,45905,56,310,930,4,3720,2850,38000,Jan,2024,25.7,11.6,20.9,25.6,82.1,71.9,6.6,2.05,90.2,7
7,3,12,7,Jan,187,2493.333333,3,VP,"Apr,2023",30,0.021120811,35,4.611111,5.542857,160,480,2572,18.66251944,4.52,1,28.19277108,34.57216495,4.611111111,5.542857143,20121,105,582,45783,178,310,620,4,2480,2233,29773.33333,Jan,2024,25.7,11.6,20.9,25.6,82.1,71.9,6.6,2.05,90.2,7
1-Jul,3.73,7,1-Jul,Jan,119,1972.755556,3.73,VP,"Sep,2023",23,0.026260208,35,4.110813,6.641134,160,400,2550,15.68627451,4.38,2,29.64130435,28.727797,4.110813226,6.641133665,24907,130.55,867,45788,173,250,567.5,3,1702.5,1420.643432,23551.11111,Jan,2024,25.7,11.6,20.9,25.6,82.1,71.9,6.6,2.05,90.2,7
7A,1.54,43,7A,Jan,102.298701,700.177778,1.54,SD,"Oct,2024",12,0.010842016,35,4.935065,4.471243,160,160,1087,14.71941122,14.71941122,3,25.68421053,24.54356846,4.935064935,4.471243043,5915,53.9,241,45783,301,250,600,4,2400,492.298701,3369.511111,Jan,2024,25.7,11.6,20.9,25.6,82.1,71.9,6.6,2.05,90.2,7
1-Aug,6,12,1-Aug,Jan,170,4533.333333,6,VP,"Apr,2023",30,0.042241622,23,8.416667,10.576087,160,240,2504,9.584664537,4.35,2,21.90594059,27.37923947,8.416666667,10.57608696,39960,138,1459.5,45947,14,310,620,4,2480,2035.833333,54288.88889,Jan,2024,25.7,11.6,20.9,25.6,82.1,71.9,6.6,2.05,90.2,7
2-Aug,6.55,6,2-Aug,Jan,170,4948.888889,6.55,VP,"Oct,2023",24,0.046113771,18,6.92112,9.126378,160,240,1800,13.33333333,5.11,2,23.34558824,28.94423792,6.921119593,9.126378287,31144,117.9,1076,45884,77,310,1860,4,7440,2000,58222.22222,Jan,2024,25.7,11.6,20.9,25.6,82.1,71.9,6.6,2.05,90.2,7
9,6.45,18,9,Jan,93.5,2680.333333,6.45,SD,"Oct,2022",36,0.045409744,22,6.472868,7.811839,160,160,1821,8.786381109,8.786381109,1,20.30538922,23.18899414,6.472868217,7.811839323,25705,141.9,1108.5,45783,55,250,385,4,1540,1100,31533.33333,Jan,2024,25.7,11.6,20.9,25.6,82.1,71.9,6.6,2.05,90.2,7
9A,2,18,9A,Jan,170,1511.111111,2,SD,Nov.2022,36,0.014080541,21,9.5,11.619048,80,240,2222,10.80108011,10.80108011,2,19.76315789,23.40163934,9.5,11.61904762,11420,42,488,45783,23,180,1161,3,3483,2000,17777.77778,Jan,2024,25.7,11.6,20.9,25.6,82.1,71.9,6.6,2.05,90.2,7
9A/2,2.4,23,9A/2,Jan,12.75,136,2.4,VP,Rev 2022,41,0.016896649,4,0,8.333333,40,40,69,57.97101449,4.82,0,0,0,0,0,227,9.6,80,45783,53,180,225,4,900,150,1600,Jan,2024,25.7,11.6,20.9,25.6,82.1,71.9,6.6,2.05,90.2,7
10,2.67,35,10,Feb,187.5,2225,2.67,SD,Feb.2025,8,0.018797522,17,4.822097,5.155321,140,220,1544,14.24870466,14.24870466,3,25.04854369,22.5042735,4.822097378,5.155320555,5266,45.39,234,45783,178,180,360,3,1080,2500,29666.66667,Feb,2024,27.1,12.3,21.9,27.6,71.5,56.1,8.5,3.09,9.2,2
10/2A,3.6,37,10/2A,Feb,90,1440,3.6,VP,"June.,2024",17,0.025344973,23,7.12963,8.629227,160,320,1760,18.18181818,5.72,2,30.42857143,24.89293212,7.12962963,8.629227053,17786,82.8,714.5,45939,22,250,750,3,2250,974.666667,15594.66667,Feb,2024,27.1,12.3,21.9,27.6,71.5,56.1,8.5,3.09,9.2,2
3-Oct,2,12,3-Oct,Feb,150,1333.333333,2,VP,"Apr,2023",30,0.014080541,27,9,9.5,160,400,2477,16.14856681,4.4,3,24.55555556,27.34697856,9,9.5,14029,54,513,45824,137,310,1317.5,4,5270,2000,17777.77778,Feb,2024,27.1,12.3,21.9,27.6,71.5,56.1,8.5,3.09,9.2,2
4-Oct,1.25,48,4-Oct,Feb,105,583.333333,1.25,VP,"June,2024",17,0.008800338,21,10.4,9.333333,160,320,1871,17.10315339,4.39,3,17.35897436,25.12244898,10.4,9.333333333,6155,26.25,245,45918,43,250,500,4,2000,1124.2,6245.555556,Feb,2024,27.1,12.3,21.9,27.6,71.5,56.1,8.5,3.09,9.2,2
11,6.48,31,11,Feb,165,4752,6.48,VP,Oct.2024,14,0.045620952,35,4.73251,5.95679,160,240,1163,20.63628547,5.11,1,21.06521739,21.63508512,4.732510288,5.956790123,29229,226.8,1351,45788,173,310,2030.5,4,8122,2200,63360,Feb,2024,27.1,12.3,21.9,27.6,71.5,56.1,8.5,3.09,9.2,2
1-Nov,2.98,6,1-Nov,Feb,82.885906,1097.777778,2.98,VP,"Oct,2023",23,0.020980006,22,10.626398,16.015863,160,320,3001,10.6631123,5.46,2,21.06315789,23.67047619,10.62639821,16.01586333,24854,65.56,1050,45903,58,310,2008.8,4,8035.2,2201.342282,29155.55556,Feb,2024,27.1,12.3,21.9,27.6,71.5,56.1,8.5,3.09,9.2,2
11/1A,2.27,24,11/1A,Feb,210,2118.666667,2.27,VP,"Apr,2022",42,0.015981414,20,11.306902,18.11674,80,240,3273,7.332722273,4.99,1,22.46753247,21.19513678,11.30690162,18.11674009,17433,45.4,822.5,45783,52,310,930,4,3720,2800,28248.88889,Feb,2024,27.1,12.3,21.9,27.6,71.5,56.1,8.5,3.09,9.2,2
12,6.39,17,12,Feb,120,3408,6.39,SD,"Nov,2022",35,0.044987328,34,4.042775,5.237964,160,400,1758,22.75312856,22.75312856,1,19.72258065,24.73989455,4.04277517,5.23796373,28154,217.26,1138,45783,183,250,667.5,4,2670,1600,45440,Feb,2024,27.1,12.3,21.9,27.6,71.5,56.1,8.5,3.09,9.2,2
1-Dec,4.25,7,1-Dec,Feb,210,3966.666667,4.25,VP,"Oct,2023",24,0.029921149,25,13.823529,16.475294,320,560,4441,12.60977257,4.56,3,24.52765957,27.20936875,13.82352941,16.47529412,47630,106.25,1750.5,45931,30,310,1156.3,4,4625.2,2800,52888.88889,Feb,2024,27.1,12.3,21.9,27.6,71.5,56.1,8.5,3.09,9.2,2
1A/1,4,21,1A/1,Feb,168.75,3000,4,VP,"Jul,2022",38,0.028161081,22,7.833333,9.420455,160,320,2352,13.60544218,6.08,3,18.40425532,25.09167672,7.833333333,9.420454545,20801,88,829,45931,23,200 Kgs.,180,250,310,2350,41777.77778,Feb,2024,27.1,12.3,21.9,27.6,71.5,56.1,8.5,3.09,9.2,2
1A/2,4.09,23,1A/2,Feb,120,2181.333333,4.09,VP,"Apr,2022",40,0.028794706,22,6.356968,9.274283,80,320,1930,16.58031088,5.03,3,17.88461538,23.10245656,6.356968215,9.274283174,19279,89.98,834.5,45931,30,250,1000,3,3000,1779.462103,32346.66667,Feb,2024,27.1,12.3,21.9,27.6,71.5,56.1,8.5,3.09,9.2,2
1B/1,2.31,23,1B/1,Feb,120,1232,2.31,VP,"May,2022",40,0.016263025,19,10.606061,8.98838,80,240,1718,13.96973225,4.53,2,23.18367347,25.49809886,10.60606061,8.988380041,10059,43.89,394.5,,80,250,1022.5,3,3067.5,1859.74026,19093.33333,Feb,2024,27.1,12.3,21.9,27.6,71.5,56.1,8.5,3.09,9.2,2
2,5.24,36,2,Feb,135,3144,5.24,VP,"Jan,2025",2,0.0369,11,0,4.510756,0,80,618,12.94498382,4.39,0,0,21.56923077,0,4.510756419,5608,58,260,45945,16,250,1625,4,6500,1828.625954,42586.66667,Feb,2024,27.1,12.3,21.9,27.6,71.5,56.1,8.5,3.09,9.2,2
2A,6.5,31,2A,Feb,119.615385,3455.555556,6.5,VP,"Jan 2025,",2,0.0458,16,0,4.980769,0,80,920,8.695652174,4.66,0,0,20.91505792,0,4.980769231,10834,104,518,45934,27,250,577.5,3,1732.5,1784.615385,51555.55556,Feb,2024,27.1,12.3,21.9,27.6,71.5,56.1,8.5,3.09,9.2,2
3,5,37,3,Feb,90,2000,5,VP,"Aug, 2024",15,0.035201352,21,7.066667,7.585714,160,240,1505,15.94684385,5.42,2,24.03773585,24.3992467,7.066666667,7.585714286,19434,105,796.5,45799,162,250,1310,4,5240,1496.8,33262.22222,Feb,2024,27.1,12.3,21.9,27.6,71.5,56.1,8.5,3.09,9.2,2
4,8.09,17,4,Feb,140.278121,5043.777778,8.09,VP,"Nov,2022",35,0.056955787,16,7.10754,10.56474,160,240,1906,12.59181532,4.75,1,20.74782609,26.17769653,7.107540173,10.56474042,35798,129.44,1367.5,45840,121,310,1550,4,6200,2175.278121,78213.33333,Feb,2024,27.1,12.3,21.9,27.6,71.5,56.1,8.5,3.09,9.2,2
5A/1,5.7,31,5A/1,Feb,150,3800,5.7,VP,"Sep,2021",49,0.040129541,20,4.912281,8.355263,0,80,1826,4.381161008,4.381161008,1,22.82142857,23.89186352,4.912280702,8.355263158,22757,114,952.5,45783,44,310,2507.9,3,7523.7,2035.087719,51555.55556,Feb,2024,27.1,12.3,21.9,27.6,71.5,56.1,8.5,3.09,9.2,2
5A/2,7.62,29,5A/2,Feb,157.5,5334,7.62,VP,"Nov,2021",47,0.05364686,19,3.910761,8.077773,0,80,1616,4.95049505,5,0,18.43624161,24.38905515,3.910761155,8.077773173,28523,144.78,1169.5,45783,81,310,1767,4,7068,2049.606299,69413.33333,Feb,2024,27.1,12.3,21.9,27.6,71.5,56.1,8.5,3.09,9.2,2
5B/1,4.18,30,5B/1,Feb,165,3065.333333,4.18,VP,"May,2024",17,0.02942833,34,4.30622,5.389811,240,400,1964,20.36659878,5.35,1,28.82407407,28.95953003,4.306220096,5.389811427,22183,142.12,766,45765,196,310,2362.2,4,9448.8,2283.732057,42426.66667,Feb,2024,27.1,12.3,21.9,27.6,71.5,56.1,8.5,3.09,9.2,2
6A/1,2,12,6A/1,Feb,165,1466.666667,2,VP,"Apr,2023",30,0.014080541,33,4.666667,6.939394,160,400,2558,15.63721658,3.97,2,26.64285714,29.48689956,4.666666667,6.939393939,13505,66,458,45818,143,310,1116,4,4464,2375,21111.11111,Feb,2024,27.1,12.3,21.9,27.6,71.5,56.1,8.5,3.09,9.2,2
6A/2,2,36,6A/2,Feb,258,2293.333333,2,VP,"Feb,2025",8,0.0141,26,5.833333,6.471154,160,240,1693,14.1760189,4.85,3,21.84285714,20.23774146,5.833333333,6.471153846,6810,52,336.5,45911,50,310,923.8,4,3695.2,3433,30515.55556,Feb,2024,27.1,12.3,21.9,27.6,71.5,56.1,8.5,3.09,9.2,2
6A/2/1,2,42,6A/2/1,Feb,120,1066.666667,2,VP,"May,2024",17,0.014080541,28,6.583333,9.892857,240,480,2473,19.40962394,4.3,3,25.21518987,23.84115523,6.583333333,9.892857143,13208,56,554,45779,182,310,620,4,2480,1391,12364.44444,Feb,2024,27.1,12.3,21.9,27.6,71.5,56.1,8.5,3.09,9.2,2
6B/2/3,3,30,6B/2/3,Feb,240,3200,3,VP,"Oct,2021",48,0.021120811,33,7.933333,10.535354,160,400,2956,13.53179973,4.03,2,22.09243697,22.56088207,7.933333333,10.53535354,23531,99,1043,45783,249,310,1295.8,4,5183.2,3200,42666.66667,Feb,2024,27.1,12.3,21.9,27.6,71.5,56.1,8.5,3.09,9.2,2
6B/4,3,17,6B/4,Feb,213.75,2850,3,VP,"Feb,2025",8,0.0227,23,2.992776,2.934446,140,300,1193,25.14668902,4.96,1,29.36206897,22.25229358,2.992776058,2.93444609,4851,74,218,45905,56,310,930,4,3720,2850,38000,Feb,2024,27.1,12.3,21.9,27.6,71.5,56.1,8.5,3.09,9.2,2
7,3,12,7,Feb,165,2200,3,VP,"Apr,2023",30,0.021120811,35,4.611111,5.542857,160,480,2572,18.66251944,4.52,1,28.19277108,34.57216495,4.611111111,5.542857143,20121,105,582,45783,178,310,620,4,2480,2233,29773.33333,Feb,2024,27.1,12.3,21.9,27.6,71.5,56.1,8.5,3.09,9.2,2
1-Jul,3.73,7,1-Jul,Feb,105,1740.666667,3.73,VP,"Sep,2023",23,0.026260208,35,4.110813,6.641134,160,400,2550,15.68627451,4.38,2,29.64130435,28.727797,4.110813226,6.641133665,24907,130.55,867,45788,173,250,567.5,3,1702.5,1420.643432,23551.11111,Feb,2024,27.1,12.3,21.9,27.6,71.5,56.1,8.5,3.09,9.2,2
7A,1.54,43,7A,Feb,45,308,1.54,SD,"Oct,2024",12,0.010842016,35,4.935065,4.471243,160,160,1087,14.71941122,14.71941122,3,25.68421053,24.54356846,4.935064935,4.471243043,5915,53.9,241,45783,301,250,600,4,2400,492.298701,3369.511111,Feb,2024,27.1,12.3,21.9,27.6,71.5,56.1,8.5,3.09,9.2,2
1-Aug,6,12,1-Aug,Feb,150,4000,6,VP,"Apr,2023",30,0.042241622,23,8.416667,10.576087,160,240,2504,9.584664537,4.35,2,21.90594059,27.37923947,8.416666667,10.57608696,39960,138,1459.5,45947,14,310,620,4,2480,2035.833333,54288.88889,Feb,2024,27.1,12.3,21.9,27.6,71.5,56.1,8.5,3.09,9.2,2
2-Aug,6.55,6,2-Aug,Feb,150,4366.666667,6.55,VP,"Oct,2023",24,0.046113771,18,6.92112,9.126378,160,240,1800,13.33333333,5.11,2,23.34558824,28.94423792,6.921119593,9.126378287,31144,117.9,1076,45884,77,310,1860,4,7440,2000,58222.22222,Feb,2024,27.1,12.3,21.9,27.6,71.5,56.1,8.5,3.09,9.2,2
9,6.45,18,9,Feb,82.5,2365,6.45,SD,"Oct,2022",36,0.045409744,22,6.472868,7.811839,160,160,1821,8.786381109,8.786381109,1,20.30538922,23.18899414,6.472868217,7.811839323,25705,141.9,1108.5,45783,55,250,385,4,1540,1100,31533.33333,Feb,2024,27.1,12.3,21.9,27.6,71.5,56.1,8.5,3.09,9.2,2
9A,2,18,9A,Feb,150,1333.333333,2,SD,Nov.2022,36,0.014080541,21,9.5,11.619048,80,240,2222,10.80108011,10.80108011,2,19.76315789,23.40163934,9.5,11.61904762,11420,42,488,45783,23,180,1161,3,3483,2000,17777.77778,Feb,2024,27.1,12.3,21.9,27.6,71.5,56.1,8.5,3.09,9.2,2
9A/2,2.4,23,9A/2,Feb,11.25,120,2.4,VP,Rev 2022,41,0.016896649,4,0,8.333333,40,40,69,57.97101449,4.82,0,0,0,0,0,227,9.6,80,45783,53,180,225,4,900,150,1600,Feb,2024,27.1,12.3,21.9,27.6,71.5,56.1,8.5,3.09,9.2,2
10,2.67,35,10,Mar,187.5,2225,2.67,SD,Feb.2025,8,0.018797522,17,4.822097,5.155321,140,220,1544,14.24870466,14.24870466,3,25.04854369,22.5042735,4.822097378,5.155320555,5266,45.39,234,45783,178,180,360,3,1080,2500,29666.66667,Mar,2024,28.6,10.6,22.5,29.5,70.1,56.3,2.9,3.3,32.6,4
10/2A,3.6,37,10/2A,Mar,90,1440,3.6,VP,"June.,2024",17,0.025344973,23,7.12963,8.629227,160,320,1760,18.18181818,5.72,2,30.42857143,24.89293212,7.12962963,8.629227053,17786,82.8,714.5,45939,22,250,750,3,2250,974.666667,15594.66667,Mar,2024,28.6,10.6,22.5,29.5,70.1,56.3,2.9,3.3,32.6,4
3-Oct,2,12,3-Oct,Mar,150,1333.333333,2,VP,"Apr,2023",30,0.014080541,27,9,9.5,160,400,2477,16.14856681,4.4,3,24.55555556,27.34697856,9,9.5,14029,54,513,45824,137,310,1317.5,4,5270,2000,17777.77778,Mar,2024,28.6,10.6,22.5,29.5,70.1,56.3,2.9,3.3,32.6,4
4-Oct,1.25,48,4-Oct,Mar,105,583.333333,1.25,VP,"June,2024",17,0.008800338,21,10.4,9.333333,160,320,1871,17.10315339,4.39,3,17.35897436,25.12244898,10.4,9.333333333,6155,26.25,245,45918,43,250,500,4,2000,1124.2,6245.555556,Mar,2024,28.6,10.6,22.5,29.5,70.1,56.3,2.9,3.3,32.6,4
11,6.48,31,11,Mar,165,4752,6.48,VP,Oct.2024,14,0.045620952,35,4.73251,5.95679,160,240,1163,20.63628547,5.11,1,21.06521739,21.63508512,4.732510288,5.956790123,29229,226.8,1351,45788,173,310,2030.5,4,8122,2200,63360,Mar,2024,28.6,10.6,22.5,29.5,70.1,56.3,2.9,3.3,32.6,4
1-Nov,2.98,6,1-Nov,Mar,150,1986.666667,2.98,VP,"Oct,2023",23,0.020980006,22,10.626398,16.015863,160,320,3001,10.6631123,5.46,2,21.06315789,23.67047619,10.62639821,16.01586333,24854,65.56,1050,45903,58,310,2008.8,4,8035.2,2201.342282,29155.55556,Mar,2024,28.6,10.6,22.5,29.5,70.1,56.3,2.9,3.3,32.6,4
11/1A,2.27,24,11/1A,Mar,210,2118.666667,2.27,VP,"Apr,2022",42,0.015981414,20,11.306902,18.11674,80,240,3273,7.332722273,4.99,1,22.46753247,21.19513678,11.30690162,18.11674009,17433,45.4,822.5,45783,52,310,930,4,3720,2800,28248.88889,Mar,2024,28.6,10.6,22.5,29.5,70.1,56.3,2.9,3.3,32.6,4
12,6.39,17,12,Mar,120,3408,6.39,SD,"Nov,2022",35,0.044987328,34,4.042775,5.237964,160,400,1758,22.75312856,22.75312856,1,19.72258065,24.73989455,4.04277517,5.23796373,28154,217.26,1138,45783,183,250,667.5,4,2670,1600,45440,Mar,2024,28.6,10.6,22.5,29.5,70.1,56.3,2.9,3.3,32.6,4
1-Dec,4.25,7,1-Dec,Mar,210,3966.666667,4.25,VP,"Oct,2023",24,0.029921149,25,13.823529,16.475294,320,560,4441,12.60977257,4.56,3,24.52765957,27.20936875,13.82352941,16.47529412,47630,106.25,1750.5,45931,30,310,1156.3,4,4625.2,2800,52888.88889,Mar,2024,28.6,10.6,22.5,29.5,70.1,56.3,2.9,3.3,32.6,4
1A/1,4,21,1A/1,Mar,168.75,3000,4,VP,"Jul,2022",38,0.028161081,22,7.833333,9.420455,160,320,2352,13.60544218,6.08,3,18.40425532,25.09167672,7.833333333,9.420454545,20801,88,829,45931,23,200 Kgs.,180,250,310,2350,41777.77778,Mar,2024,28.6,10.6,22.5,29.5,70.1,56.3,2.9,3.3,32.6,4
1A/2,4.09,23,1A/2,Mar,120,2181.333333,4.09,VP,"Apr,2022",40,0.028794706,22,6.356968,9.274283,80,320,1930,16.58031088,5.03,3,17.88461538,23.10245656,6.356968215,9.274283174,19279,89.98,834.5,45931,30,250,1000,3,3000,1779.462103,32346.66667,Mar,2024,28.6,10.6,22.5,29.5,70.1,56.3,2.9,3.3,32.6,4
1B/1,2.31,23,1B/1,Mar,120,1232,2.31,VP,"May,2022",40,0.016263025,19,10.606061,8.98838,80,240,1718,13.96973225,4.53,2,23.18367347,25.49809886,10.60606061,8.988380041,10059,43.89,394.5,,80,250,1022.5,3,3067.5,1859.74026,19093.33333,Mar,2024,28.6,10.6,22.5,29.5,70.1,56.3,2.9,3.3,32.6,4
2,5.24,36,2,Mar,135,3144,5.24,VP,"Jan,2025",2,0.0369,11,0,4.510756,0,80,618,12.94498382,4.39,0,0,21.56923077,0,4.510756419,5608,58,260,45945,16,250,1625,4,6500,1828.625954,42586.66667,Mar,2024,28.6,10.6,22.5,29.5,70.1,56.3,2.9,3.3,32.6,4
2A,6.5,31,2A,Mar,135,3900,6.5,VP,"Jan 2025,",2,0.0458,16,0,4.980769,0,80,920,8.695652174,4.66,0,0,20.91505792,0,4.980769231,10834,104,518,45934,27,250,577.5,3,1732.5,1784.615385,51555.55556,Mar,2024,28.6,10.6,22.5,29.5,70.1,56.3,2.9,3.3,32.6,4
3,5,37,3,Mar,90,2000,5,VP,"Aug, 2024",15,0.035201352,21,7.066667,7.585714,160,240,1505,15.94684385,5.42,2,24.03773585,24.3992467,7.066666667,7.585714286,19434,105,796.5,45799,162,250,1310,4,5240,1496.8,33262.22222,Mar,2024,28.6,10.6,22.5,29.5,70.1,56.3,2.9,3.3,32.6,4
4,8.09,17,4,Mar,165,5932.666667,8.09,VP,"Nov,2022",35,0.056955787,16,7.10754,10.56474,160,240,1906,12.59181532,4.75,1,20.74782609,26.17769653,7.107540173,10.56474042,35798,129.44,1367.5,45840,121,310,1550,4,6200,2175.278121,78213.33333,Mar,2024,28.6,10.6,22.5,29.5,70.1,56.3,2.9,3.3,32.6,4
5A/1,5.7,31,5A/1,Mar,150,3800,5.7,VP,"Sep,2021",49,0.040129541,20,4.912281,8.355263,0,80,1826,4.381161008,4.381161008,1,22.82142857,23.89186352,4.912280702,8.355263158,22757,114,952.5,45783,44,310,2507.9,3,7523.7,2035.087719,51555.55556,Mar,2024,28.6,10.6,22.5,29.5,70.1,56.3,2.9,3.3,32.6,4
5A/2,7.62,29,5A/2,Mar,157.5,5334,7.62,VP,"Nov,2021",47,0.05364686,19,3.910761,8.077773,0,80,1616,4.95049505,5,0,18.43624161,24.38905515,3.910761155,8.077773173,28523,144.78,1169.5,45783,81,310,1767,4,7068,2049.606299,69413.33333,Mar,2024,28.6,10.6,22.5,29.5,70.1,56.3,2.9,3.3,32.6,4
5B/1,4.18,30,5B/1,Mar,165,3065.333333,4.18,VP,"May,2024",17,0.02942833,34,4.30622,5.389811,240,400,1964,20.36659878,5.35,1,28.82407407,28.95953003,4.306220096,5.389811427,22183,142.12,766,45765,196,310,2362.2,4,9448.8,2283.732057,42426.66667,Mar,2024,28.6,10.6,22.5,29.5,70.1,56.3,2.9,3.3,32.6,4
6A/1,2,12,6A/1,Mar,165,1466.666667,2,VP,"Apr,2023",30,0.014080541,33,4.666667,6.939394,160,400,2558,15.63721658,3.97,2,26.64285714,29.48689956,4.666666667,6.939393939,13505,66,458,45818,143,310,1116,4,4464,2375,21111.11111,Mar,2024,28.6,10.6,22.5,29.5,70.1,56.3,2.9,3.3,32.6,4
6A/2,2,36,6A/2,Mar,225,2000,2,VP,"Feb,2025",8,0.0141,26,5.833333,6.471154,160,240,1693,14.1760189,4.85,3,21.84285714,20.23774146,5.833333333,6.471153846,6810,52,336.5,45911,50,310,923.8,4,3695.2,3433,30515.55556,Mar,2024,28.6,10.6,22.5,29.5,70.1,56.3,2.9,3.3,32.6,4
6A/2/1,2,42,6A/2/1,Mar,91,808.888889,2,VP,"May,2024",17,0.014080541,28,6.583333,9.892857,240,480,2473,19.40962394,4.3,3,25.21518987,23.84115523,6.583333333,9.892857143,13208,56,554,45779,182,310,620,4,2480,1391,12364.44444,Mar,2024,28.6,10.6,22.5,29.5,70.1,56.3,2.9,3.3,32.6,4
6B/2/3,3,30,6B/2/3,Mar,240,3200,3,VP,"Oct,2021",48,0.021120811,33,7.933333,10.535354,160,400,2956,13.53179973,4.03,2,22.09243697,22.56088207,7.933333333,10.53535354,23531,99,1043,45783,249,310,1295.8,4,5183.2,3200,42666.66667,Mar,2024,28.6,10.6,22.5,29.5,70.1,56.3,2.9,3.3,32.6,4
6B/4,3,17,6B/4,Mar,213.75,2850,3,VP,"Feb,2025",8,0.0227,23,2.992776,2.934446,140,300,1193,25.14668902,4.96,1,29.36206897,22.25229358,2.992776058,2.93444609,4851,74,218,45905,56,310,930,4,3720,2850,38000,Mar,2024,28.6,10.6,22.5,29.5,70.1,56.3,2.9,3.3,32.6,4
7,3,12,7,Mar,165,2200,3,VP,"Apr,2023",30,0.021120811,35,4.611111,5.542857,160,480,2572,18.66251944,4.52,1,28.19277108,34.57216495,4.611111111,5.542857143,20121,105,582,45783,178,310,620,4,2480,2233,29773.33333,Mar,2024,28.6,10.6,22.5,29.5,70.1,56.3,2.9,3.3,32.6,4
1-Jul,3.73,7,1-Jul,Mar,105,1740.666667,3.73,VP,"Sep,2023",23,0.026260208,35,4.110813,6.641134,160,400,2550,15.68627451,4.38,2,29.64130435,28.727797,4.110813226,6.641133665,24907,130.55,867,45788,173,250,567.5,3,1702.5,1420.643432,23551.11111,Mar,2024,28.6,10.6,22.5,29.5,70.1,56.3,2.9,3.3,32.6,4
7A,1.54,43,7A,Mar,45,308,1.54,SD,"Oct,2024",12,0.010842016,35,4.935065,4.471243,160,160,1087,14.71941122,14.71941122,3,25.68421053,24.54356846,4.935064935,4.471243043,5915,53.9,241,45783,301,250,600,4,2400,492.298701,3369.511111,Mar,2024,28.6,10.6,22.5,29.5,70.1,56.3,2.9,3.3,32.6,4
1-Aug,6,12,1-Aug,Mar,150,4000,6,VP,"Apr,2023",30,0.042241622,23,8.416667,10.576087,160,240,2504,9.584664537,4.35,2,21.90594059,27.37923947,8.416666667,10.57608696,39960,138,1459.5,45947,14,310,620,4,2480,2035.833333,54288.88889,Mar,2024,28.6,10.6,22.5,29.5,70.1,56.3,2.9,3.3,32.6,4
2-Aug,6.55,6,2-Aug,Mar,150,4366.666667,6.55,VP,"Oct,2023",24,0.046113771,18,6.92112,9.126378,160,240,1800,13.33333333,5.11,2,23.34558824,28.94423792,6.921119593,9.126378287,31144,117.9,1076,45884,77,310,1860,4,7440,2000,58222.22222,Mar,2024,28.6,10.6,22.5,29.5,70.1,56.3,2.9,3.3,32.6,4
9,6.45,18,9,Mar,82.5,2365,6.45,SD,"Oct,2022",36,0.045409744,22,6.472868,7.811839,160,160,1821,8.786381109,8.786381109,1,20.30538922,23.18899414,6.472868217,7.811839323,25705,141.9,1108.5,45783,55,250,385,4,1540,1100,31533.33333,Mar,2024,28.6,10.6,22.5,29.5,70.1,56.3,2.9,3.3,32.6,4
9A,2,18,9A,Mar,150,1333.333333,2,SD,Nov.2022,36,0.014080541,21,9.5,11.619048,80,240,2222,10.80108011,10.80108011,2,19.76315789,23.40163934,9.5,11.61904762,11420,42,488,45783,23,180,1161,3,3483,2000,17777.77778,Mar,2024,28.6,10.6,22.5,29.5,70.1,56.3,2.9,3.3,32.6,4
9A/2,2.4,23,9A/2,Mar,11.25,120,2.4,VP,Rev 2022,41,0.016896649,4,0,8.333333,40,40,69,57.97101449,4.82,0,0,0,0,0,227,9.6,80,45783,53,180,225,4,900,150,1600,Mar,2024,28.6,10.6,22.5,29.5,70.1,56.3,2.9,3.3,32.6,4
10,2.67,35,10,Apr,212.5,2521.666667,2.67,SD,Feb.2025,8,0.018797522,17,4.822097,5.155321,140,220,1544,14.24870466,14.24870466,3,25.04854369,22.5042735,4.822097378,5.155320555,5266,45.39,234,45783,178,180,360,3,1080,2500,29666.66667,Apr,2024,28.8,12.8,22.3,28.6,79.1,68.1,2.2,2.64,58.35,4
10/2A,3.6,37,10/2A,Apr,102,1632,3.6,VP,"June.,2024",17,0.025344973,23,7.12963,8.629227,160,320,1760,18.18181818,5.72,2,30.42857143,24.89293212,7.12962963,8.629227053,17786,82.8,714.5,45939,22,250,750,3,2250,974.666667,15594.66667,Apr,2024,28.8,12.8,22.3,28.6,79.1,68.1,2.2,2.64,58.35,4
3-Oct,2,12,3-Oct,Apr,170,1511.111111,2,VP,"Apr,2023",30,0.014080541,27,9,9.5,160,400,2477,16.14856681,4.4,3,24.55555556,27.34697856,9,9.5,14029,54,513,45824,137,310,1317.5,4,5270,2000,17777.77778,Apr,2024,28.8,12.8,22.3,28.6,79.1,68.1,2.2,2.64,58.35,4
4-Oct,1.25,48,4-Oct,Apr,0,0,1.25,VP,"June,2024",17,0.008800338,21,10.4,9.333333,160,320,1871,17.10315339,4.39,3,17.35897436,25.12244898,10.4,9.333333333,6155,26.25,245,45918,43,250,500,4,2000,1124.2,6245.555556,Apr,2024,28.8,12.8,22.3,28.6,79.1,68.1,2.2,2.64,58.35,4
11,6.48,31,11,Apr,187,5385.6,6.48,VP,Oct.2024,14,0.045620952,35,4.73251,5.95679,160,240,1163,20.63628547,5.11,1,21.06521739,21.63508512,4.732510288,5.956790123,29229,226.8,1351,45788,173,310,2030.5,4,8122,2200,63360,Apr,2024,28.8,12.8,22.3,28.6,79.1,68.1,2.2,2.64,58.35,4
1-Nov,2.98,6,1-Nov,Apr,170,2251.555556,2.98,VP,"Oct,2023",23,0.020980006,22,10.626398,16.015863,160,320,3001,10.6631123,5.46,2,21.06315789,23.67047619,10.62639821,16.01586333,24854,65.56,1050,45903,58,310,2008.8,4,8035.2,2201.342282,29155.55556,Apr,2024,28.8,12.8,22.3,28.6,79.1,68.1,2.2,2.64,58.35,4
11/1A,2.27,24,11/1A,Apr,238,2401.155556,2.27,VP,"Apr,2022",42,0.015981414,20,11.306902,18.11674,80,240,3273,7.332722273,4.99,1,22.46753247,21.19513678,11.30690162,18.11674009,17433,45.4,822.5,45783,52,310,930,4,3720,2800,28248.88889,Apr,2024,28.8,12.8,22.3,28.6,79.1,68.1,2.2,2.64,58.35,4
12,6.39,17,12,Apr,136,3862.4,6.39,SD,"Nov,2022",35,0.044987328,34,4.042775,5.237964,160,400,1758,22.75312856,22.75312856,1,19.72258065,24.73989455,4.04277517,5.23796373,28154,217.26,1138,45783,183,250,667.5,4,2670,1600,45440,Apr,2024,28.8,12.8,22.3,28.6,79.1,68.1,2.2,2.64,58.35,4
1-Dec,4.25,7,1-Dec,Apr,238,4495.555556,4.25,VP,"Oct,2023",24,0.029921149,25,13.823529,16.475294,320,560,4441,12.60977257,4.56,3,24.52765957,27.20936875,13.82352941,16.47529412,47630,106.25,1750.5,45931,30,310,1156.3,4,4625.2,2800,52888.88889,Apr,2024,28.8,12.8,22.3,28.6,79.1,68.1,2.2,2.64,58.35,4
1A/1,4,21,1A/1,Apr,191.25,3400,4,VP,"Jul,2022",38,0.028161081,22,7.833333,9.420455,160,320,2352,13.60544218,6.08,3,18.40425532,25.09167672,7.833333333,9.420454545,20801,88,829,45931,23,200 Kgs.,180,250,310,2350,41777.77778,Apr,2024,28.8,12.8,22.3,28.6,79.1,68.1,2.2,2.64,58.35,4
1A/2,4.09,23,1A/2,Apr,136,2472.177778,4.09,VP,"Apr,2022",40,0.028794706,22,6.356968,9.274283,80,320,1930,16.58031088,5.03,3,17.88461538,23.10245656,6.356968215,9.274283174,19279,89.98,834.5,45931,30,250,1000,3,3000,1779.462103,32346.66667,Apr,2024,28.8,12.8,22.3,28.6,79.1,68.1,2.2,2.64,58.35,4
1B/1,2.31,23,1B/1,Apr,136,1396.266667,2.31,VP,"May,2022",40,0.016263025,19,10.606061,8.98838,80,240,1718,13.96973225,4.53,2,23.18367347,25.49809886,10.60606061,8.988380041,10059,43.89,394.5,,80,250,1022.5,3,3067.5,1859.74026,19093.33333,Apr,2024,28.8,12.8,22.3,28.6,79.1,68.1,2.2,2.64,58.35,4
2,5.24,36,2,Apr,153,3563.2,5.24,VP,"Jan,2025",2,0.0369,11,0,4.510756,0,80,618,12.94498382,4.39,0,0,21.56923077,0,4.510756419,5608,58,260,45945,16,250,1625,4,6500,1828.625954,42586.66667,Apr,2024,28.8,12.8,22.3,28.6,79.1,68.1,2.2,2.64,58.35,4
2A,6.5,31,2A,Apr,153,4420,6.5,VP,"Jan 2025,",2,0.0458,16,0,4.980769,0,80,920,8.695652174,4.66,0,0,20.91505792,0,4.980769231,10834,104,518,45934,27,250,577.5,3,1732.5,1784.615385,51555.55556,Apr,2024,28.8,12.8,22.3,28.6,79.1,68.1,2.2,2.64,58.35,4
3,5,37,3,Apr,212,4711.111111,5,VP,"Aug, 2024",15,0.035201352,21,7.066667,7.585714,160,240,1505,15.94684385,5.42,2,24.03773585,24.3992467,7.066666667,7.585714286,19434,105,796.5,45799,162,250,1310,4,5240,1496.8,33262.22222,Apr,2024,28.8,12.8,22.3,28.6,79.1,68.1,2.2,2.64,58.35,4
4,8.09,17,4,Apr,187,6723.688889,8.09,VP,"Nov,2022",35,0.056955787,16,7.10754,10.56474,160,240,1906,12.59181532,4.75,1,20.74782609,26.17769653,7.107540173,10.56474042,35798,129.44,1367.5,45840,121,310,1550,4,6200,2175.278121,78213.33333,Apr,2024,28.8,12.8,22.3,28.6,79.1,68.1,2.2,2.64,58.35,4
5A/1,5.7,31,5A/1,Apr,170,4306.666667,5.7,VP,"Sep,2021",49,0.040129541,20,4.912281,8.355263,0,80,1826,4.381161008,4.381161008,1,22.82142857,23.89186352,4.912280702,8.355263158,22757,114,952.5,45783,44,310,2507.9,3,7523.7,2035.087719,51555.55556,Apr,2024,28.8,12.8,22.3,28.6,79.1,68.1,2.2,2.64,58.35,4
5A/2,7.62,29,5A/2,Apr,178.5,6045.2,7.62,VP,"Nov,2021",47,0.05364686,19,3.910761,8.077773,0,80,1616,4.95049505,5,0,18.43624161,24.38905515,3.910761155,8.077773173,28523,144.78,1169.5,45783,81,310,1767,4,7068,2049.606299,69413.33333,Apr,2024,28.8,12.8,22.3,28.6,79.1,68.1,2.2,2.64,58.35,4
5B/1,4.18,30,5B/1,Apr,187,3474.044444,4.18,VP,"May,2024",17,0.02942833,34,4.30622,5.389811,240,400,1964,20.36659878,5.35,1,28.82407407,28.95953003,4.306220096,5.389811427,22183,142.12,766,45765,196,310,2362.2,4,9448.8,2283.732057,42426.66667,Apr,2024,28.8,12.8,22.3,28.6,79.1,68.1,2.2,2.64,58.35,4
6A/1,2,12,6A/1,Apr,187,1662.222222,2,VP,"Apr,2023",30,0.014080541,33,4.666667,6.939394,160,400,2558,15.63721658,3.97,2,26.64285714,29.48689956,4.666666667,6.939393939,13505,66,458,45818,143,310,1116,4,4464,2375,21111.11111,Apr,2024,28.8,12.8,22.3,28.6,79.1,68.1,2.2,2.64,58.35,4
6A/2,2,36,6A/2,Apr,255,2266.666667,2,VP,"Feb,2025",8,0.0141,26,5.833333,6.471154,160,240,1693,14.1760189,4.85,3,21.84285714,20.23774146,5.833333333,6.471153846,6810,52,336.5,45911,50,310,923.8,4,3695.2,3433,30515.55556,Apr,2024,28.8,12.8,22.3,28.6,79.1,68.1,2.2,2.64,58.35,4
6A/2/1,2,42,6A/2/1,Apr,0,0,2,VP,"May,2024",17,0.014080541,28,6.583333,9.892857,240,480,2473,19.40962394,4.3,3,25.21518987,23.84115523,6.583333333,9.892857143,13208,56,554,45779,182,310,620,4,2480,1391,12364.44444,Apr,2024,28.8,12.8,22.3,28.6,79.1,68.1,2.2,2.64,58.35,4
6B/2/3,3,30,6B/2/3,Apr,272,3626.666667,3,VP,"Oct,2021",48,0.021120811,33,7.933333,10.535354,160,400,2956,13.53179973,4.03,2,22.09243697,22.56088207,7.933333333,10.53535354,23531,99,1043,45783,249,310,1295.8,4,5183.2,3200,42666.66667,Apr,2024,28.8,12.8,22.3,28.6,79.1,68.1,2.2,2.64,58.35,4
6B/4,3,17,6B/4,Apr,242.25,3230,3,VP,"Feb,2025",8,0.0227,23,2.992776,2.934446,140,300,1193,25.14668902,4.96,1,29.36206897,22.25229358,2.992776058,2.93444609,4851,74,218,45905,56,310,930,4,3720,2850,38000,Apr,2024,28.8,12.8,22.3,28.6,79.1,68.1,2.2,2.64,58.35,4
7,3,12,7,Apr,187,2493.333333,3,VP,"Apr,2023",30,0.021120811,35,4.611111,5.542857,160,480,2572,18.66251944,4.52,1,28.19277108,34.57216495,4.611111111,5.542857143,20121,105,582,45783,178,310,620,4,2480,2233,29773.33333,Apr,2024,28.8,12.8,22.3,28.6,79.1,68.1,2.2,2.64,58.35,4
1-Jul,3.73,7,1-Jul,Apr,119,1972.755556,3.73,VP,"Sep,2023",23,0.026260208,35,4.110813,6.641134,160,400,2550,15.68627451,4.38,2,29.64130435,28.727797,4.110813226,6.641133665,24907,130.55,867,45788,173,250,567.5,3,1702.5,1420.643432,23551.11111,Apr,2024,28.8,12.8,22.3,28.6,79.1,68.1,2.2,2.64,58.35,4
7A,1.54,43,7A,Apr,0,0,1.54,SD,"Oct,2024",12,0.010842016,35,4.935065,4.471243,160,160,1087,14.71941122,14.71941122,3,25.68421053,24.54356846,4.935064935,4.471243043,5915,53.9,241,45783,301,250,600,4,2400,492.298701,3369.511111,Apr,2024,28.8,12.8,22.3,28.6,79.1,68.1,2.2,2.64,58.35,4
1-Aug,6,12,1-Aug,Apr,170,4533.333333,6,VP,"Apr,2023",30,0.042241622,23,8.416667,10.576087,160,240,2504,9.584664537,4.35,2,21.90594059,27.37923947,8.416666667,10.57608696,39960,138,1459.5,45947,14,310,620,4,2480,2035.833333,54288.88889,Apr,2024,28.8,12.8,22.3,28.6,79.1,68.1,2.2,2.64,58.35,4
2-Aug,6.55,6,2-Aug,Apr,170,4948.888889,6.55,VP,"Oct,2023",24,0.046113771,18,6.92112,9.126378,160,240,1800,13.33333333,5.11,2,23.34558824,28.94423792,6.921119593,9.126378287,31144,117.9,1076,45884,77,310,1860,4,7440,2000,58222.22222,Apr,2024,28.8,12.8,22.3,28.6,79.1,68.1,2.2,2.64,58.35,4
9,6.45,18,9,Apr,93.5,2680.333333,6.45,SD,"Oct,2022",36,0.045409744,22,6.472868,7.811839,160,160,1821,8.786381109,8.786381109,1,20.30538922,23.18899414,6.472868217,7.811839323,25705,141.9,1108.5,45783,55,250,385,4,1540,1100,31533.33333,Apr,2024,28.8,12.8,22.3,28.6,79.1,68.1,2.2,2.64,58.35,4
9A,2,18,9A,Apr,170,1511.111111,2,SD,Nov.2022,36,0.014080541,21,9.5,11.619048,80,240,2222,10.80108011,10.80108011,2,19.76315789,23.40163934,9.5,11.61904762,11420,42,488,45783,23,180,1161,3,3483,2000,17777.77778,Apr,2024,28.8,12.8,22.3,28.6,79.1,68.1,2.2,2.64,58.35,4
9A/2,2.4,23,9A/2,Apr,12.75,136,2.4,VP,Rev 2022,41,0.016896649,4,0,8.333333,40,40,69,57.97101449,4.82,0,0,0,0,0,227,9.6,80,45783,53,180,225,4,900,150,1600,Apr,2024,28.8,12.8,22.3,28.6,79.1,68.1,2.2,2.64,58.35,4
10,2.67,35,10,May,225,2670,2.67,SD,Feb.2025,8,0.018797522,17,4.822097,5.155321,140,220,1544,14.24870466,14.24870466,3,25.04854369,22.5042735,4.822097378,5.155320555,5266,45.39,234,45783,178,180,360,3,1080,2500,29666.66667,May,2024,25.5,15.4,22.5,26,86.2,86,3.5,1.64,392.4,21
10/2A,3.6,37,10/2A,May,134.666667,2154.666667,3.6,VP,"June.,2024",17,0.025344973,23,7.12963,8.629227,160,320,1760,18.18181818,5.72,2,30.42857143,24.89293212,7.12962963,8.629227053,17786,82.8,714.5,45939,22,250,750,3,2250,974.666667,15594.66667,May,2024,25.5,15.4,22.5,26,86.2,86,3.5,1.64,392.4,21
3-Oct,2,12,3-Oct,May,180,1600,2,VP,"Apr,2023",30,0.014080541,27,9,9.5,160,400,2477,16.14856681,4.4,3,24.55555556,27.34697856,9,9.5,14029,54,513,45824,137,310,1317.5,4,5270,2000,17777.77778,May,2024,25.5,15.4,22.5,26,86.2,86,3.5,1.64,392.4,21
4-Oct,1.25,48,4-Oct,May,0,0,1.25,VP,"June,2024",17,0.008800338,21,10.4,9.333333,160,320,1871,17.10315339,4.39,3,17.35897436,25.12244898,10.4,9.333333333,6155,26.25,245,45918,43,250,500,4,2000,1124.2,6245.555556,May,2024,25.5,15.4,22.5,26,86.2,86,3.5,1.64,392.4,21
11,6.48,31,11,May,198,5702.4,6.48,VP,Oct.2024,14,0.045620952,35,4.73251,5.95679,160,240,1163,20.63628547,5.11,1,21.06521739,21.63508512,4.732510288,5.956790123,29229,226.8,1351,45788,173,310,2030.5,4,8122,2200,63360,May,2024,25.5,15.4,22.5,26,86.2,86,3.5,1.64,392.4,21
1-Nov,2.98,6,1-Nov,May,314.228188,4161.777778,2.98,VP,"Oct,2023",23,0.020980006,22,10.626398,16.015863,160,320,3001,10.6631123,5.46,2,21.06315789,23.67047619,10.62639821,16.01586333,24854,65.56,1050,45903,58,310,2008.8,4,8035.2,2201.342282,29155.55556,May,2024,25.5,15.4,22.5,26,86.2,86,3.5,1.64,392.4,21
11/1A,2.27,24,11/1A,May,252,2542.4,2.27,VP,"Apr,2022",42,0.015981414,20,11.306902,18.11674,80,240,3273,7.332722273,4.99,1,22.46753247,21.19513678,11.30690162,18.11674009,17433,45.4,822.5,45783,52,310,930,4,3720,2800,28248.88889,May,2024,25.5,15.4,22.5,26,86.2,86,3.5,1.64,392.4,21
12,6.39,17,12,May,144,4089.6,6.39,SD,"Nov,2022",35,0.044987328,34,4.042775,5.237964,160,400,1758,22.75312856,22.75312856,1,19.72258065,24.73989455,4.04277517,5.23796373,28154,217.26,1138,45783,183,250,667.5,4,2670,1600,45440,May,2024,25.5,15.4,22.5,26,86.2,86,3.5,1.64,392.4,21
1-Dec,4.25,7,1-Dec,May,252,4760,4.25,VP,"Oct,2023",24,0.029921149,25,13.823529,16.475294,320,560,4441,12.60977257,4.56,3,24.52765957,27.20936875,13.82352941,16.47529412,47630,106.25,1750.5,45931,30,310,1156.3,4,4625.2,2800,52888.88889,May,2024,25.5,15.4,22.5,26,86.2,86,3.5,1.64,392.4,21
1A/1,4,21,1A/1,May,202.5,3600,4,VP,"Jul,2022",38,0.028161081,22,7.833333,9.420455,160,320,2352,13.60544218,6.08,3,18.40425532,25.09167672,7.833333333,9.420454545,20801,88,829,45931,23,200 Kgs.,180,250,310,2350,41777.77778,May,2024,25.5,15.4,22.5,26,86.2,86,3.5,1.64,392.4,21
1A/2,4.09,23,1A/2,May,144,2617.6,4.09,VP,"Apr,2022",40,0.028794706,22,6.356968,9.274283,80,320,1930,16.58031088,5.03,3,17.88461538,23.10245656,6.356968215,9.274283174,19279,89.98,834.5,45931,30,250,1000,3,3000,1779.462103,32346.66667,May,2024,25.5,15.4,22.5,26,86.2,86,3.5,1.64,392.4,21
1B/1,2.31,23,1B/1,May,144,1478.4,2.31,VP,"May,2022",40,0.016263025,19,10.606061,8.98838,80,240,1718,13.96973225,4.53,2,23.18367347,25.49809886,10.60606061,8.988380041,10059,43.89,394.5,,80,250,1022.5,3,3067.5,1859.74026,19093.33333,May,2024,25.5,15.4,22.5,26,86.2,86,3.5,1.64,392.4,21
2,5.24,36,2,May,162,3772.8,5.24,VP,"Jan,2025",2,0.0369,11,0,4.510756,0,80,618,12.94498382,4.39,0,0,21.56923077,0,4.510756419,5608,58,260,45945,16,250,1625,4,6500,1828.625954,42586.66667,May,2024,25.5,15.4,22.5,26,86.2,86,3.5,1.64,392.4,21
2A,6.5,31,2A,May,162,4680,6.5,VP,"Jan 2025,",2,0.0458,16,0,4.980769,0,80,920,8.695652174,4.66,0,0,20.91505792,0,4.980769231,10834,104,518,45934,27,250,577.5,3,1732.5,1784.615385,51555.55556,May,2024,25.5,15.4,22.5,26,86.2,86,3.5,1.64,392.4,21
3,5,37,3,May,218,4844.444444,5,VP,"Aug, 2024",15,0.035201352,21,7.066667,7.585714,160,240,1505,15.94684385,5.42,2,24.03773585,24.3992467,7.066666667,7.585714286,19434,105,796.5,45799,162,250,1310,4,5240,1496.8,33262.22222,May,2024,25.5,15.4,22.5,26,86.2,86,3.5,1.64,392.4,21
4,8.09,17,4,May,198,7119.2,8.09,VP,"Nov,2022",35,0.056955787,16,7.10754,10.56474,160,240,1906,12.59181532,4.75,1,20.74782609,26.17769653,7.107540173,10.56474042,35798,129.44,1367.5,45840,121,310,1550,4,6200,2175.278121,78213.33333,May,2024,25.5,15.4,22.5,26,86.2,86,3.5,1.64,392.4,21
5A/1,5.7,31,5A/1,May,180,4560,5.7,VP,"Sep,2021",49,0.040129541,20,4.912281,8.355263,0,80,1826,4.381161008,4.381161008,1,22.82142857,23.89186352,4.912280702,8.355263158,22757,114,952.5,45783,44,310,2507.9,3,7523.7,2035.087719,51555.55556,May,2024,25.5,15.4,22.5,26,86.2,86,3.5,1.64,392.4,21
5A/2,7.62,29,5A/2,May,189,6400.8,7.62,VP,"Nov,2021",47,0.05364686,19,3.910761,8.077773,0,80,1616,4.95049505,5,0,18.43624161,24.38905515,3.910761155,8.077773173,28523,144.78,1169.5,45783,81,310,1767,4,7068,2049.606299,69413.33333,May,2024,25.5,15.4,22.5,26,86.2,86,3.5,1.64,392.4,21
5B/1,4.18,30,5B/1,May,198,3678.4,4.18,VP,"May,2024",17,0.02942833,34,4.30622,5.389811,240,400,1964,20.36659878,5.35,1,28.82407407,28.95953003,4.306220096,5.389811427,22183,142.12,766,45765,196,310,2362.2,4,9448.8,2283.732057,42426.66667,May,2024,25.5,15.4,22.5,26,86.2,86,3.5,1.64,392.4,21
6A/1,2,12,6A/1,May,198,1760,2,VP,"Apr,2023",30,0.014080541,33,4.666667,6.939394,160,400,2558,15.63721658,3.97,2,26.64285714,29.48689956,4.666666667,6.939393939,13505,66,458,45818,143,310,1116,4,4464,2375,21111.11111,May,2024,25.5,15.4,22.5,26,86.2,86,3.5,1.64,392.4,21
6A/2,2,36,6A/2,May,470,4177.777778,2,VP,"Feb,2025",8,0.0141,26,5.833333,6.471154,160,240,1693,14.1760189,4.85,3,21.84285714,20.23774146,5.833333333,6.471153846,6810,52,336.5,45911,50,310,923.8,4,3695.2,3433,30515.55556,May,2024,25.5,15.4,22.5,26,86.2,86,3.5,1.64,392.4,21
6A/2/1,2,42,6A/2/1,May,0,0,2,VP,"May,2024",17,0.014080541,28,6.583333,9.892857,240,480,2473,19.40962394,4.3,3,25.21518987,23.84115523,6.583333333,9.892857143,13208,56,554,45779,182,310,620,4,2480,1391,12364.44444,May,2024,25.5,15.4,22.5,26,86.2,86,3.5,1.64,392.4,21
6B/2/3,3,30,6B/2/3,May,288,3840,3,VP,"Oct,2021",48,0.021120811,33,7.933333,10.535354,160,400,2956,13.53179973,4.03,2,22.09243697,22.56088207,7.933333333,10.53535354,23531,99,1043,45783,249,310,1295.8,4,5183.2,3200,42666.66667,May,2024,25.5,15.4,22.5,26,86.2,86,3.5,1.64,392.4,21
6B/4,3,17,6B/4,May,256.5,3420,3,VP,"Feb,2025",8,0.0227,23,2.992776,2.934446,140,300,1193,25.14668902,4.96,1,29.36206897,22.25229358,2.992776058,2.93444609,4851,74,218,45905,56,310,930,4,3720,2850,38000,May,2024,25.5,15.4,22.5,26,86.2,86,3.5,1.64,392.4,21
7,3,12,7,May,198,2640,3,VP,"Apr,2023",30,0.021120811,35,4.611111,5.542857,160,480,2572,18.66251944,4.52,1,28.19277108,34.57216495,4.611111111,5.542857143,20121,105,582,45783,178,310,620,4,2480,2233,29773.33333,May,2024,25.5,15.4,22.5,26,86.2,86,3.5,1.64,392.4,21
1-Jul,3.73,7,1-Jul,May,126,2088.8,3.73,VP,"Sep,2023",23,0.026260208,35,4.110813,6.641134,160,400,2550,15.68627451,4.38,2,29.64130435,28.727797,4.110813226,6.641133665,24907,130.55,867,45788,173,250,567.5,3,1702.5,1420.643432,23551.11111,May,2024,25.5,15.4,22.5,26,86.2,86,3.5,1.64,392.4,21
7A,1.54,43,7A,May,0,0,1.54,SD,"Oct,2024",12,0.010842016,35,4.935065,4.471243,160,160,1087,14.71941122,14.71941122,3,25.68421053,24.54356846,4.935064935,4.471243043,5915,53.9,241,45783,301,250,600,4,2400,492.298701,3369.511111,May,2024,25.5,15.4,22.5,26,86.2,86,3.5,1.64,392.4,21
1-Aug,6,12,1-Aug,May,180,4800,6,VP,"Apr,2023",30,0.042241622,23,8.416667,10.576087,160,240,2504,9.584664537,4.35,2,21.90594059,27.37923947,8.416666667,10.57608696,39960,138,1459.5,45947,14,310,620,4,2480,2035.833333,54288.88889,May,2024,25.5,15.4,22.5,26,86.2,86,3.5,1.64,392.4,21
2-Aug,6.55,6,2-Aug,May,180,5240,6.55,VP,"Oct,2023",24,0.046113771,18,6.92112,9.126378,160,240,1800,13.33333333,5.11,2,23.34558824,28.94423792,6.921119593,9.126378287,31144,117.9,1076,45884,77,310,1860,4,7440,2000,58222.22222,May,2024,25.5,15.4,22.5,26,86.2,86,3.5,1.64,392.4,21
9,6.45,18,9,May,99,2838,6.45,SD,"Oct,2022",36,0.045409744,22,6.472868,7.811839,160,160,1821,8.786381109,8.786381109,1,20.30538922,23.18899414,6.472868217,7.811839323,25705,141.9,1108.5,45783,55,250,385,4,1540,1100,31533.33333,May,2024,25.5,15.4,22.5,26,86.2,86,3.5,1.64,392.4,21
9A,2,18,9A,May,180,1600,2,SD,Nov.2022,36,0.014080541,21,9.5,11.619048,80,240,2222,10.80108011,10.80108011,2,19.76315789,23.40163934,9.5,11.61904762,11420,42,488,45783,23,180,1161,3,3483,2000,17777.77778,May,2024,25.5,15.4,22.5,26,86.2,86,3.5,1.64,392.4,21
9A/2,2.4,23,9A/2,May,13.5,144,2.4,VP,Rev 2022,41,0.016896649,4,0,8.333333,40,40,69,57.97101449,4.82,0,0,0,0,0,227,9.6,80,45783,53,180,225,4,900,150,1600,May,2024,25.5,15.4,22.5,26,86.2,86,3.5,1.64,392.4,21
10,2.67,35,10,Jun,225,2670,2.67,SD,Feb.2025,8,0.018797522,17,4.822097,5.155321,140,220,1544,14.24870466,14.24870466,3,25.04854369,22.5042735,4.822097378,5.155320555,5266,45.39,234,45783,178,180,360,3,1080,2500,29666.66667,Jun,2024,24,13.8,22.2,24.6,90.6,80.2,3.7,1.53,192.65,12
10/2A,3.6,37,10/2A,Jun,136.333333,2181.333333,3.6,VP,"June.,2024",17,0.025344973,23,7.12963,8.629227,160,320,1760,18.18181818,5.72,2,30.42857143,24.89293212,7.12962963,8.629227053,17786,82.8,714.5,45939,22,250,750,3,2250,974.666667,15594.66667,Jun,2024,24,13.8,22.2,24.6,90.6,80.2,3.7,1.53,192.65,12
3-Oct,2,12,3-Oct,Jun,180,1600,2,VP,"Apr,2023",30,0.014080541,27,9,9.5,160,400,2477,16.14856681,4.4,3,24.55555556,27.34697856,9,9.5,14029,54,513,45824,137,310,1317.5,4,5270,2000,17777.77778,Jun,2024,24,13.8,22.2,24.6,90.6,80.2,3.7,1.53,192.65,12
4-Oct,1.25,48,4-Oct,Jun,0,0,1.25,VP,"June,2024",17,0.008800338,21,10.4,9.333333,160,320,1871,17.10315339,4.39,3,17.35897436,25.12244898,10.4,9.333333333,6155,26.25,245,45918,43,250,500,4,2000,1124.2,6245.555556,Jun,2024,24,13.8,22.2,24.6,90.6,80.2,3.7,1.53,192.65,12
11,6.48,31,11,Jun,198,5702.4,6.48,VP,Oct.2024,14,0.045620952,35,4.73251,5.95679,160,240,1163,20.63628547,5.11,1,21.06521739,21.63508512,4.732510288,5.956790123,29229,226.8,1351,45788,173,310,2030.5,4,8122,2200,63360,Jun,2024,24,13.8,22.2,24.6,90.6,80.2,3.7,1.53,192.65,12
1-Nov,2.98,6,1-Nov,Jun,280.671141,3717.333333,2.98,VP,"Oct,2023",23,0.020980006,22,10.626398,16.015863,160,320,3001,10.6631123,5.46,2,21.06315789,23.67047619,10.62639821,16.01586333,24854,65.56,1050,45903,58,310,2008.8,4,8035.2,2201.342282,29155.55556,Jun,2024,24,13.8,22.2,24.6,90.6,80.2,3.7,1.53,192.65,12
11/1A,2.27,24,11/1A,Jun,252,2542.4,2.27,VP,"Apr,2022",42,0.015981414,20,11.306902,18.11674,80,240,3273,7.332722273,4.99,1,22.46753247,21.19513678,11.30690162,18.11674009,17433,45.4,822.5,45783,52,310,930,4,3720,2800,28248.88889,Jun,2024,24,13.8,22.2,24.6,90.6,80.2,3.7,1.53,192.65,12
12,6.39,17,12,Jun,144,4089.6,6.39,SD,"Nov,2022",35,0.044987328,34,4.042775,5.237964,160,400,1758,22.75312856,22.75312856,1,19.72258065,24.73989455,4.04277517,5.23796373,28154,217.26,1138,45783,183,250,667.5,4,2670,1600,45440,Jun,2024,24,13.8,22.2,24.6,90.6,80.2,3.7,1.53,192.65,12
1-Dec,4.25,7,1-Dec,Jun,252,4760,4.25,VP,"Oct,2023",24,0.029921149,25,13.823529,16.475294,320,560,4441,12.60977257,4.56,3,24.52765957,27.20936875,13.82352941,16.47529412,47630,106.25,1750.5,45931,30,310,1156.3,4,4625.2,2800,52888.88889,Jun,2024,24,13.8,22.2,24.6,90.6,80.2,3.7,1.53,192.65,12
1A/1,4,21,1A/1,Jun,202.5,3600,4,VP,"Jul,2022",38,0.028161081,22,7.833333,9.420455,160,320,2352,13.60544218,6.08,3,18.40425532,25.09167672,7.833333333,9.420454545,20801,88,829,45931,23,200 Kgs.,180,250,310,2350,41777.77778,Jun,2024,24,13.8,22.2,24.6,90.6,80.2,3.7,1.53,192.65,12
1A/2,4.09,23,1A/2,Jun,144,2617.6,4.09,VP,"Apr,2022",40,0.028794706,22,6.356968,9.274283,80,320,1930,16.58031088,5.03,3,17.88461538,23.10245656,6.356968215,9.274283174,19279,89.98,834.5,45931,30,250,1000,3,3000,1779.462103,32346.66667,Jun,2024,24,13.8,22.2,24.6,90.6,80.2,3.7,1.53,192.65,12
1B/1,2.31,23,1B/1,Jun,144,1478.4,2.31,VP,"May,2022",40,0.016263025,19,10.606061,8.98838,80,240,1718,13.96973225,4.53,2,23.18367347,25.49809886,10.60606061,8.988380041,10059,43.89,394.5,,80,250,1022.5,3,3067.5,1859.74026,19093.33333,Jun,2024,24,13.8,22.2,24.6,90.6,80.2,3.7,1.53,192.65,12
2,5.24,36,2,Jun,162,3772.8,5.24,VP,"Jan,2025",2,0.0369,11,0,4.510756,0,80,618,12.94498382,4.39,0,0,21.56923077,0,4.510756419,5608,58,260,45945,16,250,1625,4,6500,1828.625954,42586.66667,Jun,2024,24,13.8,22.2,24.6,90.6,80.2,3.7,1.53,192.65,12
2A,6.5,31,2A,Jun,162,4680,6.5,VP,"Jan 2025,",2,0.0458,16,0,4.980769,0,80,920,8.695652174,4.66,0,0,20.91505792,0,4.980769231,10834,104,518,45934,27,250,577.5,3,1732.5,1784.615385,51555.55556,Jun,2024,24,13.8,22.2,24.6,90.6,80.2,3.7,1.53,192.65,12
3,5,37,3,Jun,218,4844.444444,5,VP,"Aug, 2024",15,0.035201352,21,7.066667,7.585714,160,240,1505,15.94684385,5.42,2,24.03773585,24.3992467,7.066666667,7.585714286,19434,105,796.5,45799,162,250,1310,4,5240,1496.8,33262.22222,Jun,2024,24,13.8,22.2,24.6,90.6,80.2,3.7,1.53,192.65,12
4,8.09,17,4,Jun,198,7119.2,8.09,VP,"Nov,2022",35,0.056955787,16,7.10754,10.56474,160,240,1906,12.59181532,4.75,1,20.74782609,26.17769653,7.107540173,10.56474042,35798,129.44,1367.5,45840,121,310,1550,4,6200,2175.278121,78213.33333,Jun,2024,24,13.8,22.2,24.6,90.6,80.2,3.7,1.53,192.65,12
5A/1,5.7,31,5A/1,Jun,180,4560,5.7,VP,"Sep,2021",49,0.040129541,20,4.912281,8.355263,0,80,1826,4.381161008,4.381161008,1,22.82142857,23.89186352,4.912280702,8.355263158,22757,114,952.5,45783,44,310,2507.9,3,7523.7,2035.087719,51555.55556,Jun,2024,24,13.8,22.2,24.6,90.6,80.2,3.7,1.53,192.65,12
5A/2,7.62,29,5A/2,Jun,189,6400.8,7.62,VP,"Nov,2021",47,0.05364686,19,3.910761,8.077773,0,80,1616,4.95049505,5,0,18.43624161,24.38905515,3.910761155,8.077773173,28523,144.78,1169.5,45783,81,310,1767,4,7068,2049.606299,69413.33333,Jun,2024,24,13.8,22.2,24.6,90.6,80.2,3.7,1.53,192.65,12
5B/1,4.18,30,5B/1,Jun,198,3678.4,4.18,VP,"May,2024",17,0.02942833,34,4.30622,5.389811,240,400,1964,20.36659878,5.35,1,28.82407407,28.95953003,4.306220096,5.389811427,22183,142.12,766,45765,196,310,2362.2,4,9448.8,2283.732057,42426.66667,Jun,2024,24,13.8,22.2,24.6,90.6,80.2,3.7,1.53,192.65,12
6A/1,2,12,6A/1,Jun,198,1760,2,VP,"Apr,2023",30,0.014080541,33,4.666667,6.939394,160,400,2558,15.63721658,3.97,2,26.64285714,29.48689956,4.666666667,6.939393939,13505,66,458,45818,143,310,1116,4,4464,2375,21111.11111,Jun,2024,24,13.8,22.2,24.6,90.6,80.2,3.7,1.53,192.65,12
6A/2,2,36,6A/2,Jun,420,3733.333333,2,VP,"Feb,2025",8,0.0141,26,5.833333,6.471154,160,240,1693,14.1760189,4.85,3,21.84285714,20.23774146,5.833333333,6.471153846,6810,52,336.5,45911,50,310,923.8,4,3695.2,3433,30515.55556,Jun,2024,24,13.8,22.2,24.6,90.6,80.2,3.7,1.53,192.65,12
6A/2/1,2,42,6A/2/1,Jun,0,0,2,VP,"May,2024",17,0.014080541,28,6.583333,9.892857,240,480,2473,19.40962394,4.3,3,25.21518987,23.84115523,6.583333333,9.892857143,13208,56,554,45779,182,310,620,4,2480,1391,12364.44444,Jun,2024,24,13.8,22.2,24.6,90.6,80.2,3.7,1.53,192.65,12
6B/2/3,3,30,6B/2/3,Jun,288,3840,3,VP,"Oct,2021",48,0.021120811,33,7.933333,10.535354,160,400,2956,13.53179973,4.03,2,22.09243697,22.56088207,7.933333333,10.53535354,23531,99,1043,45783,249,310,1295.8,4,5183.2,3200,42666.66667,Jun,2024,24,13.8,22.2,24.6,90.6,80.2,3.7,1.53,192.65,12
6B/4,3,17,6B/4,Jun,256.5,3420,3,VP,"Feb,2025",8,0.0227,23,2.992776,2.934446,140,300,1193,25.14668902,4.96,1,29.36206897,22.25229358,2.992776058,2.93444609,4851,74,218,45905,56,310,930,4,3720,2850,38000,Jun,2024,24,13.8,22.2,24.6,90.6,80.2,3.7,1.53,192.65,12
7,3,12,7,Jun,231,3080,3,VP,"Apr,2023",30,0.021120811,35,4.611111,5.542857,160,480,2572,18.66251944,4.52,1,28.19277108,34.57216495,4.611111111,5.542857143,20121,105,582,45783,178,310,620,4,2480,2233,29773.33333,Jun,2024,24,13.8,22.2,24.6,90.6,80.2,3.7,1.53,192.65,12
1-Jul,3.73,7,1-Jul,Jun,126,2088.8,3.73,VP,"Sep,2023",23,0.026260208,35,4.110813,6.641134,160,400,2550,15.68627451,4.38,2,29.64130435,28.727797,4.110813226,6.641133665,24907,130.55,867,45788,173,250,567.5,3,1702.5,1420.643432,23551.11111,Jun,2024,24,13.8,22.2,24.6,90.6,80.2,3.7,1.53,192.65,12
7A,1.54,43,7A,Jun,0,0,1.54,SD,"Oct,2024",12,0.010842016,35,4.935065,4.471243,160,160,1087,14.71941122,14.71941122,3,25.68421053,24.54356846,4.935064935,4.471243043,5915,53.9,241,45783,301,250,600,4,2400,492.298701,3369.511111,Jun,2024,24,13.8,22.2,24.6,90.6,80.2,3.7,1.53,192.65,12
1-Aug,6,12,1-Aug,Jun,180,4800,6,VP,"Apr,2023",30,0.042241622,23,8.416667,10.576087,160,240,2504,9.584664537,4.35,2,21.90594059,27.37923947,8.416666667,10.57608696,39960,138,1459.5,45947,14,310,620,4,2480,2035.833333,54288.88889,Jun,2024,24,13.8,22.2,24.6,90.6,80.2,3.7,1.53,192.65,12
2-Aug,6.55,6,2-Aug,Jun,180,5240,6.55,VP,"Oct,2023",24,0.046113771,18,6.92112,9.126378,160,240,1800,13.33333333,5.11,2,23.34558824,28.94423792,6.921119593,9.126378287,31144,117.9,1076,45884,77,310,1860,4,7440,2000,58222.22222,Jun,2024,24,13.8,22.2,24.6,90.6,80.2,3.7,1.53,192.65,12
9,6.45,18,9,Jun,99,2838,6.45,SD,"Oct,2022",36,0.045409744,22,6.472868,7.811839,160,160,1821,8.786381109,8.786381109,1,20.30538922,23.18899414,6.472868217,7.811839323,25705,141.9,1108.5,45783,55,250,385,4,1540,1100,31533.33333,Jun,2024,24,13.8,22.2,24.6,90.6,80.2,3.7,1.53,192.65,12
9A,2,18,9A,Jun,180,1600,2,SD,Nov.2022,36,0.014080541,21,9.5,11.619048,80,240,2222,10.80108011,10.80108011,2,19.76315789,23.40163934,9.5,11.61904762,11420,42,488,45783,23,180,1161,3,3483,2000,17777.77778,Jun,2024,24,13.8,22.2,24.6,90.6,80.2,3.7,1.53,192.65,12
9A/2,2.4,23,9A/2,Jun,13.5,144,2.4,VP,Rev 2022,41,0.016896649,4,0,8.333333,40,40,69,57.97101449,4.82,0,0,0,0,0,227,9.6,80,45783,53,180,225,4,900,150,1600,Jun,2024,24,13.8,22.2,24.6,90.6,80.2,3.7,1.53,192.65,12
10,2.67,35,10,Jul,175,2076.666667,2.67,SD,Feb.2025,8,0.018797522,17,4.822097,5.155321,140,220,1544,14.24870466,14.24870466,3,25.04854369,22.5042735,4.822097378,5.155320555,5266,45.39,234,45783,178,180,360,3,1080,2500,29666.66667,Jul,2024,23.4,14.7,21.5,23.5,90.7,83.9,3.9,1.47,268.6,14
10/2A,3.6,37,10/2A,Jul,115.666667,1850.666667,3.6,VP,"June.,2024",17,0.025344973,23,7.12963,8.629227,160,320,1760,18.18181818,5.72,2,30.42857143,24.89293212,7.12962963,8.629227053,17786,82.8,714.5,45939,22,250,750,3,2250,974.666667,15594.66667,Jul,2024,23.4,14.7,21.5,23.5,90.7,83.9,3.9,1.47,268.6,14
3-Oct,2,12,3-Oct,Jul,140,1244.444444,2,VP,"Apr,2023",30,0.014080541,27,9,9.5,160,400,2477,16.14856681,4.4,3,24.55555556,27.34697856,9,9.5,14029,54,513,45824,137,310,1317.5,4,5270,2000,17777.77778,Jul,2024,23.4,14.7,21.5,23.5,90.7,83.9,3.9,1.47,268.6,14
4-Oct,1.25,48,4-Oct,Jul,98,544.444444,1.25,VP,"June,2024",17,0.008800338,21,10.4,9.333333,160,320,1871,17.10315339,4.39,3,17.35897436,25.12244898,10.4,9.333333333,6155,26.25,245,45918,43,250,500,4,2000,1124.2,6245.555556,Jul,2024,23.4,14.7,21.5,23.5,90.7,83.9,3.9,1.47,268.6,14
11,6.48,31,11,Jul,154,4435.2,6.48,VP,Oct.2024,14,0.045620952,35,4.73251,5.95679,160,240,1163,20.63628547,5.11,1,21.06521739,21.63508512,4.732510288,5.956790123,29229,226.8,1351,45788,173,310,2030.5,4,8122,2200,63360,Jul,2024,23.4,14.7,21.5,23.5,90.7,83.9,3.9,1.47,268.6,14
1-Nov,2.98,6,1-Nov,Jul,140,1854.222222,2.98,VP,"Oct,2023",23,0.020980006,22,10.626398,16.015863,160,320,3001,10.6631123,5.46,2,21.06315789,23.67047619,10.62639821,16.01586333,24854,65.56,1050,45903,58,310,2008.8,4,8035.2,2201.342282,29155.55556,Jul,2024,23.4,14.7,21.5,23.5,90.7,83.9,3.9,1.47,268.6,14
11/1A,2.27,24,11/1A,Jul,196,1977.422222,2.27,VP,"Apr,2022",42,0.015981414,20,11.306902,18.11674,80,240,3273,7.332722273,4.99,1,22.46753247,21.19513678,11.30690162,18.11674009,17433,45.4,822.5,45783,52,310,930,4,3720,2800,28248.88889,Jul,2024,23.4,14.7,21.5,23.5,90.7,83.9,3.9,1.47,268.6,14
12,6.39,17,12,Jul,112,3180.8,6.39,SD,"Nov,2022",35,0.044987328,34,4.042775,5.237964,160,400,1758,22.75312856,22.75312856,1,19.72258065,24.73989455,4.04277517,5.23796373,28154,217.26,1138,45783,183,250,667.5,4,2670,1600,45440,Jul,2024,23.4,14.7,21.5,23.5,90.7,83.9,3.9,1.47,268.6,14
1-Dec,4.25,7,1-Dec,Jul,196,3702.222222,4.25,VP,"Oct,2023",24,0.029921149,25,13.823529,16.475294,320,560,4441,12.60977257,4.56,3,24.52765957,27.20936875,13.82352941,16.47529412,47630,106.25,1750.5,45931,30,310,1156.3,4,4625.2,2800,52888.88889,Jul,2024,23.4,14.7,21.5,23.5,90.7,83.9,3.9,1.47,268.6,14
1A/1,4,21,1A/1,Jul,157.5,2800,4,VP,"Jul,2022",38,0.028161081,22,7.833333,9.420455,160,320,2352,13.60544218,6.08,3,18.40425532,25.09167672,7.833333333,9.420454545,20801,88,829,45931,23,200 Kgs.,180,250,310,2350,41777.77778,Jul,2024,23.4,14.7,21.5,23.5,90.7,83.9,3.9,1.47,268.6,14
1A/2,4.09,23,1A/2,Jul,112,2035.911111,4.09,VP,"Apr,2022",40,0.028794706,22,6.356968,9.274283,80,320,1930,16.58031088,5.03,3,17.88461538,23.10245656,6.356968215,9.274283174,19279,89.98,834.5,45931,30,250,1000,3,3000,1779.462103,32346.66667,Jul,2024,23.4,14.7,21.5,23.5,90.7,83.9,3.9,1.47,268.6,14
1B/1,2.31,23,1B/1,Jul,112,1149.866667,2.31,VP,"May,2022",40,0.016263025,19,10.606061,8.98838,80,240,1718,13.96973225,4.53,2,23.18367347,25.49809886,10.60606061,8.988380041,10059,43.89,394.5,,80,250,1022.5,3,3067.5,1859.74026,19093.33333,Jul,2024,23.4,14.7,21.5,23.5,90.7,83.9,3.9,1.47,268.6,14
2,5.24,36,2,Jul,126,2934.4,5.24,VP,"Jan,2025",2,0.0369,11,0,4.510756,0,80,618,12.94498382,4.39,0,0,21.56923077,0,4.510756419,5608,58,260,45945,16,250,1625,4,6500,1828.625954,42586.66667,Jul,2024,23.4,14.7,21.5,23.5,90.7,83.9,3.9,1.47,268.6,14
2A,6.5,31,2A,Jul,126,3640,6.5,VP,"Jan 2025,",2,0.0458,16,0,4.980769,0,80,920,8.695652174,4.66,0,0,20.91505792,0,4.980769231,10834,104,518,45934,27,250,577.5,3,1732.5,1784.615385,51555.55556,Jul,2024,23.4,14.7,21.5,23.5,90.7,83.9,3.9,1.47,268.6,14
3,5,37,3,Jul,274,6088.888889,5,VP,"Aug, 2024",15,0.035201352,21,7.066667,7.585714,160,240,1505,15.94684385,5.42,2,24.03773585,24.3992467,7.066666667,7.585714286,19434,105,796.5,45799,162,250,1310,4,5240,1496.8,33262.22222,Jul,2024,23.4,14.7,21.5,23.5,90.7,83.9,3.9,1.47,268.6,14
4,8.09,17,4,Jul,154,5537.155556,8.09,VP,"Nov,2022",35,0.056955787,16,7.10754,10.56474,160,240,1906,12.59181532,4.75,1,20.74782609,26.17769653,7.107540173,10.56474042,35798,129.44,1367.5,45840,121,310,1550,4,6200,2175.278121,78213.33333,Jul,2024,23.4,14.7,21.5,23.5,90.7,83.9,3.9,1.47,268.6,14
5A/1,5.7,31,5A/1,Jul,140,3546.666667,5.7,VP,"Sep,2021",49,0.040129541,20,4.912281,8.355263,0,80,1826,4.381161008,4.381161008,1,22.82142857,23.89186352,4.912280702,8.355263158,22757,114,952.5,45783,44,310,2507.9,3,7523.7,2035.087719,51555.55556,Jul,2024,23.4,14.7,21.5,23.5,90.7,83.9,3.9,1.47,268.6,14
5A/2,7.62,29,5A/2,Jul,147,4978.4,7.62,VP,"Nov,2021",47,0.05364686,19,3.910761,8.077773,0,80,1616,4.95049505,5,0,18.43624161,24.38905515,3.910761155,8.077773173,28523,144.78,1169.5,45783,81,310,1767,4,7068,2049.606299,69413.33333,Jul,2024,23.4,14.7,21.5,23.5,90.7,83.9,3.9,1.47,268.6,14
5B/1,4.18,30,5B/1,Jul,154,2860.977778,4.18,VP,"May,2024",17,0.02942833,34,4.30622,5.389811,240,400,1964,20.36659878,5.35,1,28.82407407,28.95953003,4.306220096,5.389811427,22183,142.12,766,45765,196,310,2362.2,4,9448.8,2283.732057,42426.66667,Jul,2024,23.4,14.7,21.5,23.5,90.7,83.9,3.9,1.47,268.6,14
6A/1,2,12,6A/1,Jul,154,1368.888889,2,VP,"Apr,2023",30,0.014080541,33,4.666667,6.939394,160,400,2558,15.63721658,3.97,2,26.64285714,29.48689956,4.666666667,6.939393939,13505,66,458,45818,143,310,1116,4,4464,2375,21111.11111,Jul,2024,23.4,14.7,21.5,23.5,90.7,83.9,3.9,1.47,268.6,14
6A/2,2,36,6A/2,Jul,210,1866.666667,2,VP,"Feb,2025",8,0.0141,26,5.833333,6.471154,160,240,1693,14.1760189,4.85,3,21.84285714,20.23774146,5.833333333,6.471153846,6810,52,336.5,45911,50,310,923.8,4,3695.2,3433,30515.55556,Jul,2024,23.4,14.7,21.5,23.5,90.7,83.9,3.9,1.47,268.6,14
6A/2/1,2,42,6A/2/1,Jul,112,995.555556,2,VP,"May,2024",17,0.014080541,28,6.583333,9.892857,240,480,2473,19.40962394,4.3,3,25.21518987,23.84115523,6.583333333,9.892857143,13208,56,554,45779,182,310,620,4,2480,1391,12364.44444,Jul,2024,23.4,14.7,21.5,23.5,90.7,83.9,3.9,1.47,268.6,14
6B/2/3,3,30,6B/2/3,Jul,224,2986.666667,3,VP,"Oct,2021",48,0.021120811,33,7.933333,10.535354,160,400,2956,13.53179973,4.03,2,22.09243697,22.56088207,7.933333333,10.53535354,23531,99,1043,45783,249,310,1295.8,4,5183.2,3200,42666.66667,Jul,2024,23.4,14.7,21.5,23.5,90.7,83.9,3.9,1.47,268.6,14
6B/4,3,17,6B/4,Jul,199.5,2660,3,VP,"Feb,2025",8,0.0227,23,2.992776,2.934446,140,300,1193,25.14668902,4.96,1,29.36206897,22.25229358,2.992776058,2.93444609,4851,74,218,45905,56,310,930,4,3720,2850,38000,Jul,2024,23.4,14.7,21.5,23.5,90.7,83.9,3.9,1.47,268.6,14
7,3,12,7,Jul,154,2053.333333,3,VP,"Apr,2023",30,0.021120811,35,4.611111,5.542857,160,480,2572,18.66251944,4.52,1,28.19277108,34.57216495,4.611111111,5.542857143,20121,105,582,45783,178,310,620,4,2480,2233,29773.33333,Jul,2024,23.4,14.7,21.5,23.5,90.7,83.9,3.9,1.47,268.6,14
1-Jul,3.73,7,1-Jul,Jul,98,1624.622222,3.73,VP,"Sep,2023",23,0.026260208,35,4.110813,6.641134,160,400,2550,15.68627451,4.38,2,29.64130435,28.727797,4.110813226,6.641133665,24907,130.55,867,45788,173,250,567.5,3,1702.5,1420.643432,23551.11111,Jul,2024,23.4,14.7,21.5,23.5,90.7,83.9,3.9,1.47,268.6,14
7A,1.54,43,7A,Jul,42,287.466667,1.54,SD,"Oct,2024",12,0.010842016,35,4.935065,4.471243,160,160,1087,14.71941122,14.71941122,3,25.68421053,24.54356846,4.935064935,4.471243043,5915,53.9,241,45783,301,250,600,4,2400,492.298701,3369.511111,Jul,2024,23.4,14.7,21.5,23.5,90.7,83.9,3.9,1.47,268.6,14
1-Aug,6,12,1-Aug,Jul,140,3733.333333,6,VP,"Apr,2023",30,0.042241622,23,8.416667,10.576087,160,240,2504,9.584664537,4.35,2,21.90594059,27.37923947,8.416666667,10.57608696,39960,138,1459.5,45947,14,310,620,4,2480,2035.833333,54288.88889,Jul,2024,23.4,14.7,21.5,23.5,90.7,83.9,3.9,1.47,268.6,14
2-Aug,6.55,6,2-Aug,Jul,140,4075.555556,6.55,VP,"Oct,2023",24,0.046113771,18,6.92112,9.126378,160,240,1800,13.33333333,5.11,2,23.34558824,28.94423792,6.921119593,9.126378287,31144,117.9,1076,45884,77,310,1860,4,7440,2000,58222.22222,Jul,2024,23.4,14.7,21.5,23.5,90.7,83.9,3.9,1.47,268.6,14
9,6.45,18,9,Jul,77,2207.333333,6.45,SD,"Oct,2022",36,0.045409744,22,6.472868,7.811839,160,160,1821,8.786381109,8.786381109,1,20.30538922,23.18899414,6.472868217,7.811839323,25705,141.9,1108.5,45783,55,250,385,4,1540,1100,31533.33333,Jul,2024,23.4,14.7,21.5,23.5,90.7,83.9,3.9,1.47,268.6,14
9A,2,18,9A,Jul,140,1244.444444,2,SD,Nov.2022,36,0.014080541,21,9.5,11.619048,80,240,2222,10.80108011,10.80108011,2,19.76315789,23.40163934,9.5,11.61904762,11420,42,488,45783,23,180,1161,3,3483,2000,17777.77778,Jul,2024,23.4,14.7,21.5,23.5,90.7,83.9,3.9,1.47,268.6,14
9A/2,2.4,23,9A/2,Jul,10.5,112,2.4,VP,Rev 2022,41,0.016896649,4,0,8.333333,40,40,69,57.97101449,4.82,0,0,0,0,0,227,9.6,80,45783,53,180,225,4,900,150,1600,Jul,2024,23.4,14.7,21.5,23.5,90.7,83.9,3.9,1.47,268.6,14
10,2.67,35,10,Aug,175,2076.666667,2.67,SD,Feb.2025,8,0.018797522,17,4.822097,5.155321,140,220,1544,14.24870466,14.24870466,3,25.04854369,22.5042735,4.822097378,5.155320555,5266,45.39,234,45783,178,180,360,3,1080,2500,29666.66667,Aug,2024,25.3,14.3,22.2,25.1,87.3,81.7,4.9,1.81,145.1,8
10/2A,3.6,37,10/2A,Aug,84,1344,3.6,VP,"June.,2024",17,0.025344973,23,7.12963,8.629227,160,320,1760,18.18181818,5.72,2,30.42857143,24.89293212,7.12962963,8.629227053,17786,82.8,714.5,45939,22,250,750,3,2250,974.666667,15594.66667,Aug,2024,25.3,14.3,22.2,25.1,87.3,81.7,4.9,1.81,145.1,8
3-Oct,2,12,3-Oct,Aug,140,1244.444444,2,VP,"Apr,2023",30,0.014080541,27,9,9.5,160,400,2477,16.14856681,4.4,3,24.55555556,27.34697856,9,9.5,14029,54,513,45824,137,310,1317.5,4,5270,2000,17777.77778,Aug,2024,25.3,14.3,22.2,25.1,87.3,81.7,4.9,1.81,145.1,8
4-Oct,1.25,48,4-Oct,Aug,98,544.444444,1.25,VP,"June,2024",17,0.008800338,21,10.4,9.333333,160,320,1871,17.10315339,4.39,3,17.35897436,25.12244898,10.4,9.333333333,6155,26.25,245,45918,43,250,500,4,2000,1124.2,6245.555556,Aug,2024,25.3,14.3,22.2,25.1,87.3,81.7,4.9,1.81,145.1,8
11,6.48,31,11,Aug,154,4435.2,6.48,VP,Oct.2024,14,0.045620952,35,4.73251,5.95679,160,240,1163,20.63628547,5.11,1,21.06521739,21.63508512,4.732510288,5.956790123,29229,226.8,1351,45788,173,310,2030.5,4,8122,2200,63360,Aug,2024,25.3,14.3,22.2,25.1,87.3,81.7,4.9,1.81,145.1,8
1-Nov,2.98,6,1-Nov,Aug,140,1854.222222,2.98,VP,"Oct,2023",23,0.020980006,22,10.626398,16.015863,160,320,3001,10.6631123,5.46,2,21.06315789,23.67047619,10.62639821,16.01586333,24854,65.56,1050,45903,58,310,2008.8,4,8035.2,2201.342282,29155.55556,Aug,2024,25.3,14.3,22.2,25.1,87.3,81.7,4.9,1.81,145.1,8
11/1A,2.27,24,11/1A,Aug,196,1977.422222,2.27,VP,"Apr,2022",42,0.015981414,20,11.306902,18.11674,80,240,3273,7.332722273,4.99,1,22.46753247,21.19513678,11.30690162,18.11674009,17433,45.4,822.5,45783,52,310,930,4,3720,2800,28248.88889,Aug,2024,25.3,14.3,22.2,25.1,87.3,81.7,4.9,1.81,145.1,8
12,6.39,17,12,Aug,112,3180.8,6.39,SD,"Nov,2022",35,0.044987328,34,4.042775,5.237964,160,400,1758,22.75312856,22.75312856,1,19.72258065,24.73989455,4.04277517,5.23796373,28154,217.26,1138,45783,183,250,667.5,4,2670,1600,45440,Aug,2024,25.3,14.3,22.2,25.1,87.3,81.7,4.9,1.81,145.1,8
1-Dec,4.25,7,1-Dec,Aug,196,3702.222222,4.25,VP,"Oct,2023",24,0.029921149,25,13.823529,16.475294,320,560,4441,12.60977257,4.56,3,24.52765957,27.20936875,13.82352941,16.47529412,47630,106.25,1750.5,45931,30,310,1156.3,4,4625.2,2800,52888.88889,Aug,2024,25.3,14.3,22.2,25.1,87.3,81.7,4.9,1.81,145.1,8
1A/1,4,21,1A/1,Aug,157.5,2800,4,VP,"Jul,2022",38,0.028161081,22,7.833333,9.420455,160,320,2352,13.60544218,6.08,3,18.40425532,25.09167672,7.833333333,9.420454545,20801,88,829,45931,23,200 Kgs.,180,250,310,2350,41777.77778,Aug,2024,25.3,14.3,22.2,25.1,87.3,81.7,4.9,1.81,145.1,8
1A/2,4.09,23,1A/2,Aug,112,2035.911111,4.09,VP,"Apr,2022",40,0.028794706,22,6.356968,9.274283,80,320,1930,16.58031088,5.03,3,17.88461538,23.10245656,6.356968215,9.274283174,19279,89.98,834.5,45931,30,250,1000,3,3000,1779.462103,32346.66667,Aug,2024,25.3,14.3,22.2,25.1,87.3,81.7,4.9,1.81,145.1,8
1B/1,2.31,23,1B/1,Aug,112,1149.866667,2.31,VP,"May,2022",40,0.016263025,19,10.606061,8.98838,80,240,1718,13.96973225,4.53,2,23.18367347,25.49809886,10.60606061,8.988380041,10059,43.89,394.5,,80,250,1022.5,3,3067.5,1859.74026,19093.33333,Aug,2024,25.3,14.3,22.2,25.1,87.3,81.7,4.9,1.81,145.1,8
2,5.24,36,2,Aug,126,2934.4,5.24,VP,"Jan,2025",2,0.0369,11,0,4.510756,0,80,618,12.94498382,4.39,0,0,21.56923077,0,4.510756419,5608,58,260,45945,16,250,1625,4,6500,1828.625954,42586.66667,Aug,2024,25.3,14.3,22.2,25.1,87.3,81.7,4.9,1.81,145.1,8
2A,6.5,31,2A,Aug,126,3640,6.5,VP,"Jan 2025,",2,0.0458,16,0,4.980769,0,80,920,8.695652174,4.66,0,0,20.91505792,0,4.980769231,10834,104,518,45934,27,250,577.5,3,1732.5,1784.615385,51555.55556,Aug,2024,25.3,14.3,22.2,25.1,87.3,81.7,4.9,1.81,145.1,8
3,5,37,3,Aug,220.4,4897.777778,5,VP,"Aug, 2024",15,0.035201352,21,7.066667,7.585714,160,240,1505,15.94684385,5.42,2,24.03773585,24.3992467,7.066666667,7.585714286,19434,105,796.5,45799,162,250,1310,4,5240,1496.8,33262.22222,Aug,2024,25.3,14.3,22.2,25.1,87.3,81.7,4.9,1.81,145.1,8
4,8.09,17,4,Aug,154,5537.155556,8.09,VP,"Nov,2022",35,0.056955787,16,7.10754,10.56474,160,240,1906,12.59181532,4.75,1,20.74782609,26.17769653,7.107540173,10.56474042,35798,129.44,1367.5,45840,121,310,1550,4,6200,2175.278121,78213.33333,Aug,2024,25.3,14.3,22.2,25.1,87.3,81.7,4.9,1.81,145.1,8
5A/1,5.7,31,5A/1,Aug,140,3546.666667,5.7,VP,"Sep,2021",49,0.040129541,20,4.912281,8.355263,0,80,1826,4.381161008,4.381161008,1,22.82142857,23.89186352,4.912280702,8.355263158,22757,114,952.5,45783,44,310,2507.9,3,7523.7,2035.087719,51555.55556,Aug,2024,25.3,14.3,22.2,25.1,87.3,81.7,4.9,1.81,145.1,8
5A/2,7.62,29,5A/2,Aug,147,4978.4,7.62,VP,"Nov,2021",47,0.05364686,19,3.910761,8.077773,0,80,1616,4.95049505,5,0,18.43624161,24.38905515,3.910761155,8.077773173,28523,144.78,1169.5,45783,81,310,1767,4,7068,2049.606299,69413.33333,Aug,2024,25.3,14.3,22.2,25.1,87.3,81.7,4.9,1.81,145.1,8
5B/1,4.18,30,5B/1,Aug,154,2860.977778,4.18,VP,"May,2024",17,0.02942833,34,4.30622,5.389811,240,400,1964,20.36659878,5.35,1,28.82407407,28.95953003,4.306220096,5.389811427,22183,142.12,766,45765,196,310,2362.2,4,9448.8,2283.732057,42426.66667,Aug,2024,25.3,14.3,22.2,25.1,87.3,81.7,4.9,1.81,145.1,8
6A/1,2,12,6A/1,Aug,154,1368.888889,2,VP,"Apr,2023",30,0.014080541,33,4.666667,6.939394,160,400,2558,15.63721658,3.97,2,26.64285714,29.48689956,4.666666667,6.939393939,13505,66,458,45818,143,310,1116,4,4464,2375,21111.11111,Aug,2024,25.3,14.3,22.2,25.1,87.3,81.7,4.9,1.81,145.1,8
6A/2,2,36,6A/2,Aug,210,1866.666667,2,VP,"Feb,2025",8,0.0141,26,5.833333,6.471154,160,240,1693,14.1760189,4.85,3,21.84285714,20.23774146,5.833333333,6.471153846,6810,52,336.5,45911,50,310,923.8,4,3695.2,3433,30515.55556,Aug,2024,25.3,14.3,22.2,25.1,87.3,81.7,4.9,1.81,145.1,8
6A/2/1,2,42,6A/2/1,Aug,112,995.555556,2,VP,"May,2024",17,0.014080541,28,6.583333,9.892857,240,480,2473,19.40962394,4.3,3,25.21518987,23.84115523,6.583333333,9.892857143,13208,56,554,45779,182,310,620,4,2480,1391,12364.44444,Aug,2024,25.3,14.3,22.2,25.1,87.3,81.7,4.9,1.81,145.1,8
6B/2/3,3,30,6B/2/3,Aug,224,2986.666667,3,VP,"Oct,2021",48,0.021120811,33,7.933333,10.535354,160,400,2956,13.53179973,4.03,2,22.09243697,22.56088207,7.933333333,10.53535354,23531,99,1043,45783,249,310,1295.8,4,5183.2,3200,42666.66667,Aug,2024,25.3,14.3,22.2,25.1,87.3,81.7,4.9,1.81,145.1,8
6B/4,3,17,6B/4,Aug,199.5,2660,3,VP,"Feb,2025",8,0.0227,23,2.992776,2.934446,140,300,1193,25.14668902,4.96,1,29.36206897,22.25229358,2.992776058,2.93444609,4851,74,218,45905,56,310,930,4,3720,2850,38000,Aug,2024,25.3,14.3,22.2,25.1,87.3,81.7,4.9,1.81,145.1,8
7,3,12,7,Aug,154,2053.333333,3,VP,"Apr,2023",30,0.021120811,35,4.611111,5.542857,160,480,2572,18.66251944,4.52,1,28.19277108,34.57216495,4.611111111,5.542857143,20121,105,582,45783,178,310,620,4,2480,2233,29773.33333,Aug,2024,25.3,14.3,22.2,25.1,87.3,81.7,4.9,1.81,145.1,8
1-Jul,3.73,7,1-Jul,Aug,98,1624.622222,3.73,VP,"Sep,2023",23,0.026260208,35,4.110813,6.641134,160,400,2550,15.68627451,4.38,2,29.64130435,28.727797,4.110813226,6.641133665,24907,130.55,867,45788,173,250,567.5,3,1702.5,1420.643432,23551.11111,Aug,2024,25.3,14.3,22.2,25.1,87.3,81.7,4.9,1.81,145.1,8
7A,1.54,43,7A,Aug,42,287.466667,1.54,SD,"Oct,2024",12,0.010842016,35,4.935065,4.471243,160,160,1087,14.71941122,14.71941122,3,25.68421053,24.54356846,4.935064935,4.471243043,5915,53.9,241,45783,301,250,600,4,2400,492.298701,3369.511111,Aug,2024,25.3,14.3,22.2,25.1,87.3,81.7,4.9,1.81,145.1,8
1-Aug,6,12,1-Aug,Aug,140,3733.333333,6,VP,"Apr,2023",30,0.042241622,23,8.416667,10.576087,160,240,2504,9.584664537,4.35,2,21.90594059,27.37923947,8.416666667,10.57608696,39960,138,1459.5,45947,14,310,620,4,2480,2035.833333,54288.88889,Aug,2024,25.3,14.3,22.2,25.1,87.3,81.7,4.9,1.81,145.1,8
2-Aug,6.55,6,2-Aug,Aug,140,4075.555556,6.55,VP,"Oct,2023",24,0.046113771,18,6.92112,9.126378,160,240,1800,13.33333333,5.11,2,23.34558824,28.94423792,6.921119593,9.126378287,31144,117.9,1076,45884,77,310,1860,4,7440,2000,58222.22222,Aug,2024,25.3,14.3,22.2,25.1,87.3,81.7,4.9,1.81,145.1,8
9,6.45,18,9,Aug,77,2207.333333,6.45,SD,"Oct,2022",36,0.045409744,22,6.472868,7.811839,160,160,1821,8.786381109,8.786381109,1,20.30538922,23.18899414,6.472868217,7.811839323,25705,141.9,1108.5,45783,55,250,385,4,1540,1100,31533.33333,Aug,2024,25.3,14.3,22.2,25.1,87.3,81.7,4.9,1.81,145.1,8
9A,2,18,9A,Aug,140,1244.444444,2,SD,Nov.2022,36,0.014080541,21,9.5,11.619048,80,240,2222,10.80108011,10.80108011,2,19.76315789,23.40163934,9.5,11.61904762,11420,42,488,45783,23,180,1161,3,3483,2000,17777.77778,Aug,2024,25.3,14.3,22.2,25.1,87.3,81.7,4.9,1.81,145.1,8
9A/2,2.4,23,9A/2,Aug,10.5,112,2.4,VP,Rev 2022,41,0.016896649,4,0,8.333333,40,40,69,57.97101449,4.82,0,0,0,0,0,227,9.6,80,45783,53,180,225,4,900,150,1600,Aug,2024,25.3,14.3,22.2,25.1,87.3,81.7,4.9,1.81,145.1,8
10,2.67,35,10,Sep,200,2373.333333,2.67,SD,Feb.2025,8,0.018797522,17,4.822097,5.155321,140,220,1544,14.24870466,14.24870466,3,25.04854369,22.5042735,4.822097378,5.155320555,5266,45.39,234,45783,178,180,360,3,1080,2500,29666.66667,Sep,2024,24.1,14.5,22.3,24.6,92.4,83.1,3.9,1.3,99.4,11
10/2A,3.6,37,10/2A,Sep,0,0,3.6,VP,"June.,2024",17,0.025344973,23,7.12963,8.629227,160,320,1760,18.18181818,5.72,2,30.42857143,24.89293212,7.12962963,8.629227053,17786,82.8,714.5,45939,22,250,750,3,2250,974.666667,15594.66667,Sep,2024,24.1,14.5,22.3,24.6,92.4,83.1,3.9,1.3,99.4,11
3-Oct,2,12,3-Oct,Sep,160,1422.222222,2,VP,"Apr,2023",30,0.014080541,27,9,9.5,160,400,2477,16.14856681,4.4,3,24.55555556,27.34697856,9,9.5,14029,54,513,45824,137,310,1317.5,4,5270,2000,17777.77778,Sep,2024,24.1,14.5,22.3,24.6,92.4,83.1,3.9,1.3,99.4,11
4-Oct,1.25,48,4-Oct,Sep,112,622.222222,1.25,VP,"June,2024",17,0.008800338,21,10.4,9.333333,160,320,1871,17.10315339,4.39,3,17.35897436,25.12244898,10.4,9.333333333,6155,26.25,245,45918,43,250,500,4,2000,1124.2,6245.555556,Sep,2024,24.1,14.5,22.3,24.6,92.4,83.1,3.9,1.3,99.4,11
11,6.48,31,11,Sep,176,5068.8,6.48,VP,Oct.2024,14,0.045620952,35,4.73251,5.95679,160,240,1163,20.63628547,5.11,1,21.06521739,21.63508512,4.732510288,5.956790123,29229,226.8,1351,45788,173,310,2030.5,4,8122,2200,63360,Sep,2024,24.1,14.5,22.3,24.6,92.4,83.1,3.9,1.3,99.4,11
1-Nov,2.98,6,1-Nov,Sep,160,2119.111111,2.98,VP,"Oct,2023",23,0.020980006,22,10.626398,16.015863,160,320,3001,10.6631123,5.46,2,21.06315789,23.67047619,10.62639821,16.01586333,24854,65.56,1050,45903,58,310,2008.8,4,8035.2,2201.342282,29155.55556,Sep,2024,24.1,14.5,22.3,24.6,92.4,83.1,3.9,1.3,99.4,11
11/1A,2.27,24,11/1A,Sep,224,2259.911111,2.27,VP,"Apr,2022",42,0.015981414,20,11.306902,18.11674,80,240,3273,7.332722273,4.99,1,22.46753247,21.19513678,11.30690162,18.11674009,17433,45.4,822.5,45783,52,310,930,4,3720,2800,28248.88889,Sep,2024,24.1,14.5,22.3,24.6,92.4,83.1,3.9,1.3,99.4,11
12,6.39,17,12,Sep,128,3635.2,6.39,SD,"Nov,2022",35,0.044987328,34,4.042775,5.237964,160,400,1758,22.75312856,22.75312856,1,19.72258065,24.73989455,4.04277517,5.23796373,28154,217.26,1138,45783,183,250,667.5,4,2670,1600,45440,Sep,2024,24.1,14.5,22.3,24.6,92.4,83.1,3.9,1.3,99.4,11
1-Dec,4.25,7,1-Dec,Sep,224,4231.111111,4.25,VP,"Oct,2023",24,0.029921149,25,13.823529,16.475294,320,560,4441,12.60977257,4.56,3,24.52765957,27.20936875,13.82352941,16.47529412,47630,106.25,1750.5,45931,30,310,1156.3,4,4625.2,2800,52888.88889,Sep,2024,24.1,14.5,22.3,24.6,92.4,83.1,3.9,1.3,99.4,11
1A/1,4,21,1A/1,Sep,180,3200,4,VP,"Jul,2022",38,0.028161081,22,7.833333,9.420455,160,320,2352,13.60544218,6.08,3,18.40425532,25.09167672,7.833333333,9.420454545,20801,88,829,45931,23,200 Kgs.,180,250,310,2350,41777.77778,Sep,2024,24.1,14.5,22.3,24.6,92.4,83.1,3.9,1.3,99.4,11
1A/2,4.09,23,1A/2,Sep,176.899756,3215.644444,4.09,VP,"Apr,2022",40,0.028794706,22,6.356968,9.274283,80,320,1930,16.58031088,5.03,3,17.88461538,23.10245656,6.356968215,9.274283174,19279,89.98,834.5,45931,30,250,1000,3,3000,1779.462103,32346.66667,Sep,2024,24.1,14.5,22.3,24.6,92.4,83.1,3.9,1.3,99.4,11
1B/1,2.31,23,1B/1,Sep,171.290043,1758.577778,2.31,VP,"May,2022",40,0.016263025,19,10.606061,8.98838,80,240,1718,13.96973225,4.53,2,23.18367347,25.49809886,10.60606061,8.988380041,10059,43.89,394.5,,80,250,1022.5,3,3067.5,1859.74026,19093.33333,Sep,2024,24.1,14.5,22.3,24.6,92.4,83.1,3.9,1.3,99.4,11
2,5.24,36,2,Sep,144,3353.6,5.24,VP,"Jan,2025",2,0.0369,11,0,4.510756,0,80,618,12.94498382,4.39,0,0,21.56923077,0,4.510756419,5608,58,260,45945,16,250,1625,4,6500,1828.625954,42586.66667,Sep,2024,24.1,14.5,22.3,24.6,92.4,83.1,3.9,1.3,99.4,11
2A,6.5,31,2A,Sep,144,4160,6.5,VP,"Jan 2025,",2,0.0458,16,0,4.980769,0,80,920,8.695652174,4.66,0,0,20.91505792,0,4.980769231,10834,104,518,45934,27,250,577.5,3,1732.5,1784.615385,51555.55556,Sep,2024,24.1,14.5,22.3,24.6,92.4,83.1,3.9,1.3,99.4,11
3,5,37,3,Sep,0,0,5,VP,"Aug, 2024",15,0.035201352,21,7.066667,7.585714,160,240,1505,15.94684385,5.42,2,24.03773585,24.3992467,7.066666667,7.585714286,19434,105,796.5,45799,162,250,1310,4,5240,1496.8,33262.22222,Sep,2024,24.1,14.5,22.3,24.6,92.4,83.1,3.9,1.3,99.4,11
4,8.09,17,4,Sep,176,6328.177778,8.09,VP,"Nov,2022",35,0.056955787,16,7.10754,10.56474,160,240,1906,12.59181532,4.75,1,20.74782609,26.17769653,7.107540173,10.56474042,35798,129.44,1367.5,45840,121,310,1550,4,6200,2175.278121,78213.33333,Sep,2024,24.1,14.5,22.3,24.6,92.4,83.1,3.9,1.3,99.4,11
5A/1,5.7,31,5A/1,Sep,195.087719,4942.222222,5.7,VP,"Sep,2021",49,0.040129541,20,4.912281,8.355263,0,80,1826,4.381161008,4.381161008,1,22.82142857,23.89186352,4.912280702,8.355263158,22757,114,952.5,45783,44,310,2507.9,3,7523.7,2035.087719,51555.55556,Sep,2024,24.1,14.5,22.3,24.6,92.4,83.1,3.9,1.3,99.4,11
5A/2,7.62,29,5A/2,Sep,168,5689.6,7.62,VP,"Nov,2021",47,0.05364686,19,3.910761,8.077773,0,80,1616,4.95049505,5,0,18.43624161,24.38905515,3.910761155,8.077773173,28523,144.78,1169.5,45783,81,310,1767,4,7068,2049.606299,69413.33333,Sep,2024,24.1,14.5,22.3,24.6,92.4,83.1,3.9,1.3,99.4,11
5B/1,4.18,30,5B/1,Sep,176,3269.688889,4.18,VP,"May,2024",17,0.02942833,34,4.30622,5.389811,240,400,1964,20.36659878,5.35,1,28.82407407,28.95953003,4.306220096,5.389811427,22183,142.12,766,45765,196,310,2362.2,4,9448.8,2283.732057,42426.66667,Sep,2024,24.1,14.5,22.3,24.6,92.4,83.1,3.9,1.3,99.4,11
6A/1,2,12,6A/1,Sep,176,1564.444444,2,VP,"Apr,2023",30,0.014080541,33,4.666667,6.939394,160,400,2558,15.63721658,3.97,2,26.64285714,29.48689956,4.666666667,6.939393939,13505,66,458,45818,143,310,1116,4,4464,2375,21111.11111,Sep,2024,24.1,14.5,22.3,24.6,92.4,83.1,3.9,1.3,99.4,11
6A/2,2,36,6A/2,Sep,240,2133.333333,2,VP,"Feb,2025",8,0.0141,26,5.833333,6.471154,160,240,1693,14.1760189,4.85,3,21.84285714,20.23774146,5.833333333,6.471153846,6810,52,336.5,45911,50,310,923.8,4,3695.2,3433,30515.55556,Sep,2024,24.1,14.5,22.3,24.6,92.4,83.1,3.9,1.3,99.4,11
6A/2/1,2,42,6A/2/1,Sep,128,1137.777778,2,VP,"May,2024",17,0.014080541,28,6.583333,9.892857,240,480,2473,19.40962394,4.3,3,25.21518987,23.84115523,6.583333333,9.892857143,13208,56,554,45779,182,310,620,4,2480,1391,12364.44444,Sep,2024,24.1,14.5,22.3,24.6,92.4,83.1,3.9,1.3,99.4,11
6B/2/3,3,30,6B/2/3,Sep,256,3413.333333,3,VP,"Oct,2021",48,0.021120811,33,7.933333,10.535354,160,400,2956,13.53179973,4.03,2,22.09243697,22.56088207,7.933333333,10.53535354,23531,99,1043,45783,249,310,1295.8,4,5183.2,3200,42666.66667,Sep,2024,24.1,14.5,22.3,24.6,92.4,83.1,3.9,1.3,99.4,11
6B/4,3,17,6B/4,Sep,228,3040,3,VP,"Feb,2025",8,0.0227,23,2.992776,2.934446,140,300,1193,25.14668902,4.96,1,29.36206897,22.25229358,2.992776058,2.93444609,4851,74,218,45905,56,310,930,4,3720,2850,38000,Sep,2024,24.1,14.5,22.3,24.6,92.4,83.1,3.9,1.3,99.4,11
7,3,12,7,Sep,176,2346.666667,3,VP,"Apr,2023",30,0.021120811,35,4.611111,5.542857,160,480,2572,18.66251944,4.52,1,28.19277108,34.57216495,4.611111111,5.542857143,20121,105,582,45783,178,310,620,4,2480,2233,29773.33333,Sep,2024,24.1,14.5,22.3,24.6,92.4,83.1,3.9,1.3,99.4,11
1-Jul,3.73,7,1-Jul,Sep,112,1856.711111,3.73,VP,"Sep,2023",23,0.026260208,35,4.110813,6.641134,160,400,2550,15.68627451,4.38,2,29.64130435,28.727797,4.110813226,6.641133665,24907,130.55,867,45788,173,250,567.5,3,1702.5,1420.643432,23551.11111,Sep,2024,24.1,14.5,22.3,24.6,92.4,83.1,3.9,1.3,99.4,11
7A,1.54,43,7A,Sep,48,328.533333,1.54,SD,"Oct,2024",12,0.010842016,35,4.935065,4.471243,160,160,1087,14.71941122,14.71941122,3,25.68421053,24.54356846,4.935064935,4.471243043,5915,53.9,241,45783,301,250,600,4,2400,492.298701,3369.511111,Sep,2024,24.1,14.5,22.3,24.6,92.4,83.1,3.9,1.3,99.4,11
1-Aug,6,12,1-Aug,Sep,195.833333,5222.222222,6,VP,"Apr,2023",30,0.042241622,23,8.416667,10.576087,160,240,2504,9.584664537,4.35,2,21.90594059,27.37923947,8.416666667,10.57608696,39960,138,1459.5,45947,14,310,620,4,2480,2035.833333,54288.88889,Sep,2024,24.1,14.5,22.3,24.6,92.4,83.1,3.9,1.3,99.4,11
2-Aug,6.55,6,2-Aug,Sep,160,4657.777778,6.55,VP,"Oct,2023",24,0.046113771,18,6.92112,9.126378,160,240,1800,13.33333333,5.11,2,23.34558824,28.94423792,6.921119593,9.126378287,31144,117.9,1076,45884,77,310,1860,4,7440,2000,58222.22222,Sep,2024,24.1,14.5,22.3,24.6,92.4,83.1,3.9,1.3,99.4,11
9,6.45,18,9,Sep,88,2522.666667,6.45,SD,"Oct,2022",36,0.045409744,22,6.472868,7.811839,160,160,1821,8.786381109,8.786381109,1,20.30538922,23.18899414,6.472868217,7.811839323,25705,141.9,1108.5,45783,55,250,385,4,1540,1100,31533.33333,Sep,2024,24.1,14.5,22.3,24.6,92.4,83.1,3.9,1.3,99.4,11
9A,2,18,9A,Sep,160,1422.222222,2,SD,Nov.2022,36,0.014080541,21,9.5,11.619048,80,240,2222,10.80108011,10.80108011,2,19.76315789,23.40163934,9.5,11.61904762,11420,42,488,45783,23,180,1161,3,3483,2000,17777.77778,Sep,2024,24.1,14.5,22.3,24.6,92.4,83.1,3.9,1.3,99.4,11
9A/2,2.4,23,9A/2,Sep,12,128,2.4,VP,Rev 2022,41,0.016896649,4,0,8.333333,40,40,69,57.97101449,4.82,0,0,0,0,0,227,9.6,80,45783,53,180,225,4,900,150,1600,Sep,2024,24.1,14.5,22.3,24.6,92.4,83.1,3.9,1.3,99.4,11
10,2.67,35,10,Oct,212.5,2521.666667,2.67,SD,Feb.2025,8,0.018797522,17,4.822097,5.155321,140,220,1544,14.24870466,14.24870466,3,25.04854369,22.5042735,4.822097378,5.155320555,5266,45.39,234,45783,178,180,360,3,1080,2500,29666.66667,Oct,2024,25.1,14.9,22.1,24.6,86.4,78.9,5,1.61,101.9,8
10/2A,3.6,37,10/2A,Oct,0,0,3.6,VP,"June.,2024",17,0.025344973,23,7.12963,8.629227,160,320,1760,18.18181818,5.72,2,30.42857143,24.89293212,7.12962963,8.629227053,17786,82.8,714.5,45939,22,250,750,3,2250,974.666667,15594.66667,Oct,2024,25.1,14.9,22.1,24.6,86.4,78.9,5,1.61,101.9,8
3-Oct,2,12,3-Oct,Oct,170,1511.111111,2,VP,"Apr,2023",30,0.014080541,27,9,9.5,160,400,2477,16.14856681,4.4,3,24.55555556,27.34697856,9,9.5,14029,54,513,45824,137,310,1317.5,4,5270,2000,17777.77778,Oct,2024,25.1,14.9,22.1,24.6,86.4,78.9,5,1.61,101.9,8
4-Oct,1.25,48,4-Oct,Oct,119,661.111111,1.25,VP,"June,2024",17,0.008800338,21,10.4,9.333333,160,320,1871,17.10315339,4.39,3,17.35897436,25.12244898,10.4,9.333333333,6155,26.25,245,45918,43,250,500,4,2000,1124.2,6245.555556,Oct,2024,25.1,14.9,22.1,24.6,86.4,78.9,5,1.61,101.9,8
11,6.48,31,11,Oct,187,5385.6,6.48,VP,Oct.2024,14,0.045620952,35,4.73251,5.95679,160,240,1163,20.63628547,5.11,1,21.06521739,21.63508512,4.732510288,5.956790123,29229,226.8,1351,45788,173,310,2030.5,4,8122,2200,63360,Oct,2024,25.1,14.9,22.1,24.6,86.4,78.9,5,1.61,101.9,8
1-Nov,2.98,6,1-Nov,Oct,170,2251.555556,2.98,VP,"Oct,2023",23,0.020980006,22,10.626398,16.015863,160,320,3001,10.6631123,5.46,2,21.06315789,23.67047619,10.62639821,16.01586333,24854,65.56,1050,45903,58,310,2008.8,4,8035.2,2201.342282,29155.55556,Oct,2024,25.1,14.9,22.1,24.6,86.4,78.9,5,1.61,101.9,8
11/1A,2.27,24,11/1A,Oct,238,2401.155556,2.27,VP,"Apr,2022",42,0.015981414,20,11.306902,18.11674,80,240,3273,7.332722273,4.99,1,22.46753247,21.19513678,11.30690162,18.11674009,17433,45.4,822.5,45783,52,310,930,4,3720,2800,28248.88889,Oct,2024,25.1,14.9,22.1,24.6,86.4,78.9,5,1.61,101.9,8
12,6.39,17,12,Oct,136,3862.4,6.39,SD,"Nov,2022",35,0.044987328,34,4.042775,5.237964,160,400,1758,22.75312856,22.75312856,1,19.72258065,24.73989455,4.04277517,5.23796373,28154,217.26,1138,45783,183,250,667.5,4,2670,1600,45440,Oct,2024,25.1,14.9,22.1,24.6,86.4,78.9,5,1.61,101.9,8
1-Dec,4.25,7,1-Dec,Oct,238,4495.555556,4.25,VP,"Oct,2023",24,0.029921149,25,13.823529,16.475294,320,560,4441,12.60977257,4.56,3,24.52765957,27.20936875,13.82352941,16.47529412,47630,106.25,1750.5,45931,30,310,1156.3,4,4625.2,2800,52888.88889,Oct,2024,25.1,14.9,22.1,24.6,86.4,78.9,5,1.61,101.9,8
1A/1,4,21,1A/1,Oct,241.25,4288.888889,4,VP,"Jul,2022",38,0.028161081,22,7.833333,9.420455,160,320,2352,13.60544218,6.08,3,18.40425532,25.09167672,7.833333333,9.420454545,20801,88,829,45931,23,200 Kgs.,180,250,310,2350,41777.77778,Oct,2024,25.1,14.9,22.1,24.6,86.4,78.9,5,1.61,101.9,8
1A/2,4.09,23,1A/2,Oct,184.899756,3361.066667,4.09,VP,"Apr,2022",40,0.028794706,22,6.356968,9.274283,80,320,1930,16.58031088,5.03,3,17.88461538,23.10245656,6.356968215,9.274283174,19279,89.98,834.5,45931,30,250,1000,3,3000,1779.462103,32346.66667,Oct,2024,25.1,14.9,22.1,24.6,86.4,78.9,5,1.61,101.9,8
1B/1,2.31,23,1B/1,Oct,265.87013,2729.6,2.31,VP,"May,2022",40,0.016263025,19,10.606061,8.98838,80,240,1718,13.96973225,4.53,2,23.18367347,25.49809886,10.60606061,8.988380041,10059,43.89,394.5,,80,250,1022.5,3,3067.5,1859.74026,19093.33333,Oct,2024,25.1,14.9,22.1,24.6,86.4,78.9,5,1.61,101.9,8
2,5.24,36,2,Oct,153,3563.2,5.24,VP,"Jan,2025",2,0.0369,11,0,4.510756,0,80,618,12.94498382,4.39,0,0,21.56923077,0,4.510756419,5608,58,260,45945,16,250,1625,4,6500,1828.625954,42586.66667,Oct,2024,25.1,14.9,22.1,24.6,86.4,78.9,5,1.61,101.9,8
2A,6.5,31,2A,Oct,153,4420,6.5,VP,"Jan 2025,",2,0.0458,16,0,4.980769,0,80,920,8.695652174,4.66,0,0,20.91505792,0,4.980769231,10834,104,518,45934,27,250,577.5,3,1732.5,1784.615385,51555.55556,Oct,2024,25.1,14.9,22.1,24.6,86.4,78.9,5,1.61,101.9,8
3,5,37,3,Oct,0,0,5,VP,"Aug, 2024",15,0.035201352,21,7.066667,7.585714,160,240,1505,15.94684385,5.42,2,24.03773585,24.3992467,7.066666667,7.585714286,19434,105,796.5,45799,162,250,1310,4,5240,1496.8,33262.22222,Oct,2024,25.1,14.9,22.1,24.6,86.4,78.9,5,1.61,101.9,8
4,8.09,17,4,Oct,187,6723.688889,8.09,VP,"Nov,2022",35,0.056955787,16,7.10754,10.56474,160,240,1906,12.59181532,4.75,1,20.74782609,26.17769653,7.107540173,10.56474042,35798,129.44,1367.5,45840,121,310,1550,4,6200,2175.278121,78213.33333,Oct,2024,25.1,14.9,22.1,24.6,86.4,78.9,5,1.61,101.9,8
5A/1,5.7,31,5A/1,Oct,170,4306.666667,5.7,VP,"Sep,2021",49,0.040129541,20,4.912281,8.355263,0,80,1826,4.381161008,4.381161008,1,22.82142857,23.89186352,4.912280702,8.355263158,22757,114,952.5,45783,44,310,2507.9,3,7523.7,2035.087719,51555.55556,Oct,2024,25.1,14.9,22.1,24.6,86.4,78.9,5,1.61,101.9,8
5A/2,7.62,29,5A/2,Oct,178.5,6045.2,7.62,VP,"Nov,2021",47,0.05364686,19,3.910761,8.077773,0,80,1616,4.95049505,5,0,18.43624161,24.38905515,3.910761155,8.077773173,28523,144.78,1169.5,45783,81,310,1767,4,7068,2049.606299,69413.33333,Oct,2024,25.1,14.9,22.1,24.6,86.4,78.9,5,1.61,101.9,8
5B/1,4.18,30,5B/1,Oct,234.84689,4362.933333,4.18,VP,"May,2024",17,0.02942833,34,4.30622,5.389811,240,400,1964,20.36659878,5.35,1,28.82407407,28.95953003,4.306220096,5.389811427,22183,142.12,766,45765,196,310,2362.2,4,9448.8,2283.732057,42426.66667,Oct,2024,25.1,14.9,22.1,24.6,86.4,78.9,5,1.61,101.9,8
6A/1,2,12,6A/1,Oct,312,2773.333333,2,VP,"Apr,2023",30,0.014080541,33,4.666667,6.939394,160,400,2558,15.63721658,3.97,2,26.64285714,29.48689956,4.666666667,6.939393939,13505,66,458,45818,143,310,1116,4,4464,2375,21111.11111,Oct,2024,25.1,14.9,22.1,24.6,86.4,78.9,5,1.61,101.9,8
6A/2,2,36,6A/2,Oct,255,2266.666667,2,VP,"Feb,2025",8,0.0141,26,5.833333,6.471154,160,240,1693,14.1760189,4.85,3,21.84285714,20.23774146,5.833333333,6.471153846,6810,52,336.5,45911,50,310,923.8,4,3695.2,3433,30515.55556,Oct,2024,25.1,14.9,22.1,24.6,86.4,78.9,5,1.61,101.9,8
6A/2/1,2,42,6A/2/1,Oct,136,1208.888889,2,VP,"May,2024",17,0.014080541,28,6.583333,9.892857,240,480,2473,19.40962394,4.3,3,25.21518987,23.84115523,6.583333333,9.892857143,13208,56,554,45779,182,310,620,4,2480,1391,12364.44444,Oct,2024,25.1,14.9,22.1,24.6,86.4,78.9,5,1.61,101.9,8
6B/2/3,3,30,6B/2/3,Oct,272,3626.666667,3,VP,"Oct,2021",48,0.021120811,33,7.933333,10.535354,160,400,2956,13.53179973,4.03,2,22.09243697,22.56088207,7.933333333,10.53535354,23531,99,1043,45783,249,310,1295.8,4,5183.2,3200,42666.66667,Oct,2024,25.1,14.9,22.1,24.6,86.4,78.9,5,1.61,101.9,8
6B/4,3,17,6B/4,Oct,242.25,3230,3,VP,"Feb,2025",8,0.0227,23,2.992776,2.934446,140,300,1193,25.14668902,4.96,1,29.36206897,22.25229358,2.992776058,2.93444609,4851,74,218,45905,56,310,930,4,3720,2850,38000,Oct,2024,25.1,14.9,22.1,24.6,86.4,78.9,5,1.61,101.9,8
7,3,12,7,Oct,187,2493.333333,3,VP,"Apr,2023",30,0.021120811,35,4.611111,5.542857,160,480,2572,18.66251944,4.52,1,28.19277108,34.57216495,4.611111111,5.542857143,20121,105,582,45783,178,310,620,4,2480,2233,29773.33333,Oct,2024,25.1,14.9,22.1,24.6,86.4,78.9,5,1.61,101.9,8
1-Jul,3.73,7,1-Jul,Oct,139.643432,2314.977778,3.73,VP,"Sep,2023",23,0.026260208,35,4.110813,6.641134,160,400,2550,15.68627451,4.38,2,29.64130435,28.727797,4.110813226,6.641133665,24907,130.55,867,45788,173,250,567.5,3,1702.5,1420.643432,23551.11111,Oct,2024,25.1,14.9,22.1,24.6,86.4,78.9,5,1.61,101.9,8
7A,1.54,43,7A,Oct,51,349.066667,1.54,SD,"Oct,2024",12,0.010842016,35,4.935065,4.471243,160,160,1087,14.71941122,14.71941122,3,25.68421053,24.54356846,4.935064935,4.471243043,5915,53.9,241,45783,301,250,600,4,2400,492.298701,3369.511111,Oct,2024,25.1,14.9,22.1,24.6,86.4,78.9,5,1.61,101.9,8
1-Aug,6,12,1-Aug,Oct,170,4533.333333,6,VP,"Apr,2023",30,0.042241622,23,8.416667,10.576087,160,240,2504,9.584664537,4.35,2,21.90594059,27.37923947,8.416666667,10.57608696,39960,138,1459.5,45947,14,310,620,4,2480,2035.833333,54288.88889,Oct,2024,25.1,14.9,22.1,24.6,86.4,78.9,5,1.61,101.9,8
2-Aug,6.55,6,2-Aug,Oct,170,4948.888889,6.55,VP,"Oct,2023",24,0.046113771,18,6.92112,9.126378,160,240,1800,13.33333333,5.11,2,23.34558824,28.94423792,6.921119593,9.126378287,31144,117.9,1076,45884,77,310,1860,4,7440,2000,58222.22222,Oct,2024,25.1,14.9,22.1,24.6,86.4,78.9,5,1.61,101.9,8
9,6.45,18,9,Oct,93.5,2680.333333,6.45,SD,"Oct,2022",36,0.045409744,22,6.472868,7.811839,160,160,1821,8.786381109,8.786381109,1,20.30538922,23.18899414,6.472868217,7.811839323,25705,141.9,1108.5,45783,55,250,385,4,1540,1100,31533.33333,Oct,2024,25.1,14.9,22.1,24.6,86.4,78.9,5,1.61,101.9,8
9A,2,18,9A,Oct,170,1511.111111,2,SD,Nov.2022,36,0.014080541,21,9.5,11.619048,80,240,2222,10.80108011,10.80108011,2,19.76315789,23.40163934,9.5,11.61904762,11420,42,488,45783,23,180,1161,3,3483,2000,17777.77778,Oct,2024,25.1,14.9,22.1,24.6,86.4,78.9,5,1.61,101.9,8
9A/2,2.4,23,9A/2,Oct,12.75,136,2.4,VP,Rev 2022,41,0.016896649,4,0,8.333333,40,40,69,57.97101449,4.82,0,0,0,0,0,227,9.6,80,45783,53,180,225,4,900,150,1600,Oct,2024,25.1,14.9,22.1,24.6,86.4,78.9,5,1.61,101.9,8
10,2.67,35,10,Nov,237.5,2818.333333,2.67,SD,Feb.2025,8,0.018797522,17,4.822097,5.155321,140,220,1544,14.24870466,14.24870466,3,25.04854369,22.5042735,4.822097378,5.155320555,5266,45.39,234,45783,178,180,360,3,1080,2500,29666.66667,Nov,2024,24.5,14.3,21.4,23.5,88.1,85.6,4.3,2.33,445.2,18
10/2A,3.6,37,10/2A,Nov,0,0,3.6,VP,"June.,2024",17,0.025344973,23,7.12963,8.629227,160,320,1760,18.18181818,5.72,2,30.42857143,24.89293212,7.12962963,8.629227053,17786,82.8,714.5,45939,22,250,750,3,2250,974.666667,15594.66667,Nov,2024,24.5,14.3,21.4,23.5,88.1,85.6,4.3,2.33,445.2,18
3-Oct,2,12,3-Oct,Nov,190,1688.888889,2,VP,"Apr,2023",30,0.014080541,27,9,9.5,160,400,2477,16.14856681,4.4,3,24.55555556,27.34697856,9,9.5,14029,54,513,45824,137,310,1317.5,4,5270,2000,17777.77778,Nov,2024,24.5,14.3,21.4,23.5,88.1,85.6,4.3,2.33,445.2,18
4-Oct,1.25,48,4-Oct,Nov,133,738.888889,1.25,VP,"June,2024",17,0.008800338,21,10.4,9.333333,160,320,1871,17.10315339,4.39,3,17.35897436,25.12244898,10.4,9.333333333,6155,26.25,245,45918,43,250,500,4,2000,1124.2,6245.555556,Nov,2024,24.5,14.3,21.4,23.5,88.1,85.6,4.3,2.33,445.2,18
11,6.48,31,11,Nov,209,6019.2,6.48,VP,Oct.2024,14,0.045620952,35,4.73251,5.95679,160,240,1163,20.63628547,5.11,1,21.06521739,21.63508512,4.732510288,5.956790123,29229,226.8,1351,45788,173,310,2030.5,4,8122,2200,63360,Nov,2024,24.5,14.3,21.4,23.5,88.1,85.6,4.3,2.33,445.2,18
1-Nov,2.98,6,1-Nov,Nov,223.557047,2960.888889,2.98,VP,"Oct,2023",23,0.020980006,22,10.626398,16.015863,160,320,3001,10.6631123,5.46,2,21.06315789,23.67047619,10.62639821,16.01586333,24854,65.56,1050,45903,58,310,2008.8,4,8035.2,2201.342282,29155.55556,Nov,2024,24.5,14.3,21.4,23.5,88.1,85.6,4.3,2.33,445.2,18
11/1A,2.27,24,11/1A,Nov,266,2683.644444,2.27,VP,"Apr,2022",42,0.015981414,20,11.306902,18.11674,80,240,3273,7.332722273,4.99,1,22.46753247,21.19513678,11.30690162,18.11674009,17433,45.4,822.5,45783,52,310,930,4,3720,2800,28248.88889,Nov,2024,24.5,14.3,21.4,23.5,88.1,85.6,4.3,2.33,445.2,18
12,6.39,17,12,Nov,152,4316.8,6.39,SD,"Nov,2022",35,0.044987328,34,4.042775,5.237964,160,400,1758,22.75312856,22.75312856,1,19.72258065,24.73989455,4.04277517,5.23796373,28154,217.26,1138,45783,183,250,667.5,4,2670,1600,45440,Nov,2024,24.5,14.3,21.4,23.5,88.1,85.6,4.3,2.33,445.2,18
1-Dec,4.25,7,1-Dec,Nov,266,5024.444444,4.25,VP,"Oct,2023",24,0.029921149,25,13.823529,16.475294,320,560,4441,12.60977257,4.56,3,24.52765957,27.20936875,13.82352941,16.47529412,47630,106.25,1750.5,45931,30,310,1156.3,4,4625.2,2800,52888.88889,Nov,2024,24.5,14.3,21.4,23.5,88.1,85.6,4.3,2.33,445.2,18
1A/1,4,21,1A/1,Nov,263.75,4688.888889,4,VP,"Jul,2022",38,0.028161081,22,7.833333,9.420455,160,320,2352,13.60544218,6.08,3,18.40425532,25.09167672,7.833333333,9.420454545,20801,88,829,45931,23,200 Kgs.,180,250,310,2350,41777.77778,Nov,2024,24.5,14.3,21.4,23.5,88.1,85.6,4.3,2.33,445.2,18
1A/2,4.09,23,1A/2,Nov,233.662592,4247.466667,4.09,VP,"Apr,2022",40,0.028794706,22,6.356968,9.274283,80,320,1930,16.58031088,5.03,3,17.88461538,23.10245656,6.356968215,9.274283174,19279,89.98,834.5,45931,30,250,1000,3,3000,1779.462103,32346.66667,Nov,2024,24.5,14.3,21.4,23.5,88.1,85.6,4.3,2.33,445.2,18
1B/1,2.31,23,1B/1,Nov,238.580087,2449.422222,2.31,VP,"May,2022",40,0.016263025,19,10.606061,8.98838,80,240,1718,13.96973225,4.53,2,23.18367347,25.49809886,10.60606061,8.988380041,10059,43.89,394.5,,80,250,1022.5,3,3067.5,1859.74026,19093.33333,Nov,2024,24.5,14.3,21.4,23.5,88.1,85.6,4.3,2.33,445.2,18
2,5.24,36,2,Nov,199.625954,4649.066667,5.24,VP,"Jan,2025",2,0.0369,11,0,4.510756,0,80,618,12.94498382,4.39,0,0,21.56923077,0,4.510756419,5608,58,260,45945,16,250,1625,4,6500,1828.625954,42586.66667,Nov,2024,24.5,14.3,21.4,23.5,88.1,85.6,4.3,2.33,445.2,18
2A,6.5,31,2A,Nov,171,4940,6.5,VP,"Jan 2025,",2,0.0458,16,0,4.980769,0,80,920,8.695652174,4.66,0,0,20.91505792,0,4.980769231,10834,104,518,45934,27,250,577.5,3,1732.5,1784.615385,51555.55556,Nov,2024,24.5,14.3,21.4,23.5,88.1,85.6,4.3,2.33,445.2,18
3,5,37,3,Nov,0,0,5,VP,"Aug, 2024",15,0.035201352,21,7.066667,7.585714,160,240,1505,15.94684385,5.42,2,24.03773585,24.3992467,7.066666667,7.585714286,19434,105,796.5,45799,162,250,1310,4,5240,1496.8,33262.22222,Nov,2024,24.5,14.3,21.4,23.5,88.1,85.6,4.3,2.33,445.2,18
4,8.09,17,4,Nov,209,7514.711111,8.09,VP,"Nov,2022",35,0.056955787,16,7.10754,10.56474,160,240,1906,12.59181532,4.75,1,20.74782609,26.17769653,7.107540173,10.56474042,35798,129.44,1367.5,45840,121,310,1550,4,6200,2175.278121,78213.33333,Nov,2024,24.5,14.3,21.4,23.5,88.1,85.6,4.3,2.33,445.2,18
5A/1,5.7,31,5A/1,Nov,190,4813.333333,5.7,VP,"Sep,2021",49,0.040129541,20,4.912281,8.355263,0,80,1826,4.381161008,4.381161008,1,22.82142857,23.89186352,4.912280702,8.355263158,22757,114,952.5,45783,44,310,2507.9,3,7523.7,2035.087719,51555.55556,Nov,2024,24.5,14.3,21.4,23.5,88.1,85.6,4.3,2.33,445.2,18
5A/2,7.62,29,5A/2,Nov,199.5,6756.4,7.62,VP,"Nov,2021",47,0.05364686,19,3.910761,8.077773,0,80,1616,4.95049505,5,0,18.43624161,24.38905515,3.910761155,8.077773173,28523,144.78,1169.5,45783,81,310,1767,4,7068,2049.606299,69413.33333,Nov,2024,24.5,14.3,21.4,23.5,88.1,85.6,4.3,2.33,445.2,18
5B/1,4.18,30,5B/1,Nov,244.885167,4549.422222,4.18,VP,"May,2024",17,0.02942833,34,4.30622,5.389811,240,400,1964,20.36659878,5.35,1,28.82407407,28.95953003,4.306220096,5.389811427,22183,142.12,766,45765,196,310,2362.2,4,9448.8,2283.732057,42426.66667,Nov,2024,24.5,14.3,21.4,23.5,88.1,85.6,4.3,2.33,445.2,18
6A/1,2,12,6A/1,Nov,259,2302.222222,2,VP,"Apr,2023",30,0.014080541,33,4.666667,6.939394,160,400,2558,15.63721658,3.97,2,26.64285714,29.48689956,4.666666667,6.939393939,13505,66,458,45818,143,310,1116,4,4464,2375,21111.11111,Nov,2024,24.5,14.3,21.4,23.5,88.1,85.6,4.3,2.33,445.2,18
6A/2,2,36,6A/2,Nov,335,2977.777778,2,VP,"Feb,2025",8,0.0141,26,5.833333,6.471154,160,240,1693,14.1760189,4.85,3,21.84285714,20.23774146,5.833333333,6.471153846,6810,52,336.5,45911,50,310,923.8,4,3695.2,3433,30515.55556,Nov,2024,24.5,14.3,21.4,23.5,88.1,85.6,4.3,2.33,445.2,18
6A/2/1,2,42,6A/2/1,Nov,252,2240,2,VP,"May,2024",17,0.014080541,28,6.583333,9.892857,240,480,2473,19.40962394,4.3,3,25.21518987,23.84115523,6.583333333,9.892857143,13208,56,554,45779,182,310,620,4,2480,1391,12364.44444,Nov,2024,24.5,14.3,21.4,23.5,88.1,85.6,4.3,2.33,445.2,18
6B/2/3,3,30,6B/2/3,Nov,304,4053.333333,3,VP,"Oct,2021",48,0.021120811,33,7.933333,10.535354,160,400,2956,13.53179973,4.03,2,22.09243697,22.56088207,7.933333333,10.53535354,23531,99,1043,45783,249,310,1295.8,4,5183.2,3200,42666.66667,Nov,2024,24.5,14.3,21.4,23.5,88.1,85.6,4.3,2.33,445.2,18
6B/4,3,17,6B/4,Nov,270.75,3610,3,VP,"Feb,2025",8,0.0227,23,2.992776,2.934446,140,300,1193,25.14668902,4.96,1,29.36206897,22.25229358,2.992776058,2.93444609,4851,74,218,45905,56,310,930,4,3720,2850,38000,Nov,2024,24.5,14.3,21.4,23.5,88.1,85.6,4.3,2.33,445.2,18
7,3,12,7,Nov,209,2786.666667,3,VP,"Apr,2023",30,0.021120811,35,4.611111,5.542857,160,480,2572,18.66251944,4.52,1,28.19277108,34.57216495,4.611111111,5.542857143,20121,105,582,45783,178,310,620,4,2480,2233,29773.33333,Nov,2024,24.5,14.3,21.4,23.5,88.1,85.6,4.3,2.33,445.2,18
1-Jul,3.73,7,1-Jul,Nov,133,2204.844444,3.73,VP,"Sep,2023",23,0.026260208,35,4.110813,6.641134,160,400,2550,15.68627451,4.38,2,29.64130435,28.727797,4.110813226,6.641133665,24907,130.55,867,45788,173,250,567.5,3,1702.5,1420.643432,23551.11111,Nov,2024,24.5,14.3,21.4,23.5,88.1,85.6,4.3,2.33,445.2,18
7A,1.54,43,7A,Nov,57,390.133333,1.54,SD,"Oct,2024",12,0.010842016,35,4.935065,4.471243,160,160,1087,14.71941122,14.71941122,3,25.68421053,24.54356846,4.935064935,4.471243043,5915,53.9,241,45783,301,250,600,4,2400,492.298701,3369.511111,Nov,2024,24.5,14.3,21.4,23.5,88.1,85.6,4.3,2.33,445.2,18
1-Aug,6,12,1-Aug,Nov,190,5066.666667,6,VP,"Apr,2023",30,0.042241622,23,8.416667,10.576087,160,240,2504,9.584664537,4.35,2,21.90594059,27.37923947,8.416666667,10.57608696,39960,138,1459.5,45947,14,310,620,4,2480,2035.833333,54288.88889,Nov,2024,24.5,14.3,21.4,23.5,88.1,85.6,4.3,2.33,445.2,18
2-Aug,6.55,6,2-Aug,Nov,190,5531.111111,6.55,VP,"Oct,2023",24,0.046113771,18,6.92112,9.126378,160,240,1800,13.33333333,5.11,2,23.34558824,28.94423792,6.921119593,9.126378287,31144,117.9,1076,45884,77,310,1860,4,7440,2000,58222.22222,Nov,2024,24.5,14.3,21.4,23.5,88.1,85.6,4.3,2.33,445.2,18
9,6.45,18,9,Nov,104.5,2995.666667,6.45,SD,"Oct,2022",36,0.045409744,22,6.472868,7.811839,160,160,1821,8.786381109,8.786381109,1,20.30538922,23.18899414,6.472868217,7.811839323,25705,141.9,1108.5,45783,55,250,385,4,1540,1100,31533.33333,Nov,2024,24.5,14.3,21.4,23.5,88.1,85.6,4.3,2.33,445.2,18
9A,2,18,9A,Nov,190,1688.888889,2,SD,Nov.2022,36,0.014080541,21,9.5,11.619048,80,240,2222,10.80108011,10.80108011,2,19.76315789,23.40163934,9.5,11.61904762,11420,42,488,45783,23,180,1161,3,3483,2000,17777.77778,Nov,2024,24.5,14.3,21.4,23.5,88.1,85.6,4.3,2.33,445.2,18
9A/2,2.4,23,9A/2,Nov,14.25,152,2.4,VP,Rev 2022,41,0.016896649,4,0,8.333333,40,40,69,57.97101449,4.82,0,0,0,0,0,227,9.6,80,45783,53,180,225,4,900,150,1600,Nov,2024,24.5,14.3,21.4,23.5,88.1,85.6,4.3,2.33,445.2,18
10,2.67,35,10,Dec,250,2966.666667,2.67,SD,Feb.2025,8,0.018797522,17,4.822097,5.155321,140,220,1544,14.24870466,14.24870466,3,25.04854369,22.5042735,4.822097378,5.155320555,5266,45.39,234,45783,178,180,360,3,1080,2500,29666.66667,Dec,2024,25.5,13.1,20.7,24.2,83.1,70.6,5.8,2.19,139.6,15
10/2A,3.6,37,10/2A,Dec,120,1920,3.6,VP,"June.,2024",17,0.025344973,23,7.12963,8.629227,160,320,1760,18.18181818,5.72,2,30.42857143,24.89293212,7.12962963,8.629227053,17786,82.8,714.5,45939,22,250,750,3,2250,974.666667,15594.66667,Dec,2024,25.5,13.1,20.7,24.2,83.1,70.6,5.8,2.19,139.6,15
3-Oct,2,12,3-Oct,Dec,200,1777.777778,2,VP,"Apr,2023",30,0.014080541,27,9,9.5,160,400,2477,16.14856681,4.4,3,24.55555556,27.34697856,9,9.5,14029,54,513,45824,137,310,1317.5,4,5270,2000,17777.77778,Dec,2024,25.5,13.1,20.7,24.2,83.1,70.6,5.8,2.19,139.6,15
4-Oct,1.25,48,4-Oct,Dec,140,777.777778,1.25,VP,"June,2024",17,0.008800338,21,10.4,9.333333,160,320,1871,17.10315339,4.39,3,17.35897436,25.12244898,10.4,9.333333333,6155,26.25,245,45918,43,250,500,4,2000,1124.2,6245.555556,Dec,2024,25.5,13.1,20.7,24.2,83.1,70.6,5.8,2.19,139.6,15
11,6.48,31,11,Dec,220,6336,6.48,VP,Oct.2024,14,0.045620952,35,4.73251,5.95679,160,240,1163,20.63628547,5.11,1,21.06521739,21.63508512,4.732510288,5.956790123,29229,226.8,1351,45788,173,310,2030.5,4,8122,2200,63360,Dec,2024,25.5,13.1,20.7,24.2,83.1,70.6,5.8,2.19,139.6,15
1-Nov,2.98,6,1-Nov,Dec,200,2648.888889,2.98,VP,"Oct,2023",23,0.020980006,22,10.626398,16.015863,160,320,3001,10.6631123,5.46,2,21.06315789,23.67047619,10.62639821,16.01586333,24854,65.56,1050,45903,58,310,2008.8,4,8035.2,2201.342282,29155.55556,Dec,2024,25.5,13.1,20.7,24.2,83.1,70.6,5.8,2.19,139.6,15
11/1A,2.27,24,11/1A,Dec,280,2824.888889,2.27,VP,"Apr,2022",42,0.015981414,20,11.306902,18.11674,80,240,3273,7.332722273,4.99,1,22.46753247,21.19513678,11.30690162,18.11674009,17433,45.4,822.5,45783,52,310,930,4,3720,2800,28248.88889,Dec,2024,25.5,13.1,20.7,24.2,83.1,70.6,5.8,2.19,139.6,15
12,6.39,17,12,Dec,160,4544,6.39,SD,"Nov,2022",35,0.044987328,34,4.042775,5.237964,160,400,1758,22.75312856,22.75312856,1,19.72258065,24.73989455,4.04277517,5.23796373,28154,217.26,1138,45783,183,250,667.5,4,2670,1600,45440,Dec,2024,25.5,13.1,20.7,24.2,83.1,70.6,5.8,2.19,139.6,15
1-Dec,4.25,7,1-Dec,Dec,280,5288.888889,4.25,VP,"Oct,2023",24,0.029921149,25,13.823529,16.475294,320,560,4441,12.60977257,4.56,3,24.52765957,27.20936875,13.82352941,16.47529412,47630,106.25,1750.5,45931,30,310,1156.3,4,4625.2,2800,52888.88889,Dec,2024,25.5,13.1,20.7,24.2,83.1,70.6,5.8,2.19,139.6,15
1A/1,4,21,1A/1,Dec,225,4000,4,VP,"Jul,2022",38,0.028161081,22,7.833333,9.420455,160,320,2352,13.60544218,6.08,3,18.40425532,25.09167672,7.833333333,9.420454545,20801,88,829,45931,23,200 Kgs.,180,250,310,2350,41777.77778,Dec,2024,25.5,13.1,20.7,24.2,83.1,70.6,5.8,2.19,139.6,15
1A/2,4.09,23,1A/2,Dec,160,2908.444444,4.09,VP,"Apr,2022",40,0.028794706,22,6.356968,9.274283,80,320,1930,16.58031088,5.03,3,17.88461538,23.10245656,6.356968215,9.274283174,19279,89.98,834.5,45931,30,250,1000,3,3000,1779.462103,32346.66667,Dec,2024,25.5,13.1,20.7,24.2,83.1,70.6,5.8,2.19,139.6,15
1B/1,2.31,23,1B/1,Dec,160,1642.666667,2.31,VP,"May,2022",40,0.016263025,19,10.606061,8.98838,80,240,1718,13.96973225,4.53,2,23.18367347,25.49809886,10.60606061,8.988380041,10059,43.89,394.5,,80,250,1022.5,3,3067.5,1859.74026,19093.33333,Dec,2024,25.5,13.1,20.7,24.2,83.1,70.6,5.8,2.19,139.6,15
2,5.24,36,2,Dec,180,4192,5.24,VP,"Jan,2025",2,0.0369,11,0,4.510756,0,80,618,12.94498382,4.39,0,0,21.56923077,0,4.510756419,5608,58,260,45945,16,250,1625,4,6500,1828.625954,42586.66667,Dec,2024,25.5,13.1,20.7,24.2,83.1,70.6,5.8,2.19,139.6,15
2A,6.5,31,2A,Dec,180,5200,6.5,VP,"Jan 2025,",2,0.0458,16,0,4.980769,0,80,920,8.695652174,4.66,0,0,20.91505792,0,4.980769231,10834,104,518,45934,27,250,577.5,3,1732.5,1784.615385,51555.55556,Dec,2024,25.5,13.1,20.7,24.2,83.1,70.6,5.8,2.19,139.6,15
3,5,37,3,Dec,72.4,1608.888889,5,VP,"Aug, 2024",15,0.035201352,21,7.066667,7.585714,160,240,1505,15.94684385,5.42,2,24.03773585,24.3992467,7.066666667,7.585714286,19434,105,796.5,45799,162,250,1310,4,5240,1496.8,33262.22222,Dec,2024,25.5,13.1,20.7,24.2,83.1,70.6,5.8,2.19,139.6,15
4,8.09,17,4,Dec,220,7910.222222,8.09,VP,"Nov,2022",35,0.056955787,16,7.10754,10.56474,160,240,1906,12.59181532,4.75,1,20.74782609,26.17769653,7.107540173,10.56474042,35798,129.44,1367.5,45840,121,310,1550,4,6200,2175.278121,78213.33333,Dec,2024,25.5,13.1,20.7,24.2,83.1,70.6,5.8,2.19,139.6,15
5A/1,5.7,31,5A/1,Dec,200,5066.666667,5.7,VP,"Sep,2021",49,0.040129541,20,4.912281,8.355263,0,80,1826,4.381161008,4.381161008,1,22.82142857,23.89186352,4.912280702,8.355263158,22757,114,952.5,45783,44,310,2507.9,3,7523.7,2035.087719,51555.55556,Dec,2024,25.5,13.1,20.7,24.2,83.1,70.6,5.8,2.19,139.6,15
5A/2,7.62,29,5A/2,Dec,210,7112,7.62,VP,"Nov,2021",47,0.05364686,19,3.910761,8.077773,0,80,1616,4.95049505,5,0,18.43624161,24.38905515,3.910761155,8.077773173,28523,144.78,1169.5,45783,81,310,1767,4,7068,2049.606299,69413.33333,Dec,2024,25.5,13.1,20.7,24.2,83.1,70.6,5.8,2.19,139.6,15
5B/1,4.18,30,5B/1,Dec,220,4087.111111,4.18,VP,"May,2024",17,0.02942833,34,4.30622,5.389811,240,400,1964,20.36659878,5.35,1,28.82407407,28.95953003,4.306220096,5.389811427,22183,142.12,766,45765,196,310,2362.2,4,9448.8,2283.732057,42426.66667,Dec,2024,25.5,13.1,20.7,24.2,83.1,70.6,5.8,2.19,139.6,15
6A/1,2,12,6A/1,Dec,220,1955.555556,2,VP,"Apr,2023",30,0.014080541,33,4.666667,6.939394,160,400,2558,15.63721658,3.97,2,26.64285714,29.48689956,4.666666667,6.939393939,13505,66,458,45818,143,310,1116,4,4464,2375,21111.11111,Dec,2024,25.5,13.1,20.7,24.2,83.1,70.6,5.8,2.19,139.6,15
6A/2,2,36,6A/2,Dec,300,2666.666667,2,VP,"Feb,2025",8,0.0141,26,5.833333,6.471154,160,240,1693,14.1760189,4.85,3,21.84285714,20.23774146,5.833333333,6.471153846,6810,52,336.5,45911,50,310,923.8,4,3695.2,3433,30515.55556,Dec,2024,25.5,13.1,20.7,24.2,83.1,70.6,5.8,2.19,139.6,15
6A/2/1,2,42,6A/2/1,Dec,160,1422.222222,2,VP,"May,2024",17,0.014080541,28,6.583333,9.892857,240,480,2473,19.40962394,4.3,3,25.21518987,23.84115523,6.583333333,9.892857143,13208,56,554,45779,182,310,620,4,2480,1391,12364.44444,Dec,2024,25.5,13.1,20.7,24.2,83.1,70.6,5.8,2.19,139.6,15
6B/2/3,3,30,6B/2/3,Dec,320,4266.666667,3,VP,"Oct,2021",48,0.021120811,33,7.933333,10.535354,160,400,2956,13.53179973,4.03,2,22.09243697,22.56088207,7.933333333,10.53535354,23531,99,1043,45783,249,310,1295.8,4,5183.2,3200,42666.66667,Dec,2024,25.5,13.1,20.7,24.2,83.1,70.6,5.8,2.19,139.6,15
6B/4,3,17,6B/4,Dec,285,3800,3,VP,"Feb,2025",8,0.0227,23,2.992776,2.934446,140,300,1193,25.14668902,4.96,1,29.36206897,22.25229358,2.992776058,2.93444609,4851,74,218,45905,56,310,930,4,3720,2850,38000,Dec,2024,25.5,13.1,20.7,24.2,83.1,70.6,5.8,2.19,139.6,15
7,3,12,7,Dec,220,2933.333333,3,VP,"Apr,2023",30,0.021120811,35,4.611111,5.542857,160,480,2572,18.66251944,4.52,1,28.19277108,34.57216495,4.611111111,5.542857143,20121,105,582,45783,178,310,620,4,2480,2233,29773.33333,Dec,2024,25.5,13.1,20.7,24.2,83.1,70.6,5.8,2.19,139.6,15
1-Jul,3.73,7,1-Jul,Dec,140,2320.888889,3.73,VP,"Sep,2023",23,0.026260208,35,4.110813,6.641134,160,400,2550,15.68627451,4.38,2,29.64130435,28.727797,4.110813226,6.641133665,24907,130.55,867,45788,173,250,567.5,3,1702.5,1420.643432,23551.11111,Dec,2024,25.5,13.1,20.7,24.2,83.1,70.6,5.8,2.19,139.6,15
7A,1.54,43,7A,Dec,60,410.666667,1.54,SD,"Oct,2024",12,0.010842016,35,4.935065,4.471243,160,160,1087,14.71941122,14.71941122,3,25.68421053,24.54356846,4.935064935,4.471243043,5915,53.9,241,45783,301,250,600,4,2400,492.298701,3369.511111,Dec,2024,25.5,13.1,20.7,24.2,83.1,70.6,5.8,2.19,139.6,15
1-Aug,6,12,1-Aug,Dec,200,5333.333333,6,VP,"Apr,2023",30,0.042241622,23,8.416667,10.576087,160,240,2504,9.584664537,4.35,2,21.90594059,27.37923947,8.416666667,10.57608696,39960,138,1459.5,45947,14,310,620,4,2480,2035.833333,54288.88889,Dec,2024,25.5,13.1,20.7,24.2,83.1,70.6,5.8,2.19,139.6,15
2-Aug,6.55,6,2-Aug,Dec,200,5822.222222,6.55,VP,"Oct,2023",24,0.046113771,18,6.92112,9.126378,160,240,1800,13.33333333,5.11,2,23.34558824,28.94423792,6.921119593,9.126378287,31144,117.9,1076,45884,77,310,1860,4,7440,2000,58222.22222,Dec,2024,25.5,13.1,20.7,24.2,83.1,70.6,5.8,2.19,139.6,15
9,6.45,18,9,Dec,110,3153.333333,6.45,SD,"Oct,2022",36,0.045409744,22,6.472868,7.811839,160,160,1821,8.786381109,8.786381109,1,20.30538922,23.18899414,6.472868217,7.811839323,25705,141.9,1108.5,45783,55,250,385,4,1540,1100,31533.33333,Dec,2024,25.5,13.1,20.7,24.2,83.1,70.6,5.8,2.19,139.6,15
9A,2,18,9A,Dec,200,1777.777778,2,SD,Nov.2022,36,0.014080541,21,9.5,11.619048,80,240,2222,10.80108011,10.80108011,2,19.76315789,23.40163934,9.5,11.61904762,11420,42,488,45783,23,180,1161,3,3483,2000,17777.77778,Dec,2024,25.5,13.1,20.7,24.2,83.1,70.6,5.8,2.19,139.6,15
9A/2,2.4,23,9A/2,Dec,15,160,2.4,VP,Rev 2022,41,0.016896649,4,0,8.333333,40,40,69,57.97101449,4.82,0,0,0,0,0,227,9.6,80,45783,53,180,225,4,900,150,1600,Dec,2024,25.5,13.1,20.7,24.2,83.1,70.6,5.8,2.19,139.6,15
10,2.67,35,10,Jan,212.5,2521.666667,2.67,SD,Feb.2025,8,0.018797522,17,4.822097378,5.155320555,140,220,1544,14.24870466,14.24870466,3,25.04854369,22.5042735,4.822097378,5.155320555,5266,45.39,234,45783,178,180,360,3,1080,2500,29666.66667,Jan,2025,25.9,12,22,23,80,65,7.8,74.6,47,3
10/2A,3.6,37,10/2A,Jan,102,1632,3.6,VP,"June.,2024",17,0.025344973,23,7.12962963,8.629227053,160,320,1760,18.18181818,5.72,2,30.42857143,24.89293212,7.12962963,8.629227053,17786,82.8,714.5,45939,22,250,750,3,2250,974.6666667,15594.66667,Jan,2025,25.9,12,22,23,80,65,7.8,74.6,47,3
3-Oct,2,12,3-Oct,Jan,170,1511.111111,2,VP,"Apr,2023",30,0.014080541,27,9,9.5,160,400,2477,16.14856681,4.4,3,24.55555556,27.34697856,9,9.5,14029,54,513,45824,137,310,1317.5,4,5270,2000,17777.77778,Jan,2025,25.9,12,22,23,80,65,7.8,74.6,47,3
4-Oct,1.25,48,4-Oct,Jan,214.2,1190,1.25,VP,"June,2024",17,0.008800338,21,10.4,9.333333333,160,320,1871,17.10315339,4.39,3,17.35897436,25.12244898,10.4,9.333333333,6155,26.25,245,45918,43,250,500,4,2000,1124.2,6245.555556,Jan,2025,25.9,12,22,23,80,65,7.8,74.6,47,3
11,6.48,31,11,Jan,187,5385.6,6.48,VP,Oct.2024,14,0.045620952,35,4.732510288,5.956790123,160,240,1163,20.63628547,5.11,1,21.06521739,21.63508512,4.732510288,5.956790123,29229,226.8,1351,45788,173,310,2030.5,4,8122,2200,63360,Jan,2025,25.9,12,22,23,80,65,7.8,74.6,47,3
1-Nov,2.98,6,1-Nov,Jan,170,2251.555556,2.98,VP,"Oct,2023",23,0.020980006,22,10.62639821,16.01586333,160,320,3001,10.6631123,5.46,2,21.06315789,23.67047619,10.62639821,16.01586333,24854,65.56,1050,45903,58,310,2008.8,4,8035.2,2201.342282,29155.55556,Jan,2025,25.9,12,22,23,80,65,7.8,74.6,47,3
11/1A,2.27,24,11/1A,Jan,238,2401.155556,2.27,VP,"Apr,2022",42,0.015981414,20,11.30690162,18.11674009,80,240,3273,7.332722273,4.99,1,22.46753247,21.19513678,11.30690162,18.11674009,17433,45.4,822.5,45783,52,310,930,4,3720,2800,28248.88889,Jan,2025,25.9,12,22,23,80,65,7.8,74.6,47,3
12,6.39,17,12,Jan,136,3862.4,6.39,SD,"Nov,2022",35,0.044987328,34,4.04277517,5.23796373,160,400,1758,22.75312856,22.75312856,1,19.72258065,24.73989455,4.04277517,5.23796373,28154,217.26,1138,45783,183,250,667.5,4,2670,1600,45440,Jan,2025,25.9,12,22,23,80,65,7.8,74.6,47,3
1-Dec,4.25,7,1-Dec,Jan,238,4495.555556,4.25,VP,"Oct,2023",24,0.029921149,25,13.82352941,16.47529412,320,560,4441,12.60977257,4.56,3,24.52765957,27.20936875,13.82352941,16.47529412,47630,106.25,1750.5,45931,30,310,1156.3,4,4625.2,2800,52888.88889,Jan,2025,25.9,12,22,23,80,65,7.8,74.6,47,3
1A/1,4,21,1A/1,Jan,191.25,3400,4,VP,"Jul,2022",38,0.028161081,22,7.833333333,9.420454545,160,320,2352,13.60544218,6.08,3,18.40425532,25.09167672,7.833333333,9.420454545,20801,88,829,45931,23,200 Kgs.,180,250,310,2350,41777.77778,Jan,2025,25.9,12,22,23,80,65,7.8,74.6,47,3
1A/2,4.09,23,1A/2,Jan,136,2472.177778,4.09,VP,"Apr,2022",40,0.028794706,22,6.356968215,9.274283174,80,320,1930,16.58031088,5.03,3,17.88461538,23.10245656,6.356968215,9.274283174,19279,89.98,834.5,45931,30,250,1000,3,3000,1779.462103,32346.66667,Jan,2025,25.9,12,22,23,80,65,7.8,74.6,47,3
1B/1,2.31,23,1B/1,Jan,136,1396.266667,2.31,VP,"May,2022",40,0.016263025,19,10.60606061,8.988380041,80,240,1718,13.96973225,4.53,2,23.18367347,25.49809886,10.60606061,8.988380041,10059,43.89,394.5,,80,250,1022.5,3,3067.5,1859.74026,19093.33333,Jan,2025,25.9,12,22,23,80,65,7.8,74.6,47,3
2,5.24,36,2,Jan,153,3563.2,5.24,VP,"Jan,2025",2,0.0369,11,0,4.510756419,0,80,618,12.94498382,4.39,0,0,21.56923077,0,4.510756419,5608,58,260,45945,16,250,1625,4,6500,1828.625954,42586.66667,Jan,2025,25.9,12,22,23,80,65,7.8,74.6,47,3
2A,6.5,31,2A,Jan,153,4420,6.5,VP,"Jan 2025,",2,0.0458,16,0,4.980769231,0,80,920,8.695652174,4.66,0,0,20.91505792,0,4.980769231,10834,104,518,45934,27,250,577.5,3,1732.5,1784.615385,51555.55556,Jan,2025,25.9,12,22,23,80,65,7.8,74.6,47,3
3,5,37,3,Jan,102,2266.666667,5,VP,"Aug, 2024",15,0.035201352,21,7.066666667,7.585714286,160,240,1505,15.94684385,5.42,2,24.03773585,24.3992467,7.066666667,7.585714286,19434,105,796.5,45799,162,250,1310,4,5240,1496.8,33262.22222,Jan,2025,25.9,12,22,23,80,65,7.8,74.6,47,3
4,8.09,17,4,Jan,187,6723.688889,8.09,VP,"Nov,2022",35,0.056955787,16,7.107540173,10.56474042,160,240,1906,12.59181532,4.75,1,20.74782609,26.17769653,7.107540173,10.56474042,35798,129.44,1367.5,45840,121,310,1550,4,6200,2175.278121,78213.33333,Jan,2025,25.9,12,22,23,80,65,7.8,74.6,47,3
5A/1,5.7,31,5A/1,Jan,170,4306.666667,5.7,VP,"Sep,2021",49,0.040129541,20,4.912280702,8.355263158,0,80,1826,4.381161008,4.381161008,1,22.82142857,23.89186352,4.912280702,8.355263158,22757,114,952.5,45783,44,310,2507.9,3,7523.7,2035.087719,51555.55556,Jan,2025,25.9,12,22,23,80,65,7.8,74.6,47,3
5A/2,7.62,29,5A/2,Jan,128.1062992,4338.533333,7.62,VP,"Nov,2021",47,0.05364686,19,3.910761155,8.077773173,0,80,1616,4.95049505,5,0,18.43624161,24.38905515,3.910761155,8.077773173,28523,144.78,1169.5,45783,81,310,1767,4,7068,2049.606299,69413.33333,Jan,2025,25.9,12,22,23,80,65,7.8,74.6,47,3
5B/1,4.18,30,5B/1,Jan,187,3474.044444,4.18,VP,"May,2024",17,0.02942833,34,4.306220096,5.389811427,240,400,1964,20.36659878,5.35,1,28.82407407,28.95953003,4.306220096,5.389811427,22183,142.12,766,45765,196,310,2362.2,4,9448.8,2283.732057,42426.66667,Jan,2025,25.9,12,22,23,80,65,7.8,74.6,47,3
6A/1,2,12,6A/1,Jan,187,1662.222222,2,VP,"Apr,2023",30,0.014080541,33,4.666666667,6.939393939,160,400,2558,15.63721658,3.97,2,26.64285714,29.48689956,4.666666667,6.939393939,13505,66,458,45818,143,310,1116,4,4464,2375,21111.11111,Jan,2025,25.9,12,22,23,80,65,7.8,74.6,47,3
6A/2,2,36,6A/2,Jan,255,2266.666667,2,VP,"Feb,2025",8,0.0141,26,5.833333333,6.471153846,160,240,1693,14.1760189,4.85,3,21.84285714,20.23774146,5.833333333,6.471153846,6810,52,336.5,45911,50,310,923.8,4,3695.2,3433,30515.55556,Jan,2025,25.9,12,22,23,80,65,7.8,74.6,47,3
6A/2/1,2,42,6A/2/1,Jan,280,2488.888889,2,VP,"May,2024",17,0.014080541,28,6.583333333,9.892857143,240,480,2473,19.40962394,4.3,3,25.21518987,23.84115523,6.583333333,9.892857143,13208,56,554,45779,182,310,620,4,2480,1391,12364.44444,Jan,2025,25.9,12,22,23,80,65,7.8,74.6,47,3
6B/2/3,3,30,6B/2/3,Jan,272,3626.666667,3,VP,"Oct,2021",48,0.021120811,33,7.933333333,10.53535354,160,400,2956,13.53179973,4.03,2,22.09243697,22.56088207,7.933333333,10.53535354,23531,99,1043,45783,249,310,1295.8,4,5183.2,3200,42666.66667,Jan,2025,25.9,12,22,23,80,65,7.8,74.6,47,3
6B/4,3,17,6B/4,Jan,242.25,3230,3,VP,"Feb,2025",8,0.0227,23,2.992776058,2.93444609,140,300,1193,25.14668902,4.96,1,29.36206897,22.25229358,2.992776058,2.93444609,4851,74,218,45905,56,310,930,4,3720,2850,38000,Jan,2025,25.9,12,22,23,80,65,7.8,74.6,47,3
7,3,12,7,Jan,187,2493.333333,3,VP,"Apr,2023",30,0.021120811,35,4.611111111,5.542857143,160,480,2572,18.66251944,4.52,1,28.19277108,34.57216495,4.611111111,5.542857143,20121,105,582,45783,178,310,620,4,2480,2233,29773.33333,Jan,2025,25.9,12,22,23,80,65,7.8,74.6,47,3
1-Jul,3.73,7,1-Jul,Jan,119,1972.755556,3.73,VP,"Sep,2023",23,0.026260208,35,4.110813226,6.641133665,160,400,2550,15.68627451,4.38,2,29.64130435,28.727797,4.110813226,6.641133665,24907,130.55,867,45788,173,250,567.5,3,1702.5,1420.643432,23551.11111,Jan,2025,25.9,12,22,23,80,65,7.8,74.6,47,3
7A,1.54,43,7A,Jan,102.2987013,700.1777778,1.54,SD,"Oct,2024",12,0.010842016,35,4.935064935,4.471243043,160,160,1087,14.71941122,14.71941122,3,25.68421053,24.54356846,4.935064935,4.471243043,5915,53.9,241,45783,301,250,600,4,2400,492.2987013,3369.511111,Jan,2025,25.9,12,22,23,80,65,7.8,74.6,47,3
1-Aug,6,12,1-Aug,Jan,170,4533.333333,6,VP,"Apr,2023",30,0.042241622,23,8.416666667,10.57608696,160,240,2504,9.584664537,4.35,2,21.90594059,27.37923947,8.416666667,10.57608696,39960,138,1459.5,45947,14,310,620,4,2480,2035.833333,54288.88889,Jan,2025,25.9,12,22,23,80,65,7.8,74.6,47,3
2-Aug,6.55,6,2-Aug,Jan,170,4948.888889,6.55,VP,"Oct,2023",24,0.046113771,18,6.921119593,9.126378287,160,240,1800,13.33333333,5.11,2,23.34558824,28.94423792,6.921119593,9.126378287,31144,117.9,1076,45884,77,310,1860,4,7440,2000,58222.22222,Jan,2025,25.9,12,22,23,80,65,7.8,74.6,47,3
9,6.45,18,9,Jan,93.5,2680.333333,6.45,SD,"Oct,2022",36,0.045409744,22,6.472868217,7.811839323,160,160,1821,8.786381109,8.786381109,1,20.30538922,23.18899414,6.472868217,7.811839323,25705,141.9,1108.5,45783,55,250,385,4,1540,1100,31533.33333,Jan,2025,25.9,12,22,23,80,65,7.8,74.6,47,3
9A,2,18,9A,Jan,170,1511.111111,2,SD,Nov.2022,36,0.014080541,21,9.5,11.61904762,80,240,2222,10.80108011,10.80108011,2,19.76315789,23.40163934,9.5,11.61904762,11420,42,488,45783,23,180,1161,3,3483,2000,17777.77778,Jan,2025,25.9,12,22,23,80,65,7.8,74.6,47,3
9A/2,2.4,23,9A/2,Jan,12.75,136,2.4,VP,Rev 2022,41,0.016896649,4,0,8.333333333,40,40,69,57.97101449,4.82,0,0,0,0,0,227,9.6,80,45783,53,180,225,4,900,150,1600,Jan,2025,25.9,12,22,23,80,65,7.8,74.6,47,3
10,2.67,35,10,Feb,187.5,2225,2.67,SD,Feb.2025,8,0.018797522,17,4.822097378,5.155320555,140,220,1544,14.24870466,14.24870466,3,25.04854369,22.5042735,4.822097378,5.155320555,5266,45.39,234,45783,178,180,360,3,1080,2500,29666.66667,Feb,2025,25.9,11.6,21.4,24.1,82,66,6.5,66.5,85.2,4
10/2A,3.6,37,10/2A,Feb,90,1440,3.6,VP,"June.,2024",17,0.025344973,23,7.12962963,8.629227053,160,320,1760,18.18181818,5.72,2,30.42857143,24.89293212,7.12962963,8.629227053,17786,82.8,714.5,45939,22,250,750,3,2250,974.6666667,15594.66667,Feb,2025,25.9,11.6,21.4,24.1,82,66,6.5,66.5,85.2,4
3-Oct,2,12,3-Oct,Feb,150,1333.333333,2,VP,"Apr,2023",30,0.014080541,27,9,9.5,160,400,2477,16.14856681,4.4,3,24.55555556,27.34697856,9,9.5,14029,54,513,45824,137,310,1317.5,4,5270,2000,17777.77778,Feb,2025,25.9,11.6,21.4,24.1,82,66,6.5,66.5,85.2,4
4-Oct,1.25,48,4-Oct,Feb,105,583.3333333,1.25,VP,"June,2024",17,0.008800338,21,10.4,9.333333333,160,320,1871,17.10315339,4.39,3,17.35897436,25.12244898,10.4,9.333333333,6155,26.25,245,45918,43,250,500,4,2000,1124.2,6245.555556,Feb,2025,25.9,11.6,21.4,24.1,82,66,6.5,66.5,85.2,4
11,6.48,31,11,Feb,165,4752,6.48,VP,Oct.2024,14,0.045620952,35,4.732510288,5.956790123,160,240,1163,20.63628547,5.11,1,21.06521739,21.63508512,4.732510288,5.956790123,29229,226.8,1351,45788,173,310,2030.5,4,8122,2200,63360,Feb,2025,25.9,11.6,21.4,24.1,82,66,6.5,66.5,85.2,4
1-Nov,2.98,6,1-Nov,Feb,82.88590604,1097.777778,2.98,VP,"Oct,2023",23,0.020980006,22,10.62639821,16.01586333,160,320,3001,10.6631123,5.46,2,21.06315789,23.67047619,10.62639821,16.01586333,24854,65.56,1050,45903,58,310,2008.8,4,8035.2,2201.342282,29155.55556,Feb,2025,25.9,11.6,21.4,24.1,82,66,6.5,66.5,85.2,4
11/1A,2.27,24,11/1A,Feb,210,2118.666667,2.27,VP,"Apr,2022",42,0.015981414,20,11.30690162,18.11674009,80,240,3273,7.332722273,4.99,1,22.46753247,21.19513678,11.30690162,18.11674009,17433,45.4,822.5,45783,52,310,930,4,3720,2800,28248.88889,Feb,2025,25.9,11.6,21.4,24.1,82,66,6.5,66.5,85.2,4
12,6.39,17,12,Feb,120,3408,6.39,SD,"Nov,2022",35,0.044987328,34,4.04277517,5.23796373,160,400,1758,22.75312856,22.75312856,1,19.72258065,24.73989455,4.04277517,5.23796373,28154,217.26,1138,45783,183,250,667.5,4,2670,1600,45440,Feb,2025,25.9,11.6,21.4,24.1,82,66,6.5,66.5,85.2,4
1-Dec,4.25,7,1-Dec,Feb,210,3966.666667,4.25,VP,"Oct,2023",24,0.029921149,25,13.82352941,16.47529412,320,560,4441,12.60977257,4.56,3,24.52765957,27.20936875,13.82352941,16.47529412,47630,106.25,1750.5,45931,30,310,1156.3,4,4625.2,2800,52888.88889,Feb,2025,25.9,11.6,21.4,24.1,82,66,6.5,66.5,85.2,4
1A/1,4,21,1A/1,Feb,168.75,3000,4,VP,"Jul,2022",38,0.028161081,22,7.833333333,9.420454545,160,320,2352,13.60544218,6.08,3,18.40425532,25.09167672,7.833333333,9.420454545,20801,88,829,45931,23,200 Kgs.,180,250,310,2350,41777.77778,Feb,2025,25.9,11.6,21.4,24.1,82,66,6.5,66.5,85.2,4
1A/2,4.09,23,1A/2,Feb,120,2181.333333,4.09,VP,"Apr,2022",40,0.028794706,22,6.356968215,9.274283174,80,320,1930,16.58031088,5.03,3,17.88461538,23.10245656,6.356968215,9.274283174,19279,89.98,834.5,45931,30,250,1000,3,3000,1779.462103,32346.66667,Feb,2025,25.9,11.6,21.4,24.1,82,66,6.5,66.5,85.2,4
1B/1,2.31,23,1B/1,Feb,120,1232,2.31,VP,"May,2022",40,0.016263025,19,10.60606061,8.988380041,80,240,1718,13.96973225,4.53,2,23.18367347,25.49809886,10.60606061,8.988380041,10059,43.89,394.5,,80,250,1022.5,3,3067.5,1859.74026,19093.33333,Feb,2025,25.9,11.6,21.4,24.1,82,66,6.5,66.5,85.2,4
2,5.24,36,2,Feb,135,3144,5.24,VP,"Jan,2025",2,0.0369,11,0,4.510756419,0,80,618,12.94498382,4.39,0,0,21.56923077,0,4.510756419,5608,58,260,45945,16,250,1625,4,6500,1828.625954,42586.66667,Feb,2025,25.9,11.6,21.4,24.1,82,66,6.5,66.5,85.2,4
2A,6.5,31,2A,Feb,119.6153846,3455.555556,6.5,VP,"Jan 2025,",2,0.0458,16,0,4.980769231,0,80,920,8.695652174,4.66,0,0,20.91505792,0,4.980769231,10834,104,518,45934,27,250,577.5,3,1732.5,1784.615385,51555.55556,Feb,2025,25.9,11.6,21.4,24.1,82,66,6.5,66.5,85.2,4
3,5,37,3,Feb,90,2000,5,VP,"Aug, 2024",15,0.035201352,21,7.066666667,7.585714286,160,240,1505,15.94684385,5.42,2,24.03773585,24.3992467,7.066666667,7.585714286,19434,105,796.5,45799,162,250,1310,4,5240,1496.8,33262.22222,Feb,2025,25.9,11.6,21.4,24.1,82,66,6.5,66.5,85.2,4
4,8.09,17,4,Feb,140.2781211,5043.777778,8.09,VP,"Nov,2022",35,0.056955787,16,7.107540173,10.56474042,160,240,1906,12.59181532,4.75,1,20.74782609,26.17769653,7.107540173,10.56474042,35798,129.44,1367.5,45840,121,310,1550,4,6200,2175.278121,78213.33333,Feb,2025,25.9,11.6,21.4,24.1,82,66,6.5,66.5,85.2,4
5A/1,5.7,31,5A/1,Feb,150,3800,5.7,VP,"Sep,2021",49,0.040129541,20,4.912280702,8.355263158,0,80,1826,4.381161008,4.381161008,1,22.82142857,23.89186352,4.912280702,8.355263158,22757,114,952.5,45783,44,310,2507.9,3,7523.7,2035.087719,51555.55556,Feb,2025,25.9,11.6,21.4,24.1,82,66,6.5,66.5,85.2,4
5A/2,7.62,29,5A/2,Feb,157.5,5334,7.62,VP,"Nov,2021",47,0.05364686,19,3.910761155,8.077773173,0,80,1616,4.95049505,5,0,18.43624161,24.38905515,3.910761155,8.077773173,28523,144.78,1169.5,45783,81,310,1767,4,7068,2049.606299,69413.33333,Feb,2025,25.9,11.6,21.4,24.1,82,66,6.5,66.5,85.2,4
5B/1,4.18,30,5B/1,Feb,165,3065.333333,4.18,VP,"May,2024",17,0.02942833,34,4.306220096,5.389811427,240,400,1964,20.36659878,5.35,1,28.82407407,28.95953003,4.306220096,5.389811427,22183,142.12,766,45765,196,310,2362.2,4,9448.8,2283.732057,42426.66667,Feb,2025,25.9,11.6,21.4,24.1,82,66,6.5,66.5,85.2,4
6A/1,2,12,6A/1,Feb,165,1466.666667,2,VP,"Apr,2023",30,0.014080541,33,4.666666667,6.939393939,160,400,2558,15.63721658,3.97,2,26.64285714,29.48689956,4.666666667,6.939393939,13505,66,458,45818,143,310,1116,4,4464,2375,21111.11111,Feb,2025,25.9,11.6,21.4,24.1,82,66,6.5,66.5,85.2,4
6A/2,2,36,6A/2,Feb,258,2293.333333,2,VP,"Feb,2025",8,0.0141,26,5.833333333,6.471153846,160,240,1693,14.1760189,4.85,3,21.84285714,20.23774146,5.833333333,6.471153846,6810,52,336.5,45911,50,310,923.8,4,3695.2,3433,30515.55556,Feb,2025,25.9,11.6,21.4,24.1,82,66,6.5,66.5,85.2,4
6A/2/1,2,42,6A/2/1,Feb,120,1066.666667,2,VP,"May,2024",17,0.014080541,28,6.583333333,9.892857143,240,480,2473,19.40962394,4.3,3,25.21518987,23.84115523,6.583333333,9.892857143,13208,56,554,45779,182,310,620,4,2480,1391,12364.44444,Feb,2025,25.9,11.6,21.4,24.1,82,66,6.5,66.5,85.2,4
6B/2/3,3,30,6B/2/3,Feb,240,3200,3,VP,"Oct,2021",48,0.021120811,33,7.933333333,10.53535354,160,400,2956,13.53179973,4.03,2,22.09243697,22.56088207,7.933333333,10.53535354,23531,99,1043,45783,249,310,1295.8,4,5183.2,3200,42666.66667,Feb,2025,25.9,11.6,21.4,24.1,82,66,6.5,66.5,85.2,4
6B/4,3,17,6B/4,Feb,213.75,2850,3,VP,"Feb,2025",8,0.0227,23,2.992776058,2.93444609,140,300,1193,25.14668902,4.96,1,29.36206897,22.25229358,2.992776058,2.93444609,4851,74,218,45905,56,310,930,4,3720,2850,38000,Feb,2025,25.9,11.6,21.4,24.1,82,66,6.5,66.5,85.2,4
7,3,12,7,Feb,165,2200,3,VP,"Apr,2023",30,0.021120811,35,4.611111111,5.542857143,160,480,2572,18.66251944,4.52,1,28.19277108,34.57216495,4.611111111,5.542857143,20121,105,582,45783,178,310,620,4,2480,2233,29773.33333,Feb,2025,25.9,11.6,21.4,24.1,82,66,6.5,66.5,85.2,4
1-Jul,3.73,7,1-Jul,Feb,105,1740.666667,3.73,VP,"Sep,2023",23,0.026260208,35,4.110813226,6.641133665,160,400,2550,15.68627451,4.38,2,29.64130435,28.727797,4.110813226,6.641133665,24907,130.55,867,45788,173,250,567.5,3,1702.5,1420.643432,23551.11111,Feb,2025,25.9,11.6,21.4,24.1,82,66,6.5,66.5,85.2,4
7A,1.54,43,7A,Feb,45,308,1.54,SD,"Oct,2024",12,0.010842016,35,4.935064935,4.471243043,160,160,1087,14.71941122,14.71941122,3,25.68421053,24.54356846,4.935064935,4.471243043,5915,53.9,241,45783,301,250,600,4,2400,492.2987013,3369.511111,Feb,2025,25.9,11.6,21.4,24.1,82,66,6.5,66.5,85.2,4
1-Aug,6,12,1-Aug,Feb,150,4000,6,VP,"Apr,2023",30,0.042241622,23,8.416666667,10.57608696,160,240,2504,9.584664537,4.35,2,21.90594059,27.37923947,8.416666667,10.57608696,39960,138,1459.5,45947,14,310,620,4,2480,2035.833333,54288.88889,Feb,2025,25.9,11.6,21.4,24.1,82,66,6.5,66.5,85.2,4
2-Aug,6.55,6,2-Aug,Feb,150,4366.666667,6.55,VP,"Oct,2023",24,0.046113771,18,6.921119593,9.126378287,160,240,1800,13.33333333,5.11,2,23.34558824,28.94423792,6.921119593,9.126378287,31144,117.9,1076,45884,77,310,1860,4,7440,2000,58222.22222,Feb,2025,25.9,11.6,21.4,24.1,82,66,6.5,66.5,85.2,4
9,6.45,18,9,Feb,82.5,2365,6.45,SD,"Oct,2022",36,0.045409744,22,6.472868217,7.811839323,160,160,1821,8.786381109,8.786381109,1,20.30538922,23.18899414,6.472868217,7.811839323,25705,141.9,1108.5,45783,55,250,385,4,1540,1100,31533.33333,Feb,2025,25.9,11.6,21.4,24.1,82,66,6.5,66.5,85.2,4
9A,2,18,9A,Feb,150,1333.333333,2,SD,Nov.2022,36,0.014080541,21,9.5,11.61904762,80,240,2222,10.80108011,10.80108011,2,19.76315789,23.40163934,9.5,11.61904762,11420,42,488,45783,23,180,1161,3,3483,2000,17777.77778,Feb,2025,25.9,11.6,21.4,24.1,82,66,6.5,66.5,85.2,4
9A/2,2.4,23,9A/2,Feb,11.25,120,2.4,VP,Rev 2022,41,0.016896649,4,0,8.333333333,40,40,69,57.97101449,4.82,0,0,0,0,0,227,9.6,80,45783,53,180,225,4,900,150,1600,Feb,2025,25.9,11.6,21.4,24.1,82,66,6.5,66.5,85.2,4
10,2.67,35,10,Mar,187.5,2225,2.67,SD,Feb.2025,8,0.018797522,17,4.822097378,5.155320555,140,220,1544,14.24870466,14.24870466,3,25.04854369,22.5042735,4.822097378,5.155320555,5266,45.39,234,45783,178,180,360,3,1080,2500,29666.66667,Mar,2025,26.6,13.2,21.4,26.5,82,68,6.3,80.3,46.1,5
10/2A,3.6,37,10/2A,Mar,90,1440,3.6,VP,"June.,2024",17,0.025344973,23,7.12962963,8.629227053,160,320,1760,18.18181818,5.72,2,30.42857143,24.89293212,7.12962963,8.629227053,17786,82.8,714.5,45939,22,250,750,3,2250,974.6666667,15594.66667,Mar,2025,26.6,13.2,21.4,26.5,82,68,6.3,80.3,46.1,5
3-Oct,2,12,3-Oct,Mar,150,1333.333333,2,VP,"Apr,2023",30,0.014080541,27,9,9.5,160,400,2477,16.14856681,4.4,3,24.55555556,27.34697856,9,9.5,14029,54,513,45824,137,310,1317.5,4,5270,2000,17777.77778,Mar,2025,26.6,13.2,21.4,26.5,82,68,6.3,80.3,46.1,5
4-Oct,1.25,48,4-Oct,Mar,105,583.3333333,1.25,VP,"June,2024",17,0.008800338,21,10.4,9.333333333,160,320,1871,17.10315339,4.39,3,17.35897436,25.12244898,10.4,9.333333333,6155,26.25,245,45918,43,250,500,4,2000,1124.2,6245.555556,Mar,2025,26.6,13.2,21.4,26.5,82,68,6.3,80.3,46.1,5
11,6.48,31,11,Mar,165,4752,6.48,VP,Oct.2024,14,0.045620952,35,4.732510288,5.956790123,160,240,1163,20.63628547,5.11,1,21.06521739,21.63508512,4.732510288,5.956790123,29229,226.8,1351,45788,173,310,2030.5,4,8122,2200,63360,Mar,2025,26.6,13.2,21.4,26.5,82,68,6.3,80.3,46.1,5
1-Nov,2.98,6,1-Nov,Mar,150,1986.666667,2.98,VP,"Oct,2023",23,0.020980006,22,10.62639821,16.01586333,160,320,3001,10.6631123,5.46,2,21.06315789,23.67047619,10.62639821,16.01586333,24854,65.56,1050,45903,58,310,2008.8,4,8035.2,2201.342282,29155.55556,Mar,2025,26.6,13.2,21.4,26.5,82,68,6.3,80.3,46.1,5
11/1A,2.27,24,11/1A,Mar,210,2118.666667,2.27,VP,"Apr,2022",42,0.015981414,20,11.30690162,18.11674009,80,240,3273,7.332722273,4.99,1,22.46753247,21.19513678,11.30690162,18.11674009,17433,45.4,822.5,45783,52,310,930,4,3720,2800,28248.88889,Mar,2025,26.6,13.2,21.4,26.5,82,68,6.3,80.3,46.1,5
12,6.39,17,12,Mar,120,3408,6.39,SD,"Nov,2022",35,0.044987328,34,4.04277517,5.23796373,160,400,1758,22.75312856,22.75312856,1,19.72258065,24.73989455,4.04277517,5.23796373,28154,217.26,1138,45783,183,250,667.5,4,2670,1600,45440,Mar,2025,26.6,13.2,21.4,26.5,82,68,6.3,80.3,46.1,5
1-Dec,4.25,7,1-Dec,Mar,210,3966.666667,4.25,VP,"Oct,2023",24,0.029921149,25,13.82352941,16.47529412,320,560,4441,12.60977257,4.56,3,24.52765957,27.20936875,13.82352941,16.47529412,47630,106.25,1750.5,45931,30,310,1156.3,4,4625.2,2800,52888.88889,Mar,2025,26.6,13.2,21.4,26.5,82,68,6.3,80.3,46.1,5
1A/1,4,21,1A/1,Mar,168.75,3000,4,VP,"Jul,2022",38,0.028161081,22,7.833333333,9.420454545,160,320,2352,13.60544218,6.08,3,18.40425532,25.09167672,7.833333333,9.420454545,20801,88,829,45931,23,200 Kgs.,180,250,310,2350,41777.77778,Mar,2025,26.6,13.2,21.4,26.5,82,68,6.3,80.3,46.1,5
1A/2,4.09,23,1A/2,Mar,120,2181.333333,4.09,VP,"Apr,2022",40,0.028794706,22,6.356968215,9.274283174,80,320,1930,16.58031088,5.03,3,17.88461538,23.10245656,6.356968215,9.274283174,19279,89.98,834.5,45931,30,250,1000,3,3000,1779.462103,32346.66667,Mar,2025,26.6,13.2,21.4,26.5,82,68,6.3,80.3,46.1,5
1B/1,2.31,23,1B/1,Mar,120,1232,2.31,VP,"May,2022",40,0.016263025,19,10.60606061,8.988380041,80,240,1718,13.96973225,4.53,2,23.18367347,25.49809886,10.60606061,8.988380041,10059,43.89,394.5,,80,250,1022.5,3,3067.5,1859.74026,19093.33333,Mar,2025,26.6,13.2,21.4,26.5,82,68,6.3,80.3,46.1,5
2,5.24,36,2,Mar,135,3144,5.24,VP,"Jan,2025",2,0.0369,11,0,4.510756419,0,80,618,12.94498382,4.39,0,0,21.56923077,0,4.510756419,5608,58,260,45945,16,250,1625,4,6500,1828.625954,42586.66667,Mar,2025,26.6,13.2,21.4,26.5,82,68,6.3,80.3,46.1,5
2A,6.5,31,2A,Mar,135,3900,6.5,VP,"Jan 2025,",2,0.0458,16,0,4.980769231,0,80,920,8.695652174,4.66,0,0,20.91505792,0,4.980769231,10834,104,518,45934,27,250,577.5,3,1732.5,1784.615385,51555.55556,Mar,2025,26.6,13.2,21.4,26.5,82,68,6.3,80.3,46.1,5
3,5,37,3,Mar,90,2000,5,VP,"Aug, 2024",15,0.035201352,21,7.066666667,7.585714286,160,240,1505,15.94684385,5.42,2,24.03773585,24.3992467,7.066666667,7.585714286,19434,105,796.5,45799,162,250,1310,4,5240,1496.8,33262.22222,Mar,2025,26.6,13.2,21.4,26.5,82,68,6.3,80.3,46.1,5
4,8.09,17,4,Mar,165,5932.666667,8.09,VP,"Nov,2022",35,0.056955787,16,7.107540173,10.56474042,160,240,1906,12.59181532,4.75,1,20.74782609,26.17769653,7.107540173,10.56474042,35798,129.44,1367.5,45840,121,310,1550,4,6200,2175.278121,78213.33333,Mar,2025,26.6,13.2,21.4,26.5,82,68,6.3,80.3,46.1,5
5A/1,5.7,31,5A/1,Mar,150,3800,5.7,VP,"Sep,2021",49,0.040129541,20,4.912280702,8.355263158,0,80,1826,4.381161008,4.381161008,1,22.82142857,23.89186352,4.912280702,8.355263158,22757,114,952.5,45783,44,310,2507.9,3,7523.7,2035.087719,51555.55556,Mar,2025,26.6,13.2,21.4,26.5,82,68,6.3,80.3,46.1,5
5A/2,7.62,29,5A/2,Mar,157.5,5334,7.62,VP,"Nov,2021",47,0.05364686,19,3.910761155,8.077773173,0,80,1616,4.95049505,5,0,18.43624161,24.38905515,3.910761155,8.077773173,28523,144.78,1169.5,45783,81,310,1767,4,7068,2049.606299,69413.33333,Mar,2025,26.6,13.2,21.4,26.5,82,68,6.3,80.3,46.1,5
5B/1,4.18,30,5B/1,Mar,165,3065.333333,4.18,VP,"May,2024",17,0.02942833,34,4.306220096,5.389811427,240,400,1964,20.36659878,5.35,1,28.82407407,28.95953003,4.306220096,5.389811427,22183,142.12,766,45765,196,310,2362.2,4,9448.8,2283.732057,42426.66667,Mar,2025,26.6,13.2,21.4,26.5,82,68,6.3,80.3,46.1,5
6A/1,2,12,6A/1,Mar,165,1466.666667,2,VP,"Apr,2023",30,0.014080541,33,4.666666667,6.939393939,160,400,2558,15.63721658,3.97,2,26.64285714,29.48689956,4.666666667,6.939393939,13505,66,458,45818,143,310,1116,4,4464,2375,21111.11111,Mar,2025,26.6,13.2,21.4,26.5,82,68,6.3,80.3,46.1,5
6A/2,2,36,6A/2,Mar,225,2000,2,VP,"Feb,2025",8,0.0141,26,5.833333333,6.471153846,160,240,1693,14.1760189,4.85,3,21.84285714,20.23774146,5.833333333,6.471153846,6810,52,336.5,45911,50,310,923.8,4,3695.2,3433,30515.55556,Mar,2025,26.6,13.2,21.4,26.5,82,68,6.3,80.3,46.1,5
6A/2/1,2,42,6A/2/1,Mar,91,808.8888889,2,VP,"May,2024",17,0.014080541,28,6.583333333,9.892857143,240,480,2473,19.40962394,4.3,3,25.21518987,23.84115523,6.583333333,9.892857143,13208,56,554,45779,182,310,620,4,2480,1391,12364.44444,Mar,2025,26.6,13.2,21.4,26.5,82,68,6.3,80.3,46.1,5
6B/2/3,3,30,6B/2/3,Mar,240,3200,3,VP,"Oct,2021",48,0.021120811,33,7.933333333,10.53535354,160,400,2956,13.53179973,4.03,2,22.09243697,22.56088207,7.933333333,10.53535354,23531,99,1043,45783,249,310,1295.8,4,5183.2,3200,42666.66667,Mar,2025,26.6,13.2,21.4,26.5,82,68,6.3,80.3,46.1,5
6B/4,3,17,6B/4,Mar,213.75,2850,3,VP,"Feb,2025",8,0.0227,23,2.992776058,2.93444609,140,300,1193,25.14668902,4.96,1,29.36206897,22.25229358,2.992776058,2.93444609,4851,74,218,45905,56,310,930,4,3720,2850,38000,Mar,2025,26.6,13.2,21.4,26.5,82,68,6.3,80.3,46.1,5
7,3,12,7,Mar,165,2200,3,VP,"Apr,2023",30,0.021120811,35,4.611111111,5.542857143,160,480,2572,18.66251944,4.52,1,28.19277108,34.57216495,4.611111111,5.542857143,20121,105,582,45783,178,310,620,4,2480,2233,29773.33333,Mar,2025,26.6,13.2,21.4,26.5,82,68,6.3,80.3,46.1,5
1-Jul,3.73,7,1-Jul,Mar,105,1740.666667,3.73,VP,"Sep,2023",23,0.026260208,35,4.110813226,6.641133665,160,400,2550,15.68627451,4.38,2,29.64130435,28.727797,4.110813226,6.641133665,24907,130.55,867,45788,173,250,567.5,3,1702.5,1420.643432,23551.11111,Mar,2025,26.6,13.2,21.4,26.5,82,68,6.3,80.3,46.1,5
7A,1.54,43,7A,Mar,45,308,1.54,SD,"Oct,2024",12,0.010842016,35,4.935064935,4.471243043,160,160,1087,14.71941122,14.71941122,3,25.68421053,24.54356846,4.935064935,4.471243043,5915,53.9,241,45783,301,250,600,4,2400,492.2987013,3369.511111,Mar,2025,26.6,13.2,21.4,26.5,82,68,6.3,80.3,46.1,5
1-Aug,6,12,1-Aug,Mar,150,4000,6,VP,"Apr,2023",30,0.042241622,23,8.416666667,10.57608696,160,240,2504,9.584664537,4.35,2,21.90594059,27.37923947,8.416666667,10.57608696,39960,138,1459.5,45947,14,310,620,4,2480,2035.833333,54288.88889,Mar,2025,26.6,13.2,21.4,26.5,82,68,6.3,80.3,46.1,5
2-Aug,6.55,6,2-Aug,Mar,150,4366.666667,6.55,VP,"Oct,2023",24,0.046113771,18,6.921119593,9.126378287,160,240,1800,13.33333333,5.11,2,23.34558824,28.94423792,6.921119593,9.126378287,31144,117.9,1076,45884,77,310,1860,4,7440,2000,58222.22222,Mar,2025,26.6,13.2,21.4,26.5,82,68,6.3,80.3,46.1,5
9,6.45,18,9,Mar,82.5,2365,6.45,SD,"Oct,2022",36,0.045409744,22,6.472868217,7.811839323,160,160,1821,8.786381109,8.786381109,1,20.30538922,23.18899414,6.472868217,7.811839323,25705,141.9,1108.5,45783,55,250,385,4,1540,1100,31533.33333,Mar,2025,26.6,13.2,21.4,26.5,82,68,6.3,80.3,46.1,5
9A,2,18,9A,Mar,150,1333.333333,2,SD,Nov.2022,36,0.014080541,21,9.5,11.61904762,80,240,2222,10.80108011,10.80108011,2,19.76315789,23.40163934,9.5,11.61904762,11420,42,488,45783,23,180,1161,3,3483,2000,17777.77778,Mar,2025,26.6,13.2,21.4,26.5,82,68,6.3,80.3,46.1,5
9A/2,2.4,23,9A/2,Mar,11.25,120,2.4,VP,Rev 2022,41,0.016896649,4,0,8.333333333,40,40,69,57.97101449,4.82,0,0,0,0,0,227,9.6,80,45783,53,180,225,4,900,150,1600,Mar,2025,26.6,13.2,21.4,26.5,82,68,6.3,80.3,46.1,5
10,2.67,35,10,Apr,212.5,2521.666667,2.67,SD,Feb.2025,8,0.018797522,17,4.822097378,5.155320555,140,220,1544,14.24870466,14.24870466,3,25.04854369,22.5042735,4.822097378,5.155320555,5266,45.39,234,45783,178,180,360,3,1080,2500,29666.66667,Apr,2025,26,13.4,22,26.3,85,86,5.8,55.3,198.9,13
10/2A,3.6,37,10/2A,Apr,102,1632,3.6,VP,"June.,2024",17,0.025344973,23,7.12962963,8.629227053,160,320,1760,18.18181818,5.72,2,30.42857143,24.89293212,7.12962963,8.629227053,17786,82.8,714.5,45939,22,250,750,3,2250,974.6666667,15594.66667,Apr,2025,26,13.4,22,26.3,85,86,5.8,55.3,198.9,13
3-Oct,2,12,3-Oct,Apr,170,1511.111111,2,VP,"Apr,2023",30,0.014080541,27,9,9.5,160,400,2477,16.14856681,4.4,3,24.55555556,27.34697856,9,9.5,14029,54,513,45824,137,310,1317.5,4,5270,2000,17777.77778,Apr,2025,26,13.4,22,26.3,85,86,5.8,55.3,198.9,13
4-Oct,1.25,48,4-Oct,Apr,0,0,1.25,VP,"June,2024",17,0.008800338,21,10.4,9.333333333,160,320,1871,17.10315339,4.39,3,17.35897436,25.12244898,10.4,9.333333333,6155,26.25,245,45918,43,250,500,4,2000,1124.2,6245.555556,Apr,2025,26,13.4,22,26.3,85,86,5.8,55.3,198.9,13
11,6.48,31,11,Apr,187,5385.6,6.48,VP,Oct.2024,14,0.045620952,35,4.732510288,5.956790123,160,240,1163,20.63628547,5.11,1,21.06521739,21.63508512,4.732510288,5.956790123,29229,226.8,1351,45788,173,310,2030.5,4,8122,2200,63360,Apr,2025,26,13.4,22,26.3,85,86,5.8,55.3,198.9,13
1-Nov,2.98,6,1-Nov,Apr,170,2251.555556,2.98,VP,"Oct,2023",23,0.020980006,22,10.62639821,16.01586333,160,320,3001,10.6631123,5.46,2,21.06315789,23.67047619,10.62639821,16.01586333,24854,65.56,1050,45903,58,310,2008.8,4,8035.2,2201.342282,29155.55556,Apr,2025,26,13.4,22,26.3,85,86,5.8,55.3,198.9,13
11/1A,2.27,24,11/1A,Apr,238,2401.155556,2.27,VP,"Apr,2022",42,0.015981414,20,11.30690162,18.11674009,80,240,3273,7.332722273,4.99,1,22.46753247,21.19513678,11.30690162,18.11674009,17433,45.4,822.5,45783,52,310,930,4,3720,2800,28248.88889,Apr,2025,26,13.4,22,26.3,85,86,5.8,55.3,198.9,13
12,6.39,17,12,Apr,136,3862.4,6.39,SD,"Nov,2022",35,0.044987328,34,4.04277517,5.23796373,160,400,1758,22.75312856,22.75312856,1,19.72258065,24.73989455,4.04277517,5.23796373,28154,217.26,1138,45783,183,250,667.5,4,2670,1600,45440,Apr,2025,26,13.4,22,26.3,85,86,5.8,55.3,198.9,13
1-Dec,4.25,7,1-Dec,Apr,238,4495.555556,4.25,VP,"Oct,2023",24,0.029921149,25,13.82352941,16.47529412,320,560,4441,12.60977257,4.56,3,24.52765957,27.20936875,13.82352941,16.47529412,47630,106.25,1750.5,45931,30,310,1156.3,4,4625.2,2800,52888.88889,Apr,2025,26,13.4,22,26.3,85,86,5.8,55.3,198.9,13
1A/1,4,21,1A/1,Apr,191.25,3400,4,VP,"Jul,2022",38,0.028161081,22,7.833333333,9.420454545,160,320,2352,13.60544218,6.08,3,18.40425532,25.09167672,7.833333333,9.420454545,20801,88,829,45931,23,200 Kgs.,180,250,310,2350,41777.77778,Apr,2025,26,13.4,22,26.3,85,86,5.8,55.3,198.9,13
1A/2,4.09,23,1A/2,Apr,136,2472.177778,4.09,VP,"Apr,2022",40,0.028794706,22,6.356968215,9.274283174,80,320,1930,16.58031088,5.03,3,17.88461538,23.10245656,6.356968215,9.274283174,19279,89.98,834.5,45931,30,250,1000,3,3000,1779.462103,32346.66667,Apr,2025,26,13.4,22,26.3,85,86,5.8,55.3,198.9,13
1B/1,2.31,23,1B/1,Apr,136,1396.266667,2.31,VP,"May,2022",40,0.016263025,19,10.60606061,8.988380041,80,240,1718,13.96973225,4.53,2,23.18367347,25.49809886,10.60606061,8.988380041,10059,43.89,394.5,,80,250,1022.5,3,3067.5,1859.74026,19093.33333,Apr,2025,26,13.4,22,26.3,85,86,5.8,55.3,198.9,13
2,5.24,36,2,Apr,153,3563.2,5.24,VP,"Jan,2025",2,0.0369,11,0,4.510756419,0,80,618,12.94498382,4.39,0,0,21.56923077,0,4.510756419,5608,58,260,45945,16,250,1625,4,6500,1828.625954,42586.66667,Apr,2025,26,13.4,22,26.3,85,86,5.8,55.3,198.9,13
2A,6.5,31,2A,Apr,153,4420,6.5,VP,"Jan 2025,",2,0.0458,16,0,4.980769231,0,80,920,8.695652174,4.66,0,0,20.91505792,0,4.980769231,10834,104,518,45934,27,250,577.5,3,1732.5,1784.615385,51555.55556,Apr,2025,26,13.4,22,26.3,85,86,5.8,55.3,198.9,13
3,5,37,3,Apr,212,4711.111111,5,VP,"Aug, 2024",15,0.035201352,21,7.066666667,7.585714286,160,240,1505,15.94684385,5.42,2,24.03773585,24.3992467,7.066666667,7.585714286,19434,105,796.5,45799,162,250,1310,4,5240,1496.8,33262.22222,Apr,2025,26,13.4,22,26.3,85,86,5.8,55.3,198.9,13
4,8.09,17,4,Apr,187,6723.688889,8.09,VP,"Nov,2022",35,0.056955787,16,7.107540173,10.56474042,160,240,1906,12.59181532,4.75,1,20.74782609,26.17769653,7.107540173,10.56474042,35798,129.44,1367.5,45840,121,310,1550,4,6200,2175.278121,78213.33333,Apr,2025,26,13.4,22,26.3,85,86,5.8,55.3,198.9,13
5A/1,5.7,31,5A/1,Apr,170,4306.666667,5.7,VP,"Sep,2021",49,0.040129541,20,4.912280702,8.355263158,0,80,1826,4.381161008,4.381161008,1,22.82142857,23.89186352,4.912280702,8.355263158,22757,114,952.5,45783,44,310,2507.9,3,7523.7,2035.087719,51555.55556,Apr,2025,26,13.4,22,26.3,85,86,5.8,55.3,198.9,13
5A/2,7.62,29,5A/2,Apr,178.5,6045.2,7.62,VP,"Nov,2021",47,0.05364686,19,3.910761155,8.077773173,0,80,1616,4.95049505,5,0,18.43624161,24.38905515,3.910761155,8.077773173,28523,144.78,1169.5,45783,81,310,1767,4,7068,2049.606299,69413.33333,Apr,2025,26,13.4,22,26.3,85,86,5.8,55.3,198.9,13
5B/1,4.18,30,5B/1,Apr,187,3474.044444,4.18,VP,"May,2024",17,0.02942833,34,4.306220096,5.389811427,240,400,1964,20.36659878,5.35,1,28.82407407,28.95953003,4.306220096,5.389811427,22183,142.12,766,45765,196,310,2362.2,4,9448.8,2283.732057,42426.66667,Apr,2025,26,13.4,22,26.3,85,86,5.8,55.3,198.9,13
6A/1,2,12,6A/1,Apr,187,1662.222222,2,VP,"Apr,2023",30,0.014080541,33,4.666666667,6.939393939,160,400,2558,15.63721658,3.97,2,26.64285714,29.48689956,4.666666667,6.939393939,13505,66,458,45818,143,310,1116,4,4464,2375,21111.11111,Apr,2025,26,13.4,22,26.3,85,86,5.8,55.3,198.9,13
6A/2,2,36,6A/2,Apr,255,2266.666667,2,VP,"Feb,2025",8,0.0141,26,5.833333333,6.471153846,160,240,1693,14.1760189,4.85,3,21.84285714,20.23774146,5.833333333,6.471153846,6810,52,336.5,45911,50,310,923.8,4,3695.2,3433,30515.55556,Apr,2025,26,13.4,22,26.3,85,86,5.8,55.3,198.9,13
6A/2/1,2,42,6A/2/1,Apr,0,0,2,VP,"May,2024",17,0.014080541,28,6.583333333,9.892857143,240,480,2473,19.40962394,4.3,3,25.21518987,23.84115523,6.583333333,9.892857143,13208,56,554,45779,182,310,620,4,2480,1391,12364.44444,Apr,2025,26,13.4,22,26.3,85,86,5.8,55.3,198.9,13
6B/2/3,3,30,6B/2/3,Apr,272,3626.666667,3,VP,"Oct,2021",48,0.021120811,33,7.933333333,10.53535354,160,400,2956,13.53179973,4.03,2,22.09243697,22.56088207,7.933333333,10.53535354,23531,99,1043,45783,249,310,1295.8,4,5183.2,3200,42666.66667,Apr,2025,26,13.4,22,26.3,85,86,5.8,55.3,198.9,13
6B/4,3,17,6B/4,Apr,242.25,3230,3,VP,"Feb,2025",8,0.0227,23,2.992776058,2.93444609,140,300,1193,25.14668902,4.96,1,29.36206897,22.25229358,2.992776058,2.93444609,4851,74,218,45905,56,310,930,4,3720,2850,38000,Apr,2025,26,13.4,22,26.3,85,86,5.8,55.3,198.9,13
7,3,12,7,Apr,187,2493.333333,3,VP,"Apr,2023",30,0.021120811,35,4.611111111,5.542857143,160,480,2572,18.66251944,4.52,1,28.19277108,34.57216495,4.611111111,5.542857143,20121,105,582,45783,178,310,620,4,2480,2233,29773.33333,Apr,2025,26,13.4,22,26.3,85,86,5.8,55.3,198.9,13
1-Jul,3.73,7,1-Jul,Apr,119,1972.755556,3.73,VP,"Sep,2023",23,0.026260208,35,4.110813226,6.641133665,160,400,2550,15.68627451,4.38,2,29.64130435,28.727797,4.110813226,6.641133665,24907,130.55,867,45788,173,250,567.5,3,1702.5,1420.643432,23551.11111,Apr,2025,26,13.4,22,26.3,85,86,5.8,55.3,198.9,13
7A,1.54,43,7A,Apr,0,0,1.54,SD,"Oct,2024",12,0.010842016,35,4.935064935,4.471243043,160,160,1087,14.71941122,14.71941122,3,25.68421053,24.54356846,4.935064935,4.471243043,5915,53.9,241,45783,301,250,600,4,2400,492.2987013,3369.511111,Apr,2025,26,13.4,22,26.3,85,86,5.8,55.3,198.9,13
1-Aug,6,12,1-Aug,Apr,170,4533.333333,6,VP,"Apr,2023",30,0.042241622,23,8.416666667,10.57608696,160,240,2504,9.584664537,4.35,2,21.90594059,27.37923947,8.416666667,10.57608696,39960,138,1459.5,45947,14,310,620,4,2480,2035.833333,54288.88889,Apr,2025,26,13.4,22,26.3,85,86,5.8,55.3,198.9,13
2-Aug,6.55,6,2-Aug,Apr,170,4948.888889,6.55,VP,"Oct,2023",24,0.046113771,18,6.921119593,9.126378287,160,240,1800,13.33333333,5.11,2,23.34558824,28.94423792,6.921119593,9.126378287,31144,117.9,1076,45884,77,310,1860,4,7440,2000,58222.22222,Apr,2025,26,13.4,22,26.3,85,86,5.8,55.3,198.9,13
9,6.45,18,9,Apr,93.5,2680.333333,6.45,SD,"Oct,2022",36,0.045409744,22,6.472868217,7.811839323,160,160,1821,8.786381109,8.786381109,1,20.30538922,23.18899414,6.472868217,7.811839323,25705,141.9,1108.5,45783,55,250,385,4,1540,1100,31533.33333,Apr,2025,26,13.4,22,26.3,85,86,5.8,55.3,198.9,13
9A,2,18,9A,Apr,170,1511.111111,2,SD,Nov.2022,36,0.014080541,21,9.5,11.61904762,80,240,2222,10.80108011,10.80108011,2,19.76315789,23.40163934,9.5,11.61904762,11420,42,488,45783,23,180,1161,3,3483,2000,17777.77778,Apr,2025,26,13.4,22,26.3,85,86,5.8,55.3,198.9,13
9A/2,2.4,23,9A/2,Apr,12.75,136,2.4,VP,Rev 2022,41,0.016896649,4,0,8.333333333,40,40,69,57.97101449,4.82,0,0,0,0,0,227,9.6,80,45783,53,180,225,4,900,150,1600,Apr,2025,26,13.4,22,26.3,85,86,5.8,55.3,198.9,13
10,2.67,35,10,May,225,2670,2.67,SD,Feb.2025,8,0.018797522,17,4.822097378,5.155320555,140,220,1544,14.24870466,14.24870466,3,25.04854369,22.5042735,4.822097378,5.155320555,5266,45.39,234,45783,178,180,360,3,1080,2500,29666.66667,May,2025,23.7,16.9,22.1,25.1,93,87,2.3,39.4,348,16
10/2A,3.6,37,10/2A,May,134.6666667,2154.666667,3.6,VP,"June.,2024",17,0.025344973,23,7.12962963,8.629227053,160,320,1760,18.18181818,5.72,2,30.42857143,24.89293212,7.12962963,8.629227053,17786,82.8,714.5,45939,22,250,750,3,2250,974.6666667,15594.66667,May,2025,23.7,16.9,22.1,25.1,93,87,2.3,39.4,348,16
3-Oct,2,12,3-Oct,May,180,1600,2,VP,"Apr,2023",30,0.014080541,27,9,9.5,160,400,2477,16.14856681,4.4,3,24.55555556,27.34697856,9,9.5,14029,54,513,45824,137,310,1317.5,4,5270,2000,17777.77778,May,2025,23.7,16.9,22.1,25.1,93,87,2.3,39.4,348,16
4-Oct,1.25,48,4-Oct,May,0,0,1.25,VP,"June,2024",17,0.008800338,21,10.4,9.333333333,160,320,1871,17.10315339,4.39,3,17.35897436,25.12244898,10.4,9.333333333,6155,26.25,245,45918,43,250,500,4,2000,1124.2,6245.555556,May,2025,23.7,16.9,22.1,25.1,93,87,2.3,39.4,348,16
11,6.48,31,11,May,198,5702.4,6.48,VP,Oct.2024,14,0.045620952,35,4.732510288,5.956790123,160,240,1163,20.63628547,5.11,1,21.06521739,21.63508512,4.732510288,5.956790123,29229,226.8,1351,45788,173,310,2030.5,4,8122,2200,63360,May,2025,23.7,16.9,22.1,25.1,93,87,2.3,39.4,348,16
1-Nov,2.98,6,1-Nov,May,314.2281879,4161.777778,2.98,VP,"Oct,2023",23,0.020980006,22,10.62639821,16.01586333,160,320,3001,10.6631123,5.46,2,21.06315789,23.67047619,10.62639821,16.01586333,24854,65.56,1050,45903,58,310,2008.8,4,8035.2,2201.342282,29155.55556,May,2025,23.7,16.9,22.1,25.1,93,87,2.3,39.4,348,16
11/1A,2.27,24,11/1A,May,252,2542.4,2.27,VP,"Apr,2022",42,0.015981414,20,11.30690162,18.11674009,80,240,3273,7.332722273,4.99,1,22.46753247,21.19513678,11.30690162,18.11674009,17433,45.4,822.5,45783,52,310,930,4,3720,2800,28248.88889,May,2025,23.7,16.9,22.1,25.1,93,87,2.3,39.4,348,16
12,6.39,17,12,May,144,4089.6,6.39,SD,"Nov,2022",35,0.044987328,34,4.04277517,5.23796373,160,400,1758,22.75312856,22.75312856,1,19.72258065,24.73989455,4.04277517,5.23796373,28154,217.26,1138,45783,183,250,667.5,4,2670,1600,45440,May,2025,23.7,16.9,22.1,25.1,93,87,2.3,39.4,348,16
1-Dec,4.25,7,1-Dec,May,252,4760,4.25,VP,"Oct,2023",24,0.029921149,25,13.82352941,16.47529412,320,560,4441,12.60977257,4.56,3,24.52765957,27.20936875,13.82352941,16.47529412,47630,106.25,1750.5,45931,30,310,1156.3,4,4625.2,2800,52888.88889,May,2025,23.7,16.9,22.1,25.1,93,87,2.3,39.4,348,16
1A/1,4,21,1A/1,May,202.5,3600,4,VP,"Jul,2022",38,0.028161081,22,7.833333333,9.420454545,160,320,2352,13.60544218,6.08,3,18.40425532,25.09167672,7.833333333,9.420454545,20801,88,829,45931,23,200 Kgs.,180,250,310,2350,41777.77778,May,2025,23.7,16.9,22.1,25.1,93,87,2.3,39.4,348,16
1A/2,4.09,23,1A/2,May,144,2617.6,4.09,VP,"Apr,2022",40,0.028794706,22,6.356968215,9.274283174,80,320,1930,16.58031088,5.03,3,17.88461538,23.10245656,6.356968215,9.274283174,19279,89.98,834.5,45931,30,250,1000,3,3000,1779.462103,32346.66667,May,2025,23.7,16.9,22.1,25.1,93,87,2.3,39.4,348,16
1B/1,2.31,23,1B/1,May,144,1478.4,2.31,VP,"May,2022",40,0.016263025,19,10.60606061,8.988380041,80,240,1718,13.96973225,4.53,2,23.18367347,25.49809886,10.60606061,8.988380041,10059,43.89,394.5,,80,250,1022.5,3,3067.5,1859.74026,19093.33333,May,2025,23.7,16.9,22.1,25.1,93,87,2.3,39.4,348,16
2,5.24,36,2,May,162,3772.8,5.24,VP,"Jan,2025",2,0.0369,11,0,4.510756419,0,80,618,12.94498382,4.39,0,0,21.56923077,0,4.510756419,5608,58,260,45945,16,250,1625,4,6500,1828.625954,42586.66667,May,2025,23.7,16.9,22.1,25.1,93,87,2.3,39.4,348,16
2A,6.5,31,2A,May,162,4680,6.5,VP,"Jan 2025,",2,0.0458,16,0,4.980769231,0,80,920,8.695652174,4.66,0,0,20.91505792,0,4.980769231,10834,104,518,45934,27,250,577.5,3,1732.5,1784.615385,51555.55556,May,2025,23.7,16.9,22.1,25.1,93,87,2.3,39.4,348,16
3,5,37,3,May,218,4844.444444,5,VP,"Aug, 2024",15,0.035201352,21,7.066666667,7.585714286,160,240,1505,15.94684385,5.42,2,24.03773585,24.3992467,7.066666667,7.585714286,19434,105,796.5,45799,162,250,1310,4,5240,1496.8,33262.22222,May,2025,23.7,16.9,22.1,25.1,93,87,2.3,39.4,348,16
4,8.09,17,4,May,198,7119.2,8.09,VP,"Nov,2022",35,0.056955787,16,7.107540173,10.56474042,160,240,1906,12.59181532,4.75,1,20.74782609,26.17769653,7.107540173,10.56474042,35798,129.44,1367.5,45840,121,310,1550,4,6200,2175.278121,78213.33333,May,2025,23.7,16.9,22.1,25.1,93,87,2.3,39.4,348,16
5A/1,5.7,31,5A/1,May,180,4560,5.7,VP,"Sep,2021",49,0.040129541,20,4.912280702,8.355263158,0,80,1826,4.381161008,4.381161008,1,22.82142857,23.89186352,4.912280702,8.355263158,22757,114,952.5,45783,44,310,2507.9,3,7523.7,2035.087719,51555.55556,May,2025,23.7,16.9,22.1,25.1,93,87,2.3,39.4,348,16
5A/2,7.62,29,5A/2,May,189,6400.8,7.62,VP,"Nov,2021",47,0.05364686,19,3.910761155,8.077773173,0,80,1616,4.95049505,5,0,18.43624161,24.38905515,3.910761155,8.077773173,28523,144.78,1169.5,45783,81,310,1767,4,7068,2049.606299,69413.33333,May,2025,23.7,16.9,22.1,25.1,93,87,2.3,39.4,348,16
5B/1,4.18,30,5B/1,May,198,3678.4,4.18,VP,"May,2024",17,0.02942833,34,4.306220096,5.389811427,240,400,1964,20.36659878,5.35,1,28.82407407,28.95953003,4.306220096,5.389811427,22183,142.12,766,45765,196,310,2362.2,4,9448.8,2283.732057,42426.66667,May,2025,23.7,16.9,22.1,25.1,93,87,2.3,39.4,348,16
6A/1,2,12,6A/1,May,198,1760,2,VP,"Apr,2023",30,0.014080541,33,4.666666667,6.939393939,160,400,2558,15.63721658,3.97,2,26.64285714,29.48689956,4.666666667,6.939393939,13505,66,458,45818,143,310,1116,4,4464,2375,21111.11111,May,2025,23.7,16.9,22.1,25.1,93,87,2.3,39.4,348,16
6A/2,2,36,6A/2,May,470,4177.777778,2,VP,"Feb,2025",8,0.0141,26,5.833333333,6.471153846,160,240,1693,14.1760189,4.85,3,21.84285714,20.23774146,5.833333333,6.471153846,6810,52,336.5,45911,50,310,923.8,4,3695.2,3433,30515.55556,May,2025,23.7,16.9,22.1,25.1,93,87,2.3,39.4,348,16
6A/2/1,2,42,6A/2/1,May,0,0,2,VP,"May,2024",17,0.014080541,28,6.583333333,9.892857143,240,480,2473,19.40962394,4.3,3,25.21518987,23.84115523,6.583333333,9.892857143,13208,56,554,45779,182,310,620,4,2480,1391,12364.44444,May,2025,23.7,16.9,22.1,25.1,93,87,2.3,39.4,348,16
6B/2/3,3,30,6B/2/3,May,288,3840,3,VP,"Oct,2021",48,0.021120811,33,7.933333333,10.53535354,160,400,2956,13.53179973,4.03,2,22.09243697,22.56088207,7.933333333,10.53535354,23531,99,1043,45783,249,310,1295.8,4,5183.2,3200,42666.66667,May,2025,23.7,16.9,22.1,25.1,93,87,2.3,39.4,348,16
6B/4,3,17,6B/4,May,256.5,3420,3,VP,"Feb,2025",8,0.0227,23,2.992776058,2.93444609,140,300,1193,25.14668902,4.96,1,29.36206897,22.25229358,2.992776058,2.93444609,4851,74,218,45905,56,310,930,4,3720,2850,38000,May,2025,23.7,16.9,22.1,25.1,93,87,2.3,39.4,348,16
7,3,12,7,May,198,2640,3,VP,"Apr,2023",30,0.021120811,35,4.611111111,5.542857143,160,480,2572,18.66251944,4.52,1,28.19277108,34.57216495,4.611111111,5.542857143,20121,105,582,45783,178,310,620,4,2480,2233,29773.33333,May,2025,23.7,16.9,22.1,25.1,93,87,2.3,39.4,348,16
1-Jul,3.73,7,1-Jul,May,126,2088.8,3.73,VP,"Sep,2023",23,0.026260208,35,4.110813226,6.641133665,160,400,2550,15.68627451,4.38,2,29.64130435,28.727797,4.110813226,6.641133665,24907,130.55,867,45788,173,250,567.5,3,1702.5,1420.643432,23551.11111,May,2025,23.7,16.9,22.1,25.1,93,87,2.3,39.4,348,16
7A,1.54,43,7A,May,0,0,1.54,SD,"Oct,2024",12,0.010842016,35,4.935064935,4.471243043,160,160,1087,14.71941122,14.71941122,3,25.68421053,24.54356846,4.935064935,4.471243043,5915,53.9,241,45783,301,250,600,4,2400,492.2987013,3369.511111,May,2025,23.7,16.9,22.1,25.1,93,87,2.3,39.4,348,16
1-Aug,6,12,1-Aug,May,180,4800,6,VP,"Apr,2023",30,0.042241622,23,8.416666667,10.57608696,160,240,2504,9.584664537,4.35,2,21.90594059,27.37923947,8.416666667,10.57608696,39960,138,1459.5,45947,14,310,620,4,2480,2035.833333,54288.88889,May,2025,23.7,16.9,22.1,25.1,93,87,2.3,39.4,348,16
2-Aug,6.55,6,2-Aug,May,180,5240,6.55,VP,"Oct,2023",24,0.046113771,18,6.921119593,9.126378287,160,240,1800,13.33333333,5.11,2,23.34558824,28.94423792,6.921119593,9.126378287,31144,117.9,1076,45884,77,310,1860,4,7440,2000,58222.22222,May,2025,23.7,16.9,22.1,25.1,93,87,2.3,39.4,348,16
9,6.45,18,9,May,99,2838,6.45,SD,"Oct,2022",36,0.045409744,22,6.472868217,7.811839323,160,160,1821,8.786381109,8.786381109,1,20.30538922,23.18899414,6.472868217,7.811839323,25705,141.9,1108.5,45783,55,250,385,4,1540,1100,31533.33333,May,2025,23.7,16.9,22.1,25.1,93,87,2.3,39.4,348,16
9A,2,18,9A,May,180,1600,2,SD,Nov.2022,36,0.014080541,21,9.5,11.61904762,80,240,2222,10.80108011,10.80108011,2,19.76315789,23.40163934,9.5,11.61904762,11420,42,488,45783,23,180,1161,3,3483,2000,17777.77778,May,2025,23.7,16.9,22.1,25.1,93,87,2.3,39.4,348,16
9A/2,2.4,23,9A/2,May,13.5,144,2.4,VP,Rev 2022,41,0.016896649,4,0,8.333333333,40,40,69,57.97101449,4.82,0,0,0,0,0,227,9.6,80,45783,53,180,225,4,900,150,1600,May,2025,23.7,16.9,22.1,25.1,93,87,2.3,39.4,348,16
10,2.67,35,10,Jun,225,2670,2.67,SD,Feb.2025,8,0.018797522,17,4.822097378,5.155320555,140,220,1544,14.24870466,14.24870466,3,25.04854369,22.5042735,4.822097378,5.155320555,5266,45.39,234,45783,178,180,360,3,1080,2500,29666.66667,Jun,2025,23.4,16,21.8,24.9,90,84,3.4,44.3,73.2,8
10/2A,3.6,37,10/2A,Jun,136.3333333,2181.333333,3.6,VP,"June.,2024",17,0.025344973,23,7.12962963,8.629227053,160,320,1760,18.18181818,5.72,2,30.42857143,24.89293212,7.12962963,8.629227053,17786,82.8,714.5,45939,22,250,750,3,2250,974.6666667,15594.66667,Jun,2025,23.4,16,21.8,24.9,90,84,3.4,44.3,73.2,8
3-Oct,2,12,3-Oct,Jun,180,1600,2,VP,"Apr,2023",30,0.014080541,27,9,9.5,160,400,2477,16.14856681,4.4,3,24.55555556,27.34697856,9,9.5,14029,54,513,45824,137,310,1317.5,4,5270,2000,17777.77778,Jun,2025,23.4,16,21.8,24.9,90,84,3.4,44.3,73.2,8
4-Oct,1.25,48,4-Oct,Jun,0,0,1.25,VP,"June,2024",17,0.008800338,21,10.4,9.333333333,160,320,1871,17.10315339,4.39,3,17.35897436,25.12244898,10.4,9.333333333,6155,26.25,245,45918,43,250,500,4,2000,1124.2,6245.555556,Jun,2025,23.4,16,21.8,24.9,90,84,3.4,44.3,73.2,8
11,6.48,31,11,Jun,198,5702.4,6.48,VP,Oct.2024,14,0.045620952,35,4.732510288,5.956790123,160,240,1163,20.63628547,5.11,1,21.06521739,21.63508512,4.732510288,5.956790123,29229,226.8,1351,45788,173,310,2030.5,4,8122,2200,63360,Jun,2025,23.4,16,21.8,24.9,90,84,3.4,44.3,73.2,8
1-Nov,2.98,6,1-Nov,Jun,280.6711409,3717.333333,2.98,VP,"Oct,2023",23,0.020980006,22,10.62639821,16.01586333,160,320,3001,10.6631123,5.46,2,21.06315789,23.67047619,10.62639821,16.01586333,24854,65.56,1050,45903,58,310,2008.8,4,8035.2,2201.342282,29155.55556,Jun,2025,23.4,16,21.8,24.9,90,84,3.4,44.3,73.2,8
11/1A,2.27,24,11/1A,Jun,252,2542.4,2.27,VP,"Apr,2022",42,0.015981414,20,11.30690162,18.11674009,80,240,3273,7.332722273,4.99,1,22.46753247,21.19513678,11.30690162,18.11674009,17433,45.4,822.5,45783,52,310,930,4,3720,2800,28248.88889,Jun,2025,23.4,16,21.8,24.9,90,84,3.4,44.3,73.2,8
12,6.39,17,12,Jun,144,4089.6,6.39,SD,"Nov,2022",35,0.044987328,34,4.04277517,5.23796373,160,400,1758,22.75312856,22.75312856,1,19.72258065,24.73989455,4.04277517,5.23796373,28154,217.26,1138,45783,183,250,667.5,4,2670,1600,45440,Jun,2025,23.4,16,21.8,24.9,90,84,3.4,44.3,73.2,8
1-Dec,4.25,7,1-Dec,Jun,252,4760,4.25,VP,"Oct,2023",24,0.029921149,25,13.82352941,16.47529412,320,560,4441,12.60977257,4.56,3,24.52765957,27.20936875,13.82352941,16.47529412,47630,106.25,1750.5,45931,30,310,1156.3,4,4625.2,2800,52888.88889,Jun,2025,23.4,16,21.8,24.9,90,84,3.4,44.3,73.2,8
1A/1,4,21,1A/1,Jun,202.5,3600,4,VP,"Jul,2022",38,0.028161081,22,7.833333333,9.420454545,160,320,2352,13.60544218,6.08,3,18.40425532,25.09167672,7.833333333,9.420454545,20801,88,829,45931,23,200 Kgs.,180,250,310,2350,41777.77778,Jun,2025,23.4,16,21.8,24.9,90,84,3.4,44.3,73.2,8
1A/2,4.09,23,1A/2,Jun,144,2617.6,4.09,VP,"Apr,2022",40,0.028794706,22,6.356968215,9.274283174,80,320,1930,16.58031088,5.03,3,17.88461538,23.10245656,6.356968215,9.274283174,19279,89.98,834.5,45931,30,250,1000,3,3000,1779.462103,32346.66667,Jun,2025,23.4,16,21.8,24.9,90,84,3.4,44.3,73.2,8
1B/1,2.31,23,1B/1,Jun,144,1478.4,2.31,VP,"May,2022",40,0.016263025,19,10.60606061,8.988380041,80,240,1718,13.96973225,4.53,2,23.18367347,25.49809886,10.60606061,8.988380041,10059,43.89,394.5,,80,250,1022.5,3,3067.5,1859.74026,19093.33333,Jun,2025,23.4,16,21.8,24.9,90,84,3.4,44.3,73.2,8
2,5.24,36,2,Jun,162,3772.8,5.24,VP,"Jan,2025",2,0.0369,11,0,4.510756419,0,80,618,12.94498382,4.39,0,0,21.56923077,0,4.510756419,5608,58,260,45945,16,250,1625,4,6500,1828.625954,42586.66667,Jun,2025,23.4,16,21.8,24.9,90,84,3.4,44.3,73.2,8
2A,6.5,31,2A,Jun,162,4680,6.5,VP,"Jan 2025,",2,0.0458,16,0,4.980769231,0,80,920,8.695652174,4.66,0,0,20.91505792,0,4.980769231,10834,104,518,45934,27,250,577.5,3,1732.5,1784.615385,51555.55556,Jun,2025,23.4,16,21.8,24.9,90,84,3.4,44.3,73.2,8
3,5,37,3,Jun,218,4844.444444,5,VP,"Aug, 2024",15,0.035201352,21,7.066666667,7.585714286,160,240,1505,15.94684385,5.42,2,24.03773585,24.3992467,7.066666667,7.585714286,19434,105,796.5,45799,162,250,1310,4,5240,1496.8,33262.22222,Jun,2025,23.4,16,21.8,24.9,90,84,3.4,44.3,73.2,8
4,8.09,17,4,Jun,198,7119.2,8.09,VP,"Nov,2022",35,0.056955787,16,7.107540173,10.56474042,160,240,1906,12.59181532,4.75,1,20.74782609,26.17769653,7.107540173,10.56474042,35798,129.44,1367.5,45840,121,310,1550,4,6200,2175.278121,78213.33333,Jun,2025,23.4,16,21.8,24.9,90,84,3.4,44.3,73.2,8
5A/1,5.7,31,5A/1,Jun,180,4560,5.7,VP,"Sep,2021",49,0.040129541,20,4.912280702,8.355263158,0,80,1826,4.381161008,4.381161008,1,22.82142857,23.89186352,4.912280702,8.355263158,22757,114,952.5,45783,44,310,2507.9,3,7523.7,2035.087719,51555.55556,Jun,2025,23.4,16,21.8,24.9,90,84,3.4,44.3,73.2,8
5A/2,7.62,29,5A/2,Jun,189,6400.8,7.62,VP,"Nov,2021",47,0.05364686,19,3.910761155,8.077773173,0,80,1616,4.95049505,5,0,18.43624161,24.38905515,3.910761155,8.077773173,28523,144.78,1169.5,45783,81,310,1767,4,7068,2049.606299,69413.33333,Jun,2025,23.4,16,21.8,24.9,90,84,3.4,44.3,73.2,8
5B/1,4.18,30,5B/1,Jun,198,3678.4,4.18,VP,"May,2024",17,0.02942833,34,4.306220096,5.389811427,240,400,1964,20.36659878,5.35,1,28.82407407,28.95953003,4.306220096,5.389811427,22183,142.12,766,45765,196,310,2362.2,4,9448.8,2283.732057,42426.66667,Jun,2025,23.4,16,21.8,24.9,90,84,3.4,44.3,73.2,8
6A/1,2,12,6A/1,Jun,198,1760,2,VP,"Apr,2023",30,0.014080541,33,4.666666667,6.939393939,160,400,2558,15.63721658,3.97,2,26.64285714,29.48689956,4.666666667,6.939393939,13505,66,458,45818,143,310,1116,4,4464,2375,21111.11111,Jun,2025,23.4,16,21.8,24.9,90,84,3.4,44.3,73.2,8
6A/2,2,36,6A/2,Jun,420,3733.333333,2,VP,"Feb,2025",8,0.0141,26,5.833333333,6.471153846,160,240,1693,14.1760189,4.85,3,21.84285714,20.23774146,5.833333333,6.471153846,6810,52,336.5,45911,50,310,923.8,4,3695.2,3433,30515.55556,Jun,2025,23.4,16,21.8,24.9,90,84,3.4,44.3,73.2,8
6A/2/1,2,42,6A/2/1,Jun,0,0,2,VP,"May,2024",17,0.014080541,28,6.583333333,9.892857143,240,480,2473,19.40962394,4.3,3,25.21518987,23.84115523,6.583333333,9.892857143,13208,56,554,45779,182,310,620,4,2480,1391,12364.44444,Jun,2025,23.4,16,21.8,24.9,90,84,3.4,44.3,73.2,8
6B/2/3,3,30,6B/2/3,Jun,288,3840,3,VP,"Oct,2021",48,0.021120811,33,7.933333333,10.53535354,160,400,2956,13.53179973,4.03,2,22.09243697,22.56088207,7.933333333,10.53535354,23531,99,1043,45783,249,310,1295.8,4,5183.2,3200,42666.66667,Jun,2025,23.4,16,21.8,24.9,90,84,3.4,44.3,73.2,8
6B/4,3,17,6B/4,Jun,256.5,3420,3,VP,"Feb,2025",8,0.0227,23,2.992776058,2.93444609,140,300,1193,25.14668902,4.96,1,29.36206897,22.25229358,2.992776058,2.93444609,4851,74,218,45905,56,310,930,4,3720,2850,38000,Jun,2025,23.4,16,21.8,24.9,90,84,3.4,44.3,73.2,8
7,3,12,7,Jun,231,3080,3,VP,"Apr,2023",30,0.021120811,35,4.611111111,5.542857143,160,480,2572,18.66251944,4.52,1,28.19277108,34.57216495,4.611111111,5.542857143,20121,105,582,45783,178,310,620,4,2480,2233,29773.33333,Jun,2025,23.4,16,21.8,24.9,90,84,3.4,44.3,73.2,8
1-Jul,3.73,7,1-Jul,Jun,126,2088.8,3.73,VP,"Sep,2023",23,0.026260208,35,4.110813226,6.641133665,160,400,2550,15.68627451,4.38,2,29.64130435,28.727797,4.110813226,6.641133665,24907,130.55,867,45788,173,250,567.5,3,1702.5,1420.643432,23551.11111,Jun,2025,23.4,16,21.8,24.9,90,84,3.4,44.3,73.2,8
7A,1.54,43,7A,Jun,0,0,1.54,SD,"Oct,2024",12,0.010842016,35,4.935064935,4.471243043,160,160,1087,14.71941122,14.71941122,3,25.68421053,24.54356846,4.935064935,4.471243043,5915,53.9,241,45783,301,250,600,4,2400,492.2987013,3369.511111,Jun,2025,23.4,16,21.8,24.9,90,84,3.4,44.3,73.2,8
1-Aug,6,12,1-Aug,Jun,180,4800,6,VP,"Apr,2023",30,0.042241622,23,8.416666667,10.57608696,160,240,2504,9.584664537,4.35,2,21.90594059,27.37923947,8.416666667,10.57608696,39960,138,1459.5,45947,14,310,620,4,2480,2035.833333,54288.88889,Jun,2025,23.4,16,21.8,24.9,90,84,3.4,44.3,73.2,8
2-Aug,6.55,6,2-Aug,Jun,180,5240,6.55,VP,"Oct,2023",24,0.046113771,18,6.921119593,9.126378287,160,240,1800,13.33333333,5.11,2,23.34558824,28.94423792,6.921119593,9.126378287,31144,117.9,1076,45884,77,310,1860,4,7440,2000,58222.22222,Jun,2025,23.4,16,21.8,24.9,90,84,3.4,44.3,73.2,8
9,6.45,18,9,Jun,99,2838,6.45,SD,"Oct,2022",36,0.045409744,22,6.472868217,7.811839323,160,160,1821,8.786381109,8.786381109,1,20.30538922,23.18899414,6.472868217,7.811839323,25705,141.9,1108.5,45783,55,250,385,4,1540,1100,31533.33333,Jun,2025,23.4,16,21.8,24.9,90,84,3.4,44.3,73.2,8
9A,2,18,9A,Jun,180,1600,2,SD,Nov.2022,36,0.014080541,21,9.5,11.61904762,80,240,2222,10.80108011,10.80108011,2,19.76315789,23.40163934,9.5,11.61904762,11420,42,488,45783,23,180,1161,3,3483,2000,17777.77778,Jun,2025,23.4,16,21.8,24.9,90,84,3.4,44.3,73.2,8
9A/2,2.4,23,9A/2,Jun,13.5,144,2.4,VP,Rev 2022,41,0.016896649,4,0,8.333333333,40,40,69,57.97101449,4.82,0,0,0,0,0,227,9.6,80,45783,53,180,225,4,900,150,1600,Jun,2025,23.4,16,21.8,24.9,90,84,3.4,44.3,73.2,8
10,2.67,35,10,Jul,175,2076.666667,2.67,SD,Feb.2025,8,0.018797522,17,4.822097378,5.155320555,140,220,1544,14.24870466,14.24870466,3,25.04854369,22.5042735,4.822097378,5.155320555,5266,45.39,234,45783,178,180,360,3,1080,2500,29666.66667,Jul,2025,23.4,16.1,21,23.9,91,87,2.4,41.3,247.5,19
10/2A,3.6,37,10/2A,Jul,115.6666667,1850.666667,3.6,VP,"June.,2024",17,0.025344973,23,7.12962963,8.629227053,160,320,1760,18.18181818,5.72,2,30.42857143,24.89293212,7.12962963,8.629227053,17786,82.8,714.5,45939,22,250,750,3,2250,974.6666667,15594.66667,Jul,2025,23.4,16.1,21,23.9,91,87,2.4,41.3,247.5,19
3-Oct,2,12,3-Oct,Jul,140,1244.444444,2,VP,"Apr,2023",30,0.014080541,27,9,9.5,160,400,2477,16.14856681,4.4,3,24.55555556,27.34697856,9,9.5,14029,54,513,45824,137,310,1317.5,4,5270,2000,17777.77778,Jul,2025,23.4,16.1,21,23.9,91,87,2.4,41.3,247.5,19
4-Oct,1.25,48,4-Oct,Jul,98,544.4444444,1.25,VP,"June,2024",17,0.008800338,21,10.4,9.333333333,160,320,1871,17.10315339,4.39,3,17.35897436,25.12244898,10.4,9.333333333,6155,26.25,245,45918,43,250,500,4,2000,1124.2,6245.555556,Jul,2025,23.4,16.1,21,23.9,91,87,2.4,41.3,247.5,19
11,6.48,31,11,Jul,154,4435.2,6.48,VP,Oct.2024,14,0.045620952,35,4.732510288,5.956790123,160,240,1163,20.63628547,5.11,1,21.06521739,21.63508512,4.732510288,5.956790123,29229,226.8,1351,45788,173,310,2030.5,4,8122,2200,63360,Jul,2025,23.4,16.1,21,23.9,91,87,2.4,41.3,247.5,19
1-Nov,2.98,6,1-Nov,Jul,140,1854.222222,2.98,VP,"Oct,2023",23,0.020980006,22,10.62639821,16.01586333,160,320,3001,10.6631123,5.46,2,21.06315789,23.67047619,10.62639821,16.01586333,24854,65.56,1050,45903,58,310,2008.8,4,8035.2,2201.342282,29155.55556,Jul,2025,23.4,16.1,21,23.9,91,87,2.4,41.3,247.5,19
11/1A,2.27,24,11/1A,Jul,196,1977.422222,2.27,VP,"Apr,2022",42,0.015981414,20,11.30690162,18.11674009,80,240,3273,7.332722273,4.99,1,22.46753247,21.19513678,11.30690162,18.11674009,17433,45.4,822.5,45783,52,310,930,4,3720,2800,28248.88889,Jul,2025,23.4,16.1,21,23.9,91,87,2.4,41.3,247.5,19
12,6.39,17,12,Jul,112,3180.8,6.39,SD,"Nov,2022",35,0.044987328,34,4.04277517,5.23796373,160,400,1758,22.75312856,22.75312856,1,19.72258065,24.73989455,4.04277517,5.23796373,28154,217.26,1138,45783,183,250,667.5,4,2670,1600,45440,Jul,2025,23.4,16.1,21,23.9,91,87,2.4,41.3,247.5,19
1-Dec,4.25,7,1-Dec,Jul,196,3702.222222,4.25,VP,"Oct,2023",24,0.029921149,25,13.82352941,16.47529412,320,560,4441,12.60977257,4.56,3,24.52765957,27.20936875,13.82352941,16.47529412,47630,106.25,1750.5,45931,30,310,1156.3,4,4625.2,2800,52888.88889,Jul,2025,23.4,16.1,21,23.9,91,87,2.4,41.3,247.5,19
1A/1,4,21,1A/1,Jul,157.5,2800,4,VP,"Jul,2022",38,0.028161081,22,7.833333333,9.420454545,160,320,2352,13.60544218,6.08,3,18.40425532,25.09167672,7.833333333,9.420454545,20801,88,829,45931,23,200 Kgs.,180,250,310,2350,41777.77778,Jul,2025,23.4,16.1,21,23.9,91,87,2.4,41.3,247.5,19
1A/2,4.09,23,1A/2,Jul,112,2035.911111,4.09,VP,"Apr,2022",40,0.028794706,22,6.356968215,9.274283174,80,320,1930,16.58031088,5.03,3,17.88461538,23.10245656,6.356968215,9.274283174,19279,89.98,834.5,45931,30,250,1000,3,3000,1779.462103,32346.66667,Jul,2025,23.4,16.1,21,23.9,91,87,2.4,41.3,247.5,19
1B/1,2.31,23,1B/1,Jul,112,1149.866667,2.31,VP,"May,2022",40,0.016263025,19,10.60606061,8.988380041,80,240,1718,13.96973225,4.53,2,23.18367347,25.49809886,10.60606061,8.988380041,10059,43.89,394.5,,80,250,1022.5,3,3067.5,1859.74026,19093.33333,Jul,2025,23.4,16.1,21,23.9,91,87,2.4,41.3,247.5,19
2,5.24,36,2,Jul,126,2934.4,5.24,VP,"Jan,2025",2,0.0369,11,0,4.510756419,0,80,618,12.94498382,4.39,0,0,21.56923077,0,4.510756419,5608,58,260,45945,16,250,1625,4,6500,1828.625954,42586.66667,Jul,2025,23.4,16.1,21,23.9,91,87,2.4,41.3,247.5,19
2A,6.5,31,2A,Jul,126,3640,6.5,VP,"Jan 2025,",2,0.0458,16,0,4.980769231,0,80,920,8.695652174,4.66,0,0,20.91505792,0,4.980769231,10834,104,518,45934,27,250,577.5,3,1732.5,1784.615385,51555.55556,Jul,2025,23.4,16.1,21,23.9,91,87,2.4,41.3,247.5,19
3,5,37,3,Jul,274,6088.888889,5,VP,"Aug, 2024",15,0.035201352,21,7.066666667,7.585714286,160,240,1505,15.94684385,5.42,2,24.03773585,24.3992467,7.066666667,7.585714286,19434,105,796.5,45799,162,250,1310,4,5240,1496.8,33262.22222,Jul,2025,23.4,16.1,21,23.9,91,87,2.4,41.3,247.5,19
4,8.09,17,4,Jul,154,5537.155556,8.09,VP,"Nov,2022",35,0.056955787,16,7.107540173,10.56474042,160,240,1906,12.59181532,4.75,1,20.74782609,26.17769653,7.107540173,10.56474042,35798,129.44,1367.5,45840,121,310,1550,4,6200,2175.278121,78213.33333,Jul,2025,23.4,16.1,21,23.9,91,87,2.4,41.3,247.5,19
5A/1,5.7,31,5A/1,Jul,140,3546.666667,5.7,VP,"Sep,2021",49,0.040129541,20,4.912280702,8.355263158,0,80,1826,4.381161008,4.381161008,1,22.82142857,23.89186352,4.912280702,8.355263158,22757,114,952.5,45783,44,310,2507.9,3,7523.7,2035.087719,51555.55556,Jul,2025,23.4,16.1,21,23.9,91,87,2.4,41.3,247.5,19
5A/2,7.62,29,5A/2,Jul,147,4978.4,7.62,VP,"Nov,2021",47,0.05364686,19,3.910761155,8.077773173,0,80,1616,4.95049505,5,0,18.43624161,24.38905515,3.910761155,8.077773173,28523,144.78,1169.5,45783,81,310,1767,4,7068,2049.606299,69413.33333,Jul,2025,23.4,16.1,21,23.9,91,87,2.4,41.3,247.5,19
5B/1,4.18,30,5B/1,Jul,154,2860.977778,4.18,VP,"May,2024",17,0.02942833,34,4.306220096,5.389811427,240,400,1964,20.36659878,5.35,1,28.82407407,28.95953003,4.306220096,5.389811427,22183,142.12,766,45765,196,310,2362.2,4,9448.8,2283.732057,42426.66667,Jul,2025,23.4,16.1,21,23.9,91,87,2.4,41.3,247.5,19
6A/1,2,12,6A/1,Jul,154,1368.888889,2,VP,"Apr,2023",30,0.014080541,33,4.666666667,6.939393939,160,400,2558,15.63721658,3.97,2,26.64285714,29.48689956,4.666666667,6.939393939,13505,66,458,45818,143,310,1116,4,4464,2375,21111.11111,Jul,2025,23.4,16.1,21,23.9,91,87,2.4,41.3,247.5,19
6A/2,2,36,6A/2,Jul,210,1866.666667,2,VP,"Feb,2025",8,0.0141,26,5.833333333,6.471153846,160,240,1693,14.1760189,4.85,3,21.84285714,20.23774146,5.833333333,6.471153846,6810,52,336.5,45911,50,310,923.8,4,3695.2,3433,30515.55556,Jul,2025,23.4,16.1,21,23.9,91,87,2.4,41.3,247.5,19
6A/2/1,2,42,6A/2/1,Jul,112,995.5555556,2,VP,"May,2024",17,0.014080541,28,6.583333333,9.892857143,240,480,2473,19.40962394,4.3,3,25.21518987,23.84115523,6.583333333,9.892857143,13208,56,554,45779,182,310,620,4,2480,1391,12364.44444,Jul,2025,23.4,16.1,21,23.9,91,87,2.4,41.3,247.5,19
6B/2/3,3,30,6B/2/3,Jul,224,2986.666667,3,VP,"Oct,2021",48,0.021120811,33,7.933333333,10.53535354,160,400,2956,13.53179973,4.03,2,22.09243697,22.56088207,7.933333333,10.53535354,23531,99,1043,45783,249,310,1295.8,4,5183.2,3200,42666.66667,Jul,2025,23.4,16.1,21,23.9,91,87,2.4,41.3,247.5,19
6B/4,3,17,6B/4,Jul,199.5,2660,3,VP,"Feb,2025",8,0.0227,23,2.992776058,2.93444609,140,300,1193,25.14668902,4.96,1,29.36206897,22.25229358,2.992776058,2.93444609,4851,74,218,45905,56,310,930,4,3720,2850,38000,Jul,2025,23.4,16.1,21,23.9,91,87,2.4,41.3,247.5,19
7,3,12,7,Jul,154,2053.333333,3,VP,"Apr,2023",30,0.021120811,35,4.611111111,5.542857143,160,480,2572,18.66251944,4.52,1,28.19277108,34.57216495,4.611111111,5.542857143,20121,105,582,45783,178,310,620,4,2480,2233,29773.33333,Jul,2025,23.4,16.1,21,23.9,91,87,2.4,41.3,247.5,19
1-Jul,3.73,7,1-Jul,Jul,98,1624.622222,3.73,VP,"Sep,2023",23,0.026260208,35,4.110813226,6.641133665,160,400,2550,15.68627451,4.38,2,29.64130435,28.727797,4.110813226,6.641133665,24907,130.55,867,45788,173,250,567.5,3,1702.5,1420.643432,23551.11111,Jul,2025,23.4,16.1,21,23.9,91,87,2.4,41.3,247.5,19
7A,1.54,43,7A,Jul,42,287.4666667,1.54,SD,"Oct,2024",12,0.010842016,35,4.935064935,4.471243043,160,160,1087,14.71941122,14.71941122,3,25.68421053,24.54356846,4.935064935,4.471243043,5915,53.9,241,45783,301,250,600,4,2400,492.2987013,3369.511111,Jul,2025,23.4,16.1,21,23.9,91,87,2.4,41.3,247.5,19
1-Aug,6,12,1-Aug,Jul,140,3733.333333,6,VP,"Apr,2023",30,0.042241622,23,8.416666667,10.57608696,160,240,2504,9.584664537,4.35,2,21.90594059,27.37923947,8.416666667,10.57608696,39960,138,1459.5,45947,14,310,620,4,2480,2035.833333,54288.88889,Jul,2025,23.4,16.1,21,23.9,91,87,2.4,41.3,247.5,19
2-Aug,6.55,6,2-Aug,Jul,140,4075.555556,6.55,VP,"Oct,2023",24,0.046113771,18,6.921119593,9.126378287,160,240,1800,13.33333333,5.11,2,23.34558824,28.94423792,6.921119593,9.126378287,31144,117.9,1076,45884,77,310,1860,4,7440,2000,58222.22222,Jul,2025,23.4,16.1,21,23.9,91,87,2.4,41.3,247.5,19
9,6.45,18,9,Jul,77,2207.333333,6.45,SD,"Oct,2022",36,0.045409744,22,6.472868217,7.811839323,160,160,1821,8.786381109,8.786381109,1,20.30538922,23.18899414,6.472868217,7.811839323,25705,141.9,1108.5,45783,55,250,385,4,1540,1100,31533.33333,Jul,2025,23.4,16.1,21,23.9,91,87,2.4,41.3,247.5,19
9A,2,18,9A,Jul,140,1244.444444,2,SD,Nov.2022,36,0.014080541,21,9.5,11.61904762,80,240,2222,10.80108011,10.80108011,2,19.76315789,23.40163934,9.5,11.61904762,11420,42,488,45783,23,180,1161,3,3483,2000,17777.77778,Jul,2025,23.4,16.1,21,23.9,91,87,2.4,41.3,247.5,19
9A/2,2.4,23,9A/2,Jul,10.5,112,2.4,VP,Rev 2022,41,0.016896649,4,0,8.333333333,40,40,69,57.97101449,4.82,0,0,0,0,0,227,9.6,80,45783,53,180,225,4,900,150,1600,Jul,2025,23.4,16.1,21,23.9,91,87,2.4,41.3,247.5,19
10,2.67,35,10,Aug,175,2076.666667,2.67,SD,Feb.2025,8,0.018797522,17,4.822097378,5.155320555,140,220,1544,14.24870466,14.24870466,3,25.04854369,22.5042735,4.822097378,5.155320555,5266,45.39,234,45783,178,180,360,3,1080,2500,29666.66667,Aug,2025,22.7,15.9,20.6,23.3,92,87,3.1,44.2,404.5,14
10/2A,3.6,37,10/2A,Aug,84,1344,3.6,VP,"June.,2024",17,0.025344973,23,7.12962963,8.629227053,160,320,1760,18.18181818,5.72,2,30.42857143,24.89293212,7.12962963,8.629227053,17786,82.8,714.5,45939,22,250,750,3,2250,974.6666667,15594.66667,Aug,2025,22.7,15.9,20.6,23.3,92,87,3.1,44.2,404.5,14
3-Oct,2,12,3-Oct,Aug,140,1244.444444,2,VP,"Apr,2023",30,0.014080541,27,9,9.5,160,400,2477,16.14856681,4.4,3,24.55555556,27.34697856,9,9.5,14029,54,513,45824,137,310,1317.5,4,5270,2000,17777.77778,Aug,2025,22.7,15.9,20.6,23.3,92,87,3.1,44.2,404.5,14
4-Oct,1.25,48,4-Oct,Aug,98,544.4444444,1.25,VP,"June,2024",17,0.008800338,21,10.4,9.333333333,160,320,1871,17.10315339,4.39,3,17.35897436,25.12244898,10.4,9.333333333,6155,26.25,245,45918,43,250,500,4,2000,1124.2,6245.555556,Aug,2025,22.7,15.9,20.6,23.3,92,87,3.1,44.2,404.5,14
11,6.48,31,11,Aug,154,4435.2,6.48,VP,Oct.2024,14,0.045620952,35,4.732510288,5.956790123,160,240,1163,20.63628547,5.11,1,21.06521739,21.63508512,4.732510288,5.956790123,29229,226.8,1351,45788,173,310,2030.5,4,8122,2200,63360,Aug,2025,22.7,15.9,20.6,23.3,92,87,3.1,44.2,404.5,14
1-Nov,2.98,6,1-Nov,Aug,140,1854.222222,2.98,VP,"Oct,2023",23,0.020980006,22,10.62639821,16.01586333,160,320,3001,10.6631123,5.46,2,21.06315789,23.67047619,10.62639821,16.01586333,24854,65.56,1050,45903,58,310,2008.8,4,8035.2,2201.342282,29155.55556,Aug,2025,22.7,15.9,20.6,23.3,92,87,3.1,44.2,404.5,14
11/1A,2.27,24,11/1A,Aug,196,1977.422222,2.27,VP,"Apr,2022",42,0.015981414,20,11.30690162,18.11674009,80,240,3273,7.332722273,4.99,1,22.46753247,21.19513678,11.30690162,18.11674009,17433,45.4,822.5,45783,52,310,930,4,3720,2800,28248.88889,Aug,2025,22.7,15.9,20.6,23.3,92,87,3.1,44.2,404.5,14
12,6.39,17,12,Aug,112,3180.8,6.39,SD,"Nov,2022",35,0.044987328,34,4.04277517,5.23796373,160,400,1758,22.75312856,22.75312856,1,19.72258065,24.73989455,4.04277517,5.23796373,28154,217.26,1138,45783,183,250,667.5,4,2670,1600,45440,Aug,2025,22.7,15.9,20.6,23.3,92,87,3.1,44.2,404.5,14
1-Dec,4.25,7,1-Dec,Aug,196,3702.222222,4.25,VP,"Oct,2023",24,0.029921149,25,13.82352941,16.47529412,320,560,4441,12.60977257,4.56,3,24.52765957,27.20936875,13.82352941,16.47529412,47630,106.25,1750.5,45931,30,310,1156.3,4,4625.2,2800,52888.88889,Aug,2025,22.7,15.9,20.6,23.3,92,87,3.1,44.2,404.5,14
1A/1,4,21,1A/1,Aug,157.5,2800,4,VP,"Jul,2022",38,0.028161081,22,7.833333333,9.420454545,160,320,2352,13.60544218,6.08,3,18.40425532,25.09167672,7.833333333,9.420454545,20801,88,829,45931,23,200 Kgs.,180,250,310,2350,41777.77778,Aug,2025,22.7,15.9,20.6,23.3,92,87,3.1,44.2,404.5,14
1A/2,4.09,23,1A/2,Aug,112,2035.911111,4.09,VP,"Apr,2022",40,0.028794706,22,6.356968215,9.274283174,80,320,1930,16.58031088,5.03,3,17.88461538,23.10245656,6.356968215,9.274283174,19279,89.98,834.5,45931,30,250,1000,3,3000,1779.462103,32346.66667,Aug,2025,22.7,15.9,20.6,23.3,92,87,3.1,44.2,404.5,14
1B/1,2.31,23,1B/1,Aug,112,1149.866667,2.31,VP,"May,2022",40,0.016263025,19,10.60606061,8.988380041,80,240,1718,13.96973225,4.53,2,23.18367347,25.49809886,10.60606061,8.988380041,10059,43.89,394.5,,80,250,1022.5,3,3067.5,1859.74026,19093.33333,Aug,2025,22.7,15.9,20.6,23.3,92,87,3.1,44.2,404.5,14
2,5.24,36,2,Aug,126,2934.4,5.24,VP,"Jan,2025",2,0.0369,11,0,4.510756419,0,80,618,12.94498382,4.39,0,0,21.56923077,0,4.510756419,5608,58,260,45945,16,250,1625,4,6500,1828.625954,42586.66667,Aug,2025,22.7,15.9,20.6,23.3,92,87,3.1,44.2,404.5,14
2A,6.5,31,2A,Aug,126,3640,6.5,VP,"Jan 2025,",2,0.0458,16,0,4.980769231,0,80,920,8.695652174,4.66,0,0,20.91505792,0,4.980769231,10834,104,518,45934,27,250,577.5,3,1732.5,1784.615385,51555.55556,Aug,2025,22.7,15.9,20.6,23.3,92,87,3.1,44.2,404.5,14
3,5,37,3,Aug,220.4,4897.777778,5,VP,"Aug, 2024",15,0.035201352,21,7.066666667,7.585714286,160,240,1505,15.94684385,5.42,2,24.03773585,24.3992467,7.066666667,7.585714286,19434,105,796.5,45799,162,250,1310,4,5240,1496.8,33262.22222,Aug,2025,22.7,15.9,20.6,23.3,92,87,3.1,44.2,404.5,14
4,8.09,17,4,Aug,154,5537.155556,8.09,VP,"Nov,2022",35,0.056955787,16,7.107540173,10.56474042,160,240,1906,12.59181532,4.75,1,20.74782609,26.17769653,7.107540173,10.56474042,35798,129.44,1367.5,45840,121,310,1550,4,6200,2175.278121,78213.33333,Aug,2025,22.7,15.9,20.6,23.3,92,87,3.1,44.2,404.5,14
5A/1,5.7,31,5A/1,Aug,140,3546.666667,5.7,VP,"Sep,2021",49,0.040129541,20,4.912280702,8.355263158,0,80,1826,4.381161008,4.381161008,1,22.82142857,23.89186352,4.912280702,8.355263158,22757,114,952.5,45783,44,310,2507.9,3,7523.7,2035.087719,51555.55556,Aug,2025,22.7,15.9,20.6,23.3,92,87,3.1,44.2,404.5,14
5A/2,7.62,29,5A/2,Aug,147,4978.4,7.62,VP,"Nov,2021",47,0.05364686,19,3.910761155,8.077773173,0,80,1616,4.95049505,5,0,18.43624161,24.38905515,3.910761155,8.077773173,28523,144.78,1169.5,45783,81,310,1767,4,7068,2049.606299,69413.33333,Aug,2025,22.7,15.9,20.6,23.3,92,87,3.1,44.2,404.5,14
5B/1,4.18,30,5B/1,Aug,154,2860.977778,4.18,VP,"May,2024",17,0.02942833,34,4.306220096,5.389811427,240,400,1964,20.36659878,5.35,1,28.82407407,28.95953003,4.306220096,5.389811427,22183,142.12,766,45765,196,310,2362.2,4,9448.8,2283.732057,42426.66667,Aug,2025,22.7,15.9,20.6,23.3,92,87,3.1,44.2,404.5,14
6A/1,2,12,6A/1,Aug,154,1368.888889,2,VP,"Apr,2023",30,0.014080541,33,4.666666667,6.939393939,160,400,2558,15.63721658,3.97,2,26.64285714,29.48689956,4.666666667,6.939393939,13505,66,458,45818,143,310,1116,4,4464,2375,21111.11111,Aug,2025,22.7,15.9,20.6,23.3,92,87,3.1,44.2,404.5,14
6A/2,2,36,6A/2,Aug,210,1866.666667,2,VP,"Feb,2025",8,0.0141,26,5.833333333,6.471153846,160,240,1693,14.1760189,4.85,3,21.84285714,20.23774146,5.833333333,6.471153846,6810,52,336.5,45911,50,310,923.8,4,3695.2,3433,30515.55556,Aug,2025,22.7,15.9,20.6,23.3,92,87,3.1,44.2,404.5,14
6A/2/1,2,42,6A/2/1,Aug,112,995.5555556,2,VP,"May,2024",17,0.014080541,28,6.583333333,9.892857143,240,480,2473,19.40962394,4.3,3,25.21518987,23.84115523,6.583333333,9.892857143,13208,56,554,45779,182,310,620,4,2480,1391,12364.44444,Aug,2025,22.7,15.9,20.6,23.3,92,87,3.1,44.2,404.5,14
6B/2/3,3,30,6B/2/3,Aug,224,2986.666667,3,VP,"Oct,2021",48,0.021120811,33,7.933333333,10.53535354,160,400,2956,13.53179973,4.03,2,22.09243697,22.56088207,7.933333333,10.53535354,23531,99,1043,45783,249,310,1295.8,4,5183.2,3200,42666.66667,Aug,2025,22.7,15.9,20.6,23.3,92,87,3.1,44.2,404.5,14
6B/4,3,17,6B/4,Aug,199.5,2660,3,VP,"Feb,2025",8,0.0227,23,2.992776058,2.93444609,140,300,1193,25.14668902,4.96,1,29.36206897,22.25229358,2.992776058,2.93444609,4851,74,218,45905,56,310,930,4,3720,2850,38000,Aug,2025,22.7,15.9,20.6,23.3,92,87,3.1,44.2,404.5,14
7,3,12,7,Aug,154,2053.333333,3,VP,"Apr,2023",30,0.021120811,35,4.611111111,5.542857143,160,480,2572,18.66251944,4.52,1,28.19277108,34.57216495,4.611111111,5.542857143,20121,105,582,45783,178,310,620,4,2480,2233,29773.33333,Aug,2025,22.7,15.9,20.6,23.3,92,87,3.1,44.2,404.5,14
1-Jul,3.73,7,1-Jul,Aug,98,1624.622222,3.73,VP,"Sep,2023",23,0.026260208,35,4.110813226,6.641133665,160,400,2550,15.68627451,4.38,2,29.64130435,28.727797,4.110813226,6.641133665,24907,130.55,867,45788,173,250,567.5,3,1702.5,1420.643432,23551.11111,Aug,2025,22.7,15.9,20.6,23.3,92,87,3.1,44.2,404.5,14
7A,1.54,43,7A,Aug,42,287.4666667,1.54,SD,"Oct,2024",12,0.010842016,35,4.935064935,4.471243043,160,160,1087,14.71941122,14.71941122,3,25.68421053,24.54356846,4.935064935,4.471243043,5915,53.9,241,45783,301,250,600,4,2400,492.2987013,3369.511111,Aug,2025,22.7,15.9,20.6,23.3,92,87,3.1,44.2,404.5,14
1-Aug,6,12,1-Aug,Aug,140,3733.333333,6,VP,"Apr,2023",30,0.042241622,23,8.416666667,10.57608696,160,240,2504,9.584664537,4.35,2,21.90594059,27.37923947,8.416666667,10.57608696,39960,138,1459.5,45947,14,310,620,4,2480,2035.833333,54288.88889,Aug,2025,22.7,15.9,20.6,23.3,92,87,3.1,44.2,404.5,14
2-Aug,6.55,6,2-Aug,Aug,140,4075.555556,6.55,VP,"Oct,2023",24,0.046113771,18,6.921119593,9.126378287,160,240,1800,13.33333333,5.11,2,23.34558824,28.94423792,6.921119593,9.126378287,31144,117.9,1076,45884,77,310,1860,4,7440,2000,58222.22222,Aug,2025,22.7,15.9,20.6,23.3,92,87,3.1,44.2,404.5,14
9,6.45,18,9,Aug,77,2207.333333,6.45,SD,"Oct,2022",36,0.045409744,22,6.472868217,7.811839323,160,160,1821,8.786381109,8.786381109,1,20.30538922,23.18899414,6.472868217,7.811839323,25705,141.9,1108.5,45783,55,250,385,4,1540,1100,31533.33333,Aug,2025,22.7,15.9,20.6,23.3,92,87,3.1,44.2,404.5,14
9A,2,18,9A,Aug,140,1244.444444,2,SD,Nov.2022,36,0.014080541,21,9.5,11.61904762,80,240,2222,10.80108011,10.80108011,2,19.76315789,23.40163934,9.5,11.61904762,11420,42,488,45783,23,180,1161,3,3483,2000,17777.77778,Aug,2025,22.7,15.9,20.6,23.3,92,87,3.1,44.2,404.5,14
9A/2,2.4,23,9A/2,Aug,10.5,112,2.4,VP,Rev 2022,41,0.016896649,4,0,8.333333333,40,40,69,57.97101449,4.82,0,0,0,0,0,227,9.6,80,45783,53,180,225,4,900,150,1600,Aug,2025,22.7,15.9,20.6,23.3,92,87,3.1,44.2,404.5,14
10,2.67,35,10,Sep,200,2373.333333,2.67,SD,Feb.2025,8,0.018797522,17,4.822097378,5.155320555,140,220,1544,14.24870466,14.24870466,3,25.04854369,22.5042735,4.822097378,5.155320555,5266,45.39,234,45783,178,180,360,3,1080,2500,29666.66667,Sep,2025,23.7,15,21.5,25.1,90,79,4.5,57.5,92.8,8
10/2A,3.6,37,10/2A,Sep,0,0,3.6,VP,"June.,2024",17,0.025344973,23,7.12962963,8.629227053,160,320,1760,18.18181818,5.72,2,30.42857143,24.89293212,7.12962963,8.629227053,17786,82.8,714.5,45939,22,250,750,3,2250,974.6666667,15594.66667,Sep,2025,23.7,15,21.5,25.1,90,79,4.5,57.5,92.8,8
3-Oct,2,12,3-Oct,Sep,160,1422.222222,2,VP,"Apr,2023",30,0.014080541,27,9,9.5,160,400,2477,16.14856681,4.4,3,24.55555556,27.34697856,9,9.5,14029,54,513,45824,137,310,1317.5,4,5270,2000,17777.77778,Sep,2025,23.7,15,21.5,25.1,90,79,4.5,57.5,92.8,8
4-Oct,1.25,48,4-Oct,Sep,112,622.2222222,1.25,VP,"June,2024",17,0.008800338,21,10.4,9.333333333,160,320,1871,17.10315339,4.39,3,17.35897436,25.12244898,10.4,9.333333333,6155,26.25,245,45918,43,250,500,4,2000,1124.2,6245.555556,Sep,2025,23.7,15,21.5,25.1,90,79,4.5,57.5,92.8,8
11,6.48,31,11,Sep,176,5068.8,6.48,VP,Oct.2024,14,0.045620952,35,4.732510288,5.956790123,160,240,1163,20.63628547,5.11,1,21.06521739,21.63508512,4.732510288,5.956790123,29229,226.8,1351,45788,173,310,2030.5,4,8122,2200,63360,Sep,2025,23.7,15,21.5,25.1,90,79,4.5,57.5,92.8,8
1-Nov,2.98,6,1-Nov,Sep,160,2119.111111,2.98,VP,"Oct,2023",23,0.020980006,22,10.62639821,16.01586333,160,320,3001,10.6631123,5.46,2,21.06315789,23.67047619,10.62639821,16.01586333,24854,65.56,1050,45903,58,310,2008.8,4,8035.2,2201.342282,29155.55556,Sep,2025,23.7,15,21.5,25.1,90,79,4.5,57.5,92.8,8
11/1A,2.27,24,11/1A,Sep,224,2259.911111,2.27,VP,"Apr,2022",42,0.015981414,20,11.30690162,18.11674009,80,240,3273,7.332722273,4.99,1,22.46753247,21.19513678,11.30690162,18.11674009,17433,45.4,822.5,45783,52,310,930,4,3720,2800,28248.88889,Sep,2025,23.7,15,21.5,25.1,90,79,4.5,57.5,92.8,8
12,6.39,17,12,Sep,128,3635.2,6.39,SD,"Nov,2022",35,0.044987328,34,4.04277517,5.23796373,160,400,1758,22.75312856,22.75312856,1,19.72258065,24.73989455,4.04277517,5.23796373,28154,217.26,1138,45783,183,250,667.5,4,2670,1600,45440,Sep,2025,23.7,15,21.5,25.1,90,79,4.5,57.5,92.8,8
1-Dec,4.25,7,1-Dec,Sep,224,4231.111111,4.25,VP,"Oct,2023",24,0.029921149,25,13.82352941,16.47529412,320,560,4441,12.60977257,4.56,3,24.52765957,27.20936875,13.82352941,16.47529412,47630,106.25,1750.5,45931,30,310,1156.3,4,4625.2,2800,52888.88889,Sep,2025,23.7,15,21.5,25.1,90,79,4.5,57.5,92.8,8
1A/1,4,21,1A/1,Sep,180,3200,4,VP,"Jul,2022",38,0.028161081,22,7.833333333,9.420454545,160,320,2352,13.60544218,6.08,3,18.40425532,25.09167672,7.833333333,9.420454545,20801,88,829,45931,23,200 Kgs.,180,250,310,2350,41777.77778,Sep,2025,23.7,15,21.5,25.1,90,79,4.5,57.5,92.8,8
1A/2,4.09,23,1A/2,Sep,176.8997555,3215.644444,4.09,VP,"Apr,2022",40,0.028794706,22,6.356968215,9.274283174,80,320,1930,16.58031088,5.03,3,17.88461538,23.10245656,6.356968215,9.274283174,19279,89.98,834.5,45931,30,250,1000,3,3000,1779.462103,32346.66667,Sep,2025,23.7,15,21.5,25.1,90,79,4.5,57.5,92.8,8
1B/1,2.31,23,1B/1,Sep,171.2900433,1758.577778,2.31,VP,"May,2022",40,0.016263025,19,10.60606061,8.988380041,80,240,1718,13.96973225,4.53,2,23.18367347,25.49809886,10.60606061,8.988380041,10059,43.89,394.5,,80,250,1022.5,3,3067.5,1859.74026,19093.33333,Sep,2025,23.7,15,21.5,25.1,90,79,4.5,57.5,92.8,8
2,5.24,36,2,Sep,144,3353.6,5.24,VP,"Jan,2025",2,0.0369,11,0,4.510756419,0,80,618,12.94498382,4.39,0,0,21.56923077,0,4.510756419,5608,58,260,45945,16,250,1625,4,6500,1828.625954,42586.66667,Sep,2025,23.7,15,21.5,25.1,90,79,4.5,57.5,92.8,8
2A,6.5,31,2A,Sep,144,4160,6.5,VP,"Jan 2025,",2,0.0458,16,0,4.980769231,0,80,920,8.695652174,4.66,0,0,20.91505792,0,4.980769231,10834,104,518,45934,27,250,577.5,3,1732.5,1784.615385,51555.55556,Sep,2025,23.7,15,21.5,25.1,90,79,4.5,57.5,92.8,8
3,5,37,3,Sep,0,0,5,VP,"Aug, 2024",15,0.035201352,21,7.066666667,7.585714286,160,240,1505,15.94684385,5.42,2,24.03773585,24.3992467,7.066666667,7.585714286,19434,105,796.5,45799,162,250,1310,4,5240,1496.8,33262.22222,Sep,2025,23.7,15,21.5,25.1,90,79,4.5,57.5,92.8,8
4,8.09,17,4,Sep,176,6328.177778,8.09,VP,"Nov,2022",35,0.056955787,16,7.107540173,10.56474042,160,240,1906,12.59181532,4.75,1,20.74782609,26.17769653,7.107540173,10.56474042,35798,129.44,1367.5,45840,121,310,1550,4,6200,2175.278121,78213.33333,Sep,2025,23.7,15,21.5,25.1,90,79,4.5,57.5,92.8,8
5A/1,5.7,31,5A/1,Sep,195.0877193,4942.222222,5.7,VP,"Sep,2021",49,0.040129541,20,4.912280702,8.355263158,0,80,1826,4.381161008,4.381161008,1,22.82142857,23.89186352,4.912280702,8.355263158,22757,114,952.5,45783,44,310,2507.9,3,7523.7,2035.087719,51555.55556,Sep,2025,23.7,15,21.5,25.1,90,79,4.5,57.5,92.8,8
5A/2,7.62,29,5A/2,Sep,168,5689.6,7.62,VP,"Nov,2021",47,0.05364686,19,3.910761155,8.077773173,0,80,1616,4.95049505,5,0,18.43624161,24.38905515,3.910761155,8.077773173,28523,144.78,1169.5,45783,81,310,1767,4,7068,2049.606299,69413.33333,Sep,2025,23.7,15,21.5,25.1,90,79,4.5,57.5,92.8,8
5B/1,4.18,30,5B/1,Sep,176,3269.688889,4.18,VP,"May,2024",17,0.02942833,34,4.306220096,5.389811427,240,400,1964,20.36659878,5.35,1,28.82407407,28.95953003,4.306220096,5.389811427,22183,142.12,766,45765,196,310,2362.2,4,9448.8,2283.732057,42426.66667,Sep,2025,23.7,15,21.5,25.1,90,79,4.5,57.5,92.8,8
6A/1,2,12,6A/1,Sep,176,1564.444444,2,VP,"Apr,2023",30,0.014080541,33,4.666666667,6.939393939,160,400,2558,15.63721658,3.97,2,26.64285714,29.48689956,4.666666667,6.939393939,13505,66,458,45818,143,310,1116,4,4464,2375,21111.11111,Sep,2025,23.7,15,21.5,25.1,90,79,4.5,57.5,92.8,8
6A/2,2,36,6A/2,Sep,240,2133.333333,2,VP,"Feb,2025",8,0.0141,26,5.833333333,6.471153846,160,240,1693,14.1760189,4.85,3,21.84285714,20.23774146,5.833333333,6.471153846,6810,52,336.5,45911,50,310,923.8,4,3695.2,3433,30515.55556,Sep,2025,23.7,15,21.5,25.1,90,79,4.5,57.5,92.8,8
6A/2/1,2,42,6A/2/1,Sep,128,1137.777778,2,VP,"May,2024",17,0.014080541,28,6.583333333,9.892857143,240,480,2473,19.40962394,4.3,3,25.21518987,23.84115523,6.583333333,9.892857143,13208,56,554,45779,182,310,620,4,2480,1391,12364.44444,Sep,2025,23.7,15,21.5,25.1,90,79,4.5,57.5,92.8,8
6B/2/3,3,30,6B/2/3,Sep,256,3413.333333,3,VP,"Oct,2021",48,0.021120811,33,7.933333333,10.53535354,160,400,2956,13.53179973,4.03,2,22.09243697,22.56088207,7.933333333,10.53535354,23531,99,1043,45783,249,310,1295.8,4,5183.2,3200,42666.66667,Sep,2025,23.7,15,21.5,25.1,90,79,4.5,57.5,92.8,8
6B/4,3,17,6B/4,Sep,228,3040,3,VP,"Feb,2025",8,0.0227,23,2.992776058,2.93444609,140,300,1193,25.14668902,4.96,1,29.36206897,22.25229358,2.992776058,2.93444609,4851,74,218,45905,56,310,930,4,3720,2850,38000,Sep,2025,23.7,15,21.5,25.1,90,79,4.5,57.5,92.8,8
7,3,12,7,Sep,176,2346.666667,3,VP,"Apr,2023",30,0.021120811,35,4.611111111,5.542857143,160,480,2572,18.66251944,4.52,1,28.19277108,34.57216495,4.611111111,5.542857143,20121,105,582,45783,178,310,620,4,2480,2233,29773.33333,Sep,2025,23.7,15,21.5,25.1,90,79,4.5,57.5,92.8,8
1-Jul,3.73,7,1-Jul,Sep,112,1856.711111,3.73,VP,"Sep,2023",23,0.026260208,35,4.110813226,6.641133665,160,400,2550,15.68627451,4.38,2,29.64130435,28.727797,4.110813226,6.641133665,24907,130.55,867,45788,173,250,567.5,3,1702.5,1420.643432,23551.11111,Sep,2025,23.7,15,21.5,25.1,90,79,4.5,57.5,92.8,8
7A,1.54,43,7A,Sep,48,328.5333333,1.54,SD,"Oct,2024",12,0.010842016,35,4.935064935,4.471243043,160,160,1087,14.71941122,14.71941122,3,25.68421053,24.54356846,4.935064935,4.471243043,5915,53.9,241,45783,301,250,600,4,2400,492.2987013,3369.511111,Sep,2025,23.7,15,21.5,25.1,90,79,4.5,57.5,92.8,8
1-Aug,6,12,1-Aug,Sep,195.8333333,5222.222222,6,VP,"Apr,2023",30,0.042241622,23,8.416666667,10.57608696,160,240,2504,9.584664537,4.35,2,21.90594059,27.37923947,8.416666667,10.57608696,39960,138,1459.5,45947,14,310,620,4,2480,2035.833333,54288.88889,Sep,2025,23.7,15,21.5,25.1,90,79,4.5,57.5,92.8,8
2-Aug,6.55,6,2-Aug,Sep,160,4657.777778,6.55,VP,"Oct,2023",24,0.046113771,18,6.921119593,9.126378287,160,240,1800,13.33333333,5.11,2,23.34558824,28.94423792,6.921119593,9.126378287,31144,117.9,1076,45884,77,310,1860,4,7440,2000,58222.22222,Sep,2025,23.7,15,21.5,25.1,90,79,4.5,57.5,92.8,8
9,6.45,18,9,Sep,88,2522.666667,6.45,SD,"Oct,2022",36,0.045409744,22,6.472868217,7.811839323,160,160,1821,8.786381109,8.786381109,1,20.30538922,23.18899414,6.472868217,7.811839323,25705,141.9,1108.5,45783,55,250,385,4,1540,1100,31533.33333,Sep,2025,23.7,15,21.5,25.1,90,79,4.5,57.5,92.8,8
9A,2,18,9A,Sep,160,1422.222222,2,SD,Nov.2022,36,0.014080541,21,9.5,11.61904762,80,240,2222,10.80108011,10.80108011,2,19.76315789,23.40163934,9.5,11.61904762,11420,42,488,45783,23,180,1161,3,3483,2000,17777.77778,Sep,2025,23.7,15,21.5,25.1,90,79,4.5,57.5,92.8,8
9A/2,2.4,23,9A/2,Sep,12,128,2.4,VP,Rev 2022,41,0.016896649,4,0,8.333333333,40,40,69,57.97101449,4.82,0,0,0,0,0,227,9.6,80,45783,53,180,225,4,900,150,1600,Sep,2025,23.7,15,21.5,25.1,90,79,4.5,57.5,92.8,8
10,2.67,35,10,Oct,212.5,2521.666667,2.67,SD,Feb.2025,8,0.018797522,17,4.822097378,5.155320555,140,220,1544,14.24870466,14.24870466,3,25.04854369,22.5042735,4.822097378,5.155320555,5266,45.39,234,45783,178,180,360,3,1080,2500,29666.66667,Oct,2025,23.2,15.5,20.9,24,90,90,3.2,39.8,469.1,18
10/2A,3.6,37,10/2A,Oct,0,0,3.6,VP,"June.,2024",17,0.025344973,23,7.12962963,8.629227053,160,320,1760,18.18181818,5.72,2,30.42857143,24.89293212,7.12962963,8.629227053,17786,82.8,714.5,45939,22,250,750,3,2250,974.6666667,15594.66667,Oct,2025,23.2,15.5,20.9,24,90,90,3.2,39.8,469.1,18
3-Oct,2,12,3-Oct,Oct,170,1511.111111,2,VP,"Apr,2023",30,0.014080541,27,9,9.5,160,400,2477,16.14856681,4.4,3,24.55555556,27.34697856,9,9.5,14029,54,513,45824,137,310,1317.5,4,5270,2000,17777.77778,Oct,2025,23.2,15.5,20.9,24,90,90,3.2,39.8,469.1,18
4-Oct,1.25,48,4-Oct,Oct,119,661.1111111,1.25,VP,"June,2024",17,0.008800338,21,10.4,9.333333333,160,320,1871,17.10315339,4.39,3,17.35897436,25.12244898,10.4,9.333333333,6155,26.25,245,45918,43,250,500,4,2000,1124.2,6245.555556,Oct,2025,23.2,15.5,20.9,24,90,90,3.2,39.8,469.1,18
11,6.48,31,11,Oct,187,5385.6,6.48,VP,Oct.2024,14,0.045620952,35,4.732510288,5.956790123,160,240,1163,20.63628547,5.11,1,21.06521739,21.63508512,4.732510288,5.956790123,29229,226.8,1351,45788,173,310,2030.5,4,8122,2200,63360,Oct,2025,23.2,15.5,20.9,24,90,90,3.2,39.8,469.1,18
1-Nov,2.98,6,1-Nov,Oct,170,2251.555556,2.98,VP,"Oct,2023",23,0.020980006,22,10.62639821,16.01586333,160,320,3001,10.6631123,5.46,2,21.06315789,23.67047619,10.62639821,16.01586333,24854,65.56,1050,45903,58,310,2008.8,4,8035.2,2201.342282,29155.55556,Oct,2025,23.2,15.5,20.9,24,90,90,3.2,39.8,469.1,18
11/1A,2.27,24,11/1A,Oct,238,2401.155556,2.27,VP,"Apr,2022",42,0.015981414,20,11.30690162,18.11674009,80,240,3273,7.332722273,4.99,1,22.46753247,21.19513678,11.30690162,18.11674009,17433,45.4,822.5,45783,52,310,930,4,3720,2800,28248.88889,Oct,2025,23.2,15.5,20.9,24,90,90,3.2,39.8,469.1,18
12,6.39,17,12,Oct,136,3862.4,6.39,SD,"Nov,2022",35,0.044987328,34,4.04277517,5.23796373,160,400,1758,22.75312856,22.75312856,1,19.72258065,24.73989455,4.04277517,5.23796373,28154,217.26,1138,45783,183,250,667.5,4,2670,1600,45440,Oct,2025,23.2,15.5,20.9,24,90,90,3.2,39.8,469.1,18
1-Dec,4.25,7,1-Dec,Oct,238,4495.555556,4.25,VP,"Oct,2023",24,0.029921149,25,13.82352941,16.47529412,320,560,4441,12.60977257,4.56,3,24.52765957,27.20936875,13.82352941,16.47529412,47630,106.25,1750.5,45931,30,310,1156.3,4,4625.2,2800,52888.88889,Oct,2025,23.2,15.5,20.9,24,90,90,3.2,39.8,469.1,18
1A/1,4,21,1A/1,Oct,241.25,4288.888889,4,VP,"Jul,2022",38,0.028161081,22,7.833333333,9.420454545,160,320,2352,13.60544218,6.08,3,18.40425532,25.09167672,7.833333333,9.420454545,20801,88,829,45931,23,200 Kgs.,180,250,310,2350,41777.77778,Oct,2025,23.2,15.5,20.9,24,90,90,3.2,39.8,469.1,18
1A/2,4.09,23,1A/2,Oct,184.8997555,3361.066667,4.09,VP,"Apr,2022",40,0.028794706,22,6.356968215,9.274283174,80,320,1930,16.58031088,5.03,3,17.88461538,23.10245656,6.356968215,9.274283174,19279,89.98,834.5,45931,30,250,1000,3,3000,1779.462103,32346.66667,Oct,2025,23.2,15.5,20.9,24,90,90,3.2,39.8,469.1,18
1B/1,2.31,23,1B/1,Oct,265.8701299,2729.6,2.31,VP,"May,2022",40,0.016263025,19,10.60606061,8.988380041,80,240,1718,13.96973225,4.53,2,23.18367347,25.49809886,10.60606061,8.988380041,10059,43.89,394.5,,80,250,1022.5,3,3067.5,1859.74026,19093.33333,Oct,2025,23.2,15.5,20.9,24,90,90,3.2,39.8,469.1,18
2,5.24,36,2,Oct,153,3563.2,5.24,VP,"Jan,2025",2,0.0369,11,0,4.510756419,0,80,618,12.94498382,4.39,0,0,21.56923077,0,4.510756419,5608,58,260,45945,16,250,1625,4,6500,1828.625954,42586.66667,Oct,2025,23.2,15.5,20.9,24,90,90,3.2,39.8,469.1,18
2A,6.5,31,2A,Oct,153,4420,6.5,VP,"Jan 2025,",2,0.0458,16,0,4.980769231,0,80,920,8.695652174,4.66,0,0,20.91505792,0,4.980769231,10834,104,518,45934,27,250,577.5,3,1732.5,1784.615385,51555.55556,Oct,2025,23.2,15.5,20.9,24,90,90,3.2,39.8,469.1,18
3,5,37,3,Oct,0,0,5,VP,"Aug, 2024",15,0.035201352,21,7.066666667,7.585714286,160,240,1505,15.94684385,5.42,2,24.03773585,24.3992467,7.066666667,7.585714286,19434,105,796.5,45799,162,250,1310,4,5240,1496.8,33262.22222,Oct,2025,23.2,15.5,20.9,24,90,90,3.2,39.8,469.1,18
4,8.09,17,4,Oct,187,6723.688889,8.09,VP,"Nov,2022",35,0.056955787,16,7.107540173,10.56474042,160,240,1906,12.59181532,4.75,1,20.74782609,26.17769653,7.107540173,10.56474042,35798,129.44,1367.5,45840,121,310,1550,4,6200,2175.278121,78213.33333,Oct,2025,23.2,15.5,20.9,24,90,90,3.2,39.8,469.1,18
5A/1,5.7,31,5A/1,Oct,170,4306.666667,5.7,VP,"Sep,2021",49,0.040129541,20,4.912280702,8.355263158,0,80,1826,4.381161008,4.381161008,1,22.82142857,23.89186352,4.912280702,8.355263158,22757,114,952.5,45783,44,310,2507.9,3,7523.7,2035.087719,51555.55556,Oct,2025,23.2,15.5,20.9,24,90,90,3.2,39.8,469.1,18
5A/2,7.62,29,5A/2,Oct,178.5,6045.2,7.62,VP,"Nov,2021",47,0.05364686,19,3.910761155,8.077773173,0,80,1616,4.95049505,5,0,18.43624161,24.38905515,3.910761155,8.077773173,28523,144.78,1169.5,45783,81,310,1767,4,7068,2049.606299,69413.33333,Oct,2025,23.2,15.5,20.9,24,90,90,3.2,39.8,469.1,18
5B/1,4.18,30,5B/1,Oct,234.84689,4362.933333,4.18,VP,"May,2024",17,0.02942833,34,4.306220096,5.389811427,240,400,1964,20.36659878,5.35,1,28.82407407,28.95953003,4.306220096,5.389811427,22183,142.12,766,45765,196,310,2362.2,4,9448.8,2283.732057,42426.66667,Oct,2025,23.2,15.5,20.9,24,90,90,3.2,39.8,469.1,18
6A/1,2,12,6A/1,Oct,312,2773.333333,2,VP,"Apr,2023",30,0.014080541,33,4.666666667,6.939393939,160,400,2558,15.63721658,3.97,2,26.64285714,29.48689956,4.666666667,6.939393939,13505,66,458,45818,143,310,1116,4,4464,2375,21111.11111,Oct,2025,23.2,15.5,20.9,24,90,90,3.2,39.8,469.1,18
6A/2,2,36,6A/2,Oct,255,2266.666667,2,VP,"Feb,2025",8,0.0141,26,5.833333333,6.471153846,160,240,1693,14.1760189,4.85,3,21.84285714,20.23774146,5.833333333,6.471153846,6810,52,336.5,45911,50,310,923.8,4,3695.2,3433,30515.55556,Oct,2025,23.2,15.5,20.9,24,90,90,3.2,39.8,469.1,18
6A/2/1,2,42,6A/2/1,Oct,136,1208.888889,2,VP,"May,2024",17,0.014080541,28,6.583333333,9.892857143,240,480,2473,19.40962394,4.3,3,25.21518987,23.84115523,6.583333333,9.892857143,13208,56,554,45779,182,310,620,4,2480,1391,12364.44444,Oct,2025,23.2,15.5,20.9,24,90,90,3.2,39.8,469.1,18
6B/2/3,3,30,6B/2/3,Oct,272,3626.666667,3,VP,"Oct,2021",48,0.021120811,33,7.933333333,10.53535354,160,400,2956,13.53179973,4.03,2,22.09243697,22.56088207,7.933333333,10.53535354,23531,99,1043,45783,249,310,1295.8,4,5183.2,3200,42666.66667,Oct,2025,23.2,15.5,20.9,24,90,90,3.2,39.8,469.1,18
6B/4,3,17,6B/4,Oct,242.25,3230,3,VP,"Feb,2025",8,0.0227,23,2.992776058,2.93444609,140,300,1193,25.14668902,4.96,1,29.36206897,22.25229358,2.992776058,2.93444609,4851,74,218,45905,56,310,930,4,3720,2850,38000,Oct,2025,23.2,15.5,20.9,24,90,90,3.2,39.8,469.1,18
7,3,12,7,Oct,187,2493.333333,3,VP,"Apr,2023",30,0.021120811,35,4.611111111,5.542857143,160,480,2572,18.66251944,4.52,1,28.19277108,34.57216495,4.611111111,5.542857143,20121,105,582,45783,178,310,620,4,2480,2233,29773.33333,Oct,2025,23.2,15.5,20.9,24,90,90,3.2,39.8,469.1,18
1-Jul,3.73,7,1-Jul,Oct,139.6434316,2314.977778,3.73,VP,"Sep,2023",23,0.026260208,35,4.110813226,6.641133665,160,400,2550,15.68627451,4.38,2,29.64130435,28.727797,4.110813226,6.641133665,24907,130.55,867,45788,173,250,567.5,3,1702.5,1420.643432,23551.11111,Oct,2025,23.2,15.5,20.9,24,90,90,3.2,39.8,469.1,18
7A,1.54,43,7A,Oct,51,349.0666667,1.54,SD,"Oct,2024",12,0.010842016,35,4.935064935,4.471243043,160,160,1087,14.71941122,14.71941122,3,25.68421053,24.54356846,4.935064935,4.471243043,5915,53.9,241,45783,301,250,600,4,2400,492.2987013,3369.511111,Oct,2025,23.2,15.5,20.9,24,90,90,3.2,39.8,469.1,18
1-Aug,6,12,1-Aug,Oct,170,4533.333333,6,VP,"Apr,2023",30,0.042241622,23,8.416666667,10.57608696,160,240,2504,9.584664537,4.35,2,21.90594059,27.37923947,8.416666667,10.57608696,39960,138,1459.5,45947,14,310,620,4,2480,2035.833333,54288.88889,Oct,2025,23.2,15.5,20.9,24,90,90,3.2,39.8,469.1,18
2-Aug,6.55,6,2-Aug,Oct,170,4948.888889,6.55,VP,"Oct,2023",24,0.046113771,18,6.921119593,9.126378287,160,240,1800,13.33333333,5.11,2,23.34558824,28.94423792,6.921119593,9.126378287,31144,117.9,1076,45884,77,310,1860,4,7440,2000,58222.22222,Oct,2025,23.2,15.5,20.9,24,90,90,3.2,39.8,469.1,18
9,6.45,18,9,Oct,93.5,2680.333333,6.45,SD,"Oct,2022",36,0.045409744,22,6.472868217,7.811839323,160,160,1821,8.786381109,8.786381109,1,20.30538922,23.18899414,6.472868217,7.811839323,25705,141.9,1108.5,45783,55,250,385,4,1540,1100,31533.33333,Oct,2025,23.2,15.5,20.9,24,90,90,3.2,39.8,469.1,18
9A,2,18,9A,Oct,170,1511.111111,2,SD,Nov.2022,36,0.014080541,21,9.5,11.61904762,80,240,2222,10.80108011,10.80108011,2,19.76315789,23.40163934,9.5,11.61904762,11420,42,488,45783,23,180,1161,3,3483,2000,17777.77778,Oct,2025,23.2,15.5,20.9,24,90,90,3.2,39.8,469.1,18
9A/2,2.4,23,9A/2,Oct,12.75,136,2.4,VP,Rev 2022,41,0.016896649,4,0,8.333333333,40,40,69,57.97101449,4.82,0,0,0,0,0,227,9.6,80,45783,53,180,225,4,900,150,1600,Oct,2025,23.2,15.5,20.9,24,90,90,3.2,39.8,469.1,18
10,2.67,35,10,Nov,237.5,2818.333333,2.67,SD,Feb.2025,8,0.018797522,17,4.822097378,5.155320555,140,220,1544,14.24870466,14.24870466,3,25.04854369,22.5042735,4.822097378,5.155320555,5266,45.39,234,45783,178,180,360,3,1080,2500,29666.66667,Nov,2025,25,13.3,20.9,25,83,79,5.3,58.1,64.4,6
10/2A,3.6,37,10/2A,Nov,0,0,3.6,VP,"June.,2024",17,0.025344973,23,7.12962963,8.629227053,160,320,1760,18.18181818,5.72,2,30.42857143,24.89293212,7.12962963,8.629227053,17786,82.8,714.5,45939,22,250,750,3,2250,974.6666667,15594.66667,Nov,2025,25,13.3,20.9,25,83,79,5.3,58.1,64.4,6
3-Oct,2,12,3-Oct,Nov,190,1688.888889,2,VP,"Apr,2023",30,0.014080541,27,9,9.5,160,400,2477,16.14856681,4.4,3,24.55555556,27.34697856,9,9.5,14029,54,513,45824,137,310,1317.5,4,5270,2000,17777.77778,Nov,2025,25,13.3,20.9,25,83,79,5.3,58.1,64.4,6
4-Oct,1.25,48,4-Oct,Nov,133,738.8888889,1.25,VP,"June,2024",17,0.008800338,21,10.4,9.333333333,160,320,1871,17.10315339,4.39,3,17.35897436,25.12244898,10.4,9.333333333,6155,26.25,245,45918,43,250,500,4,2000,1124.2,6245.555556,Nov,2025,25,13.3,20.9,25,83,79,5.3,58.1,64.4,6
11,6.48,31,11,Nov,209,6019.2,6.48,VP,Oct.2024,14,0.045620952,35,4.732510288,5.956790123,160,240,1163,20.63628547,5.11,1,21.06521739,21.63508512,4.732510288,5.956790123,29229,226.8,1351,45788,173,310,2030.5,4,8122,2200,63360,Nov,2025,25,13.3,20.9,25,83,79,5.3,58.1,64.4,6
1-Nov,2.98,6,1-Nov,Nov,223.557047,2960.888889,2.98,VP,"Oct,2023",23,0.020980006,22,10.62639821,16.01586333,160,320,3001,10.6631123,5.46,2,21.06315789,23.67047619,10.62639821,16.01586333,24854,65.56,1050,45903,58,310,2008.8,4,8035.2,2201.342282,29155.55556,Nov,2025,25,13.3,20.9,25,83,79,5.3,58.1,64.4,6
11/1A,2.27,24,11/1A,Nov,266,2683.644444,2.27,VP,"Apr,2022",42,0.015981414,20,11.30690162,18.11674009,80,240,3273,7.332722273,4.99,1,22.46753247,21.19513678,11.30690162,18.11674009,17433,45.4,822.5,45783,52,310,930,4,3720,2800,28248.88889,Nov,2025,25,13.3,20.9,25,83,79,5.3,58.1,64.4,6
12,6.39,17,12,Nov,152,4316.8,6.39,SD,"Nov,2022",35,0.044987328,34,4.04277517,5.23796373,160,400,1758,22.75312856,22.75312856,1,19.72258065,24.73989455,4.04277517,5.23796373,28154,217.26,1138,45783,183,250,667.5,4,2670,1600,45440,Nov,2025,25,13.3,20.9,25,83,79,5.3,58.1,64.4,6
1-Dec,4.25,7,1-Dec,Nov,266,5024.444444,4.25,VP,"Oct,2023",24,0.029921149,25,13.82352941,16.47529412,320,560,4441,12.60977257,4.56,3,24.52765957,27.20936875,13.82352941,16.47529412,47630,106.25,1750.5,45931,30,310,1156.3,4,4625.2,2800,52888.88889,Nov,2025,25,13.3,20.9,25,83,79,5.3,58.1,64.4,6
1A/1,4,21,1A/1,Nov,263.75,4688.888889,4,VP,"Jul,2022",38,0.028161081,22,7.833333333,9.420454545,160,320,2352,13.60544218,6.08,3,18.40425532,25.09167672,7.833333333,9.420454545,20801,88,829,45931,23,200 Kgs.,180,250,310,2350,41777.77778,Nov,2025,25,13.3,20.9,25,83,79,5.3,58.1,64.4,6
1A/2,4.09,23,1A/2,Nov,233.6625917,4247.466667,4.09,VP,"Apr,2022",40,0.028794706,22,6.356968215,9.274283174,80,320,1930,16.58031088,5.03,3,17.88461538,23.10245656,6.356968215,9.274283174,19279,89.98,834.5,45931,30,250,1000,3,3000,1779.462103,32346.66667,Nov,2025,25,13.3,20.9,25,83,79,5.3,58.1,64.4,6
1B/1,2.31,23,1B/1,Nov,238.5800866,2449.422222,2.31,VP,"May,2022",40,0.016263025,19,10.60606061,8.988380041,80,240,1718,13.96973225,4.53,2,23.18367347,25.49809886,10.60606061,8.988380041,10059,43.89,394.5,,80,250,1022.5,3,3067.5,1859.74026,19093.33333,Nov,2025,25,13.3,20.9,25,83,79,5.3,58.1,64.4,6
2,5.24,36,2,Nov,199.6259542,4649.066667,5.24,VP,"Jan,2025",2,0.0369,11,0,4.510756419,0,80,618,12.94498382,4.39,0,0,21.56923077,0,4.510756419,5608,58,260,45945,16,250,1625,4,6500,1828.625954,42586.66667,Nov,2025,25,13.3,20.9,25,83,79,5.3,58.1,64.4,6
2A,6.5,31,2A,Nov,171,4940,6.5,VP,"Jan 2025,",2,0.0458,16,0,4.980769231,0,80,920,8.695652174,4.66,0,0,20.91505792,0,4.980769231,10834,104,518,45934,27,250,577.5,3,1732.5,1784.615385,51555.55556,Nov,2025,25,13.3,20.9,25,83,79,5.3,58.1,64.4,6
3,5,37,3,Nov,0,0,5,VP,"Aug, 2024",15,0.035201352,21,7.066666667,7.585714286,160,240,1505,15.94684385,5.42,2,24.03773585,24.3992467,7.066666667,7.585714286,19434,105,796.5,45799,162,250,1310,4,5240,1496.8,33262.22222,Nov,2025,25,13.3,20.9,25,83,79,5.3,58.1,64.4,6
4,8.09,17,4,Nov,209,7514.711111,8.09,VP,"Nov,2022",35,0.056955787,16,7.107540173,10.56474042,160,240,1906,12.59181532,4.75,1,20.74782609,26.17769653,7.107540173,10.56474042,35798,129.44,1367.5,45840,121,310,1550,4,6200,2175.278121,78213.33333,Nov,2025,25,13.3,20.9,25,83,79,5.3,58.1,64.4,6
5A/1,5.7,31,5A/1,Nov,190,4813.333333,5.7,VP,"Sep,2021",49,0.040129541,20,4.912280702,8.355263158,0,80,1826,4.381161008,4.381161008,1,22.82142857,23.89186352,4.912280702,8.355263158,22757,114,952.5,45783,44,310,2507.9,3,7523.7,2035.087719,51555.55556,Nov,2025,25,13.3,20.9,25,83,79,5.3,58.1,64.4,6
5A/2,7.62,29,5A/2,Nov,199.5,6756.4,7.62,VP,"Nov,2021",47,0.05364686,19,3.910761155,8.077773173,0,80,1616,4.95049505,5,0,18.43624161,24.38905515,3.910761155,8.077773173,28523,144.78,1169.5,45783,81,310,1767,4,7068,2049.606299,69413.33333,Nov,2025,25,13.3,20.9,25,83,79,5.3,58.1,64.4,6
5B/1,4.18,30,5B/1,Nov,244.8851675,4549.422222,4.18,VP,"May,2024",17,0.02942833,34,4.306220096,5.389811427,240,400,1964,20.36659878,5.35,1,28.82407407,28.95953003,4.306220096,5.389811427,22183,142.12,766,45765,196,310,2362.2,4,9448.8,2283.732057,42426.66667,Nov,2025,25,13.3,20.9,25,83,79,5.3,58.1,64.4,6
6A/1,2,12,6A/1,Nov,259,2302.222222,2,VP,"Apr,2023",30,0.014080541,33,4.666666667,6.939393939,160,400,2558,15.63721658,3.97,2,26.64285714,29.48689956,4.666666667,6.939393939,13505,66,458,45818,143,310,1116,4,4464,2375,21111.11111,Nov,2025,25,13.3,20.9,25,83,79,5.3,58.1,64.4,6
6A/2,2,36,6A/2,Nov,335,2977.777778,2,VP,"Feb,2025",8,0.0141,26,5.833333333,6.471153846,160,240,1693,14.1760189,4.85,3,21.84285714,20.23774146,5.833333333,6.471153846,6810,52,336.5,45911,50,310,923.8,4,3695.2,3433,30515.55556,Nov,2025,25,13.3,20.9,25,83,79,5.3,58.1,64.4,6
6A/2/1,2,42,6A/2/1,Nov,252,2240,2,VP,"May,2024",17,0.014080541,28,6.583333333,9.892857143,240,480,2473,19.40962394,4.3,3,25.21518987,23.84115523,6.583333333,9.892857143,13208,56,554,45779,182,310,620,4,2480,1391,12364.44444,Nov,2025,25,13.3,20.9,25,83,79,5.3,58.1,64.4,6
6B/2/3,3,30,6B/2/3,Nov,304,4053.333333,3,VP,"Oct,2021",48,0.021120811,33,7.933333333,10.53535354,160,400,2956,13.53179973,4.03,2,22.09243697,22.56088207,7.933333333,10.53535354,23531,99,1043,45783,249,310,1295.8,4,5183.2,3200,42666.66667,Nov,2025,25,13.3,20.9,25,83,79,5.3,58.1,64.4,6
6B/4,3,17,6B/4,Nov,270.75,3610,3,VP,"Feb,2025",8,0.0227,23,2.992776058,2.93444609,140,300,1193,25.14668902,4.96,1,29.36206897,22.25229358,2.992776058,2.93444609,4851,74,218,45905,56,310,930,4,3720,2850,38000,Nov,2025,25,13.3,20.9,25,83,79,5.3,58.1,64.4,6
7,3,12,7,Nov,209,2786.666667,3,VP,"Apr,2023",30,0.021120811,35,4.611111111,5.542857143,160,480,2572,18.66251944,4.52,1,28.19277108,34.57216495,4.611111111,5.542857143,20121,105,582,45783,178,310,620,4,2480,2233,29773.33333,Nov,2025,25,13.3,20.9,25,83,79,5.3,58.1,64.4,6
1-Jul,3.73,7,1-Jul,Nov,133,2204.844444,3.73,VP,"Sep,2023",23,0.026260208,35,4.110813226,6.641133665,160,400,2550,15.68627451,4.38,2,29.64130435,28.727797,4.110813226,6.641133665,24907,130.55,867,45788,173,250,567.5,3,1702.5,1420.643432,23551.11111,Nov,2025,25,13.3,20.9,25,83,79,5.3,58.1,64.4,6
7A,1.54,43,7A,Nov,57,390.1333333,1.54,SD,"Oct,2024",12,0.010842016,35,4.935064935,4.471243043,160,160,1087,14.71941122,14.71941122,3,25.68421053,24.54356846,4.935064935,4.471243043,5915,53.9,241,45783,301,250,600,4,2400,492.2987013,3369.511111,Nov,2025,25,13.3,20.9,25,83,79,5.3,58.1,64.4,6
1-Aug,6,12,1-Aug,Nov,190,5066.666667,6,VP,"Apr,2023",30,0.042241622,23,8.416666667,10.57608696,160,240,2504,9.584664537,4.35,2,21.90594059,27.37923947,8.416666667,10.57608696,39960,138,1459.5,45947,14,310,620,4,2480,2035.833333,54288.88889,Nov,2025,25,13.3,20.9,25,83,79,5.3,58.1,64.4,6
2-Aug,6.55,6,2-Aug,Nov,190,5531.111111,6.55,VP,"Oct,2023",24,0.046113771,18,6.921119593,9.126378287,160,240,1800,13.33333333,5.11,2,23.34558824,28.94423792,6.921119593,9.126378287,31144,117.9,1076,45884,77,310,1860,4,7440,2000,58222.22222,Nov,2025,25,13.3,20.9,25,83,79,5.3,58.1,64.4,6
9,6.45,18,9,Nov,104.5,2995.666667,6.45,SD,"Oct,2022",36,0.045409744,22,6.472868217,7.811839323,160,160,1821,8.786381109,8.786381109,1,20.30538922,23.18899414,6.472868217,7.811839323,25705,141.9,1108.5,45783,55,250,385,4,1540,1100,31533.33333,Nov,2025,25,13.3,20.9,25,83,79,5.3,58.1,64.4,6
9A,2,18,9A,Nov,190,1688.888889,2,SD,Nov.2022,36,0.014080541,21,9.5,11.61904762,80,240,2222,10.80108011,10.80108011,2,19.76315789,23.40163934,9.5,11.61904762,11420,42,488,45783,23,180,1161,3,3483,2000,17777.77778,Nov,2025,25,13.3,20.9,25,83,79,5.3,58.1,64.4,6
9A/2,2.4,23,9A/2,Nov,14.25,152,2.4,VP,Rev 2022,41,0.016896649,4,0,8.333333333,40,40,69,57.97101449,4.82,0,0,0,0,0,227,9.6,80,45783,53,180,225,4,900,150,1600,Nov,2025,25,13.3,20.9,25,83,79,5.3,58.1,64.4,6
10,2.67,35,10,Dec,250,2966.666667,2.67,SD,Feb.2025,8,0.018797522,17,4.822097378,5.155320555,140,220,1544,14.24870466,14.24870466,3,25.04854369,22.5042735,4.822097378,5.155320555,5266,45.39,234,45783,178,180,360,3,1080,2500,29666.66667,Dec,2025,23.4,13.1,19.6,23,84,79,4,46.2,84.4,8
10/2A,3.6,37,10/2A,Dec,120,1920,3.6,VP,"June.,2024",17,0.025344973,23,7.12962963,8.629227053,160,320,1760,18.18181818,5.72,2,30.42857143,24.89293212,7.12962963,8.629227053,17786,82.8,714.5,45939,22,250,750,3,2250,974.6666667,15594.66667,Dec,2025,23.4,13.1,19.6,23,84,79,4,46.2,84.4,8
3-Oct,2,12,3-Oct,Dec,200,1777.777778,2,VP,"Apr,2023",30,0.014080541,27,9,9.5,160,400,2477,16.14856681,4.4,3,24.55555556,27.34697856,9,9.5,14029,54,513,45824,137,310,1317.5,4,5270,2000,17777.77778,Dec,2025,23.4,13.1,19.6,23,84,79,4,46.2,84.4,8
4-Oct,1.25,48,4-Oct,Dec,140,777.7777778,1.25,VP,"June,2024",17,0.008800338,21,10.4,9.333333333,160,320,1871,17.10315339,4.39,3,17.35897436,25.12244898,10.4,9.333333333,6155,26.25,245,45918,43,250,500,4,2000,1124.2,6245.555556,Dec,2025,23.4,13.1,19.6,23,84,79,4,46.2,84.4,8
11,6.48,31,11,Dec,220,6336,6.48,VP,Oct.2024,14,0.045620952,35,4.732510288,5.956790123,160,240,1163,20.63628547,5.11,1,21.06521739,21.63508512,4.732510288,5.956790123,29229,226.8,1351,45788,173,310,2030.5,4,8122,2200,63360,Dec,2025,23.4,13.1,19.6,23,84,79,4,46.2,84.4,8
1-Nov,2.98,6,1-Nov,Dec,200,2648.888889,2.98,VP,"Oct,2023",23,0.020980006,22,10.62639821,16.01586333,160,320,3001,10.6631123,5.46,2,21.06315789,23.67047619,10.62639821,16.01586333,24854,65.56,1050,45903,58,310,2008.8,4,8035.2,2201.342282,29155.55556,Dec,2025,23.4,13.1,19.6,23,84,79,4,46.2,84.4,8
11/1A,2.27,24,11/1A,Dec,280,2824.888889,2.27,VP,"Apr,2022",42,0.015981414,20,11.30690162,18.11674009,80,240,3273,7.332722273,4.99,1,22.46753247,21.19513678,11.30690162,18.11674009,17433,45.4,822.5,45783,52,310,930,4,3720,2800,28248.88889,Dec,2025,23.4,13.1,19.6,23,84,79,4,46.2,84.4,8
12,6.39,17,12,Dec,160,4544,6.39,SD,"Nov,2022",35,0.044987328,34,4.04277517,5.23796373,160,400,1758,22.75312856,22.75312856,1,19.72258065,24.73989455,4.04277517,5.23796373,28154,217.26,1138,45783,183,250,667.5,4,2670,1600,45440,Dec,2025,23.4,13.1,19.6,23,84,79,4,46.2,84.4,8
1-Dec,4.25,7,1-Dec,Dec,280,5288.888889,4.25,VP,"Oct,2023",24,0.029921149,25,13.82352941,16.47529412,320,560,4441,12.60977257,4.56,3,24.52765957,27.20936875,13.82352941,16.47529412,47630,106.25,1750.5,45931,30,310,1156.3,4,4625.2,2800,52888.88889,Dec,2025,23.4,13.1,19.6,23,84,79,4,46.2,84.4,8
1A/1,4,21,1A/1,Dec,225,4000,4,VP,"Jul,2022",38,0.028161081,22,7.833333333,9.420454545,160,320,2352,13.60544218,6.08,3,18.40425532,25.09167672,7.833333333,9.420454545,20801,88,829,45931,23,200 Kgs.,180,250,310,2350,41777.77778,Dec,2025,23.4,13.1,19.6,23,84,79,4,46.2,84.4,8
1A/2,4.09,23,1A/2,Dec,160,2908.444444,4.09,VP,"Apr,2022",40,0.028794706,22,6.356968215,9.274283174,80,320,1930,16.58031088,5.03,3,17.88461538,23.10245656,6.356968215,9.274283174,19279,89.98,834.5,45931,30,250,1000,3,3000,1779.462103,32346.66667,Dec,2025,23.4,13.1,19.6,23,84,79,4,46.2,84.4,8
1B/1,2.31,23,1B/1,Dec,160,1642.666667,2.31,VP,"May,2022",40,0.016263025,19,10.60606061,8.988380041,80,240,1718,13.96973225,4.53,2,23.18367347,25.49809886,10.60606061,8.988380041,10059,43.89,394.5,,80,250,1022.5,3,3067.5,1859.74026,19093.33333,Dec,2025,23.4,13.1,19.6,23,84,79,4,46.2,84.4,8
2,5.24,36,2,Dec,180,4192,5.24,VP,"Jan,2025",2,0.0369,11,0,4.510756419,0,80,618,12.94498382,4.39,0,0,21.56923077,0,4.510756419,5608,58,260,45945,16,250,1625,4,6500,1828.625954,42586.66667,Dec,2025,23.4,13.1,19.6,23,84,79,4,46.2,84.4,8
2A,6.5,31,2A,Dec,180,5200,6.5,VP,"Jan 2025,",2,0.0458,16,0,4.980769231,0,80,920,8.695652174,4.66,0,0,20.91505792,0,4.980769231,10834,104,518,45934,27,250,577.5,3,1732.5,1784.615385,51555.55556,Dec,2025,23.4,13.1,19.6,23,84,79,4,46.2,84.4,8
3,5,37,3,Dec,72.4,1608.888889,5,VP,"Aug, 2024",15,0.035201352,21,7.066666667,7.585714286,160,240,1505,15.94684385,5.42,2,24.03773585,24.3992467,7.066666667,7.585714286,19434,105,796.5,45799,162,250,1310,4,5240,1496.8,33262.22222,Dec,2025,23.4,13.1,19.6,23,84,79,4,46.2,84.4,8
4,8.09,17,4,Dec,220,7910.222222,8.09,VP,"Nov,2022",35,0.056955787,16,7.107540173,10.56474042,160,240,1906,12.59181532,4.75,1,20.74782609,26.17769653,7.107540173,10.56474042,35798,129.44,1367.5,45840,121,310,1550,4,6200,2175.278121,78213.33333,Dec,2025,23.4,13.1,19.6,23,84,79,4,46.2,84.4,8
5A/1,5.7,31,5A/1,Dec,200,5066.666667,5.7,VP,"Sep,2021",49,0.040129541,20,4.912280702,8.355263158,0,80,1826,4.381161008,4.381161008,1,22.82142857,23.89186352,4.912280702,8.355263158,22757,114,952.5,45783,44,310,2507.9,3,7523.7,2035.087719,51555.55556,Dec,2025,23.4,13.1,19.6,23,84,79,4,46.2,84.4,8
5A/2,7.62,29,5A/2,Dec,210,7112,7.62,VP,"Nov,2021",47,0.05364686,19,3.910761155,8.077773173,0,80,1616,4.95049505,5,0,18.43624161,24.38905515,3.910761155,8.077773173,28523,144.78,1169.5,45783,81,310,1767,4,7068,2049.606299,69413.33333,Dec,2025,23.4,13.1,19.6,23,84,79,4,46.2,84.4,8
5B/1,4.18,30,5B/1,Dec,220,4087.111111,4.18,VP,"May,2024",17,0.02942833,34,4.306220096,5.389811427,240,400,1964,20.36659878,5.35,1,28.82407407,28.95953003,4.306220096,5.389811427,22183,142.12,766,45765,196,310,2362.2,4,9448.8,2283.732057,42426.66667,Dec,2025,23.4,13.1,19.6,23,84,79,4,46.2,84.4,8
6A/1,2,12,6A/1,Dec,220,1955.555556,2,VP,"Apr,2023",30,0.014080541,33,4.666666667,6.939393939,160,400,2558,15.63721658,3.97,2,26.64285714,29.48689956,4.666666667,6.939393939,13505,66,458,45818,143,310,1116,4,4464,2375,21111.11111,Dec,2025,23.4,13.1,19.6,23,84,79,4,46.2,84.4,8
6A/2,2,36,6A/2,Dec,300,2666.666667,2,VP,"Feb,2025",8,0.0141,26,5.833333333,6.471153846,160,240,1693,14.1760189,4.85,3,21.84285714,20.23774146,5.833333333,6.471153846,6810,52,336.5,45911,50,310,923.8,4,3695.2,3433,30515.55556,Dec,2025,23.4,13.1,19.6,23,84,79,4,46.2,84.4,8
6A/2/1,2,42,6A/2/1,Dec,160,1422.222222,2,VP,"May,2024",17,0.014080541,28,6.583333333,9.892857143,240,480,2473,19.40962394,4.3,3,25.21518987,23.84115523,6.583333333,9.892857143,13208,56,554,45779,182,310,620,4,2480,1391,12364.44444,Dec,2025,23.4,13.1,19.6,23,84,79,4,46.2,84.4,8
6B/2/3,3,30,6B/2/3,Dec,320,4266.666667,3,VP,"Oct,2021",48,0.021120811,33,7.933333333,10.53535354,160,400,2956,13.53179973,4.03,2,22.09243697,22.56088207,7.933333333,10.53535354,23531,99,1043,45783,249,310,1295.8,4,5183.2,3200,42666.66667,Dec,2025,23.4,13.1,19.6,23,84,79,4,46.2,84.4,8
6B/4,3,17,6B/4,Dec,285,3800,3,VP,"Feb,2025",8,0.0227,23,2.992776058,2.93444609,140,300,1193,25.14668902,4.96,1,29.36206897,22.25229358,2.992776058,2.93444609,4851,74,218,45905,56,310,930,4,3720,2850,38000,Dec,2025,23.4,13.1,19.6,23,84,79,4,46.2,84.4,8
7,3,12,7,Dec,220,2933.333333,3,VP,"Apr,2023",30,0.021120811,35,4.611111111,5.542857143,160,480,2572,18.66251944,4.52,1,28.19277108,34.57216495,4.611111111,5.542857143,20121,105,582,45783,178,310,620,4,2480,2233,29773.33333,Dec,2025,23.4,13.1,19.6,23,84,79,4,46.2,84.4,8
1-Jul,3.73,7,1-Jul,Dec,140,2320.888889,3.73,VP,"Sep,2023",23,0.026260208,35,4.110813226,6.641133665,160,400,2550,15.68627451,4.38,2,29.64130435,28.727797,4.110813226,6.641133665,24907,130.55,867,45788,173,250,567.5,3,1702.5,1420.643432,23551.11111,Dec,2025,23.4,13.1,19.6,23,84,79,4,46.2,84.4,8
7A,1.54,43,7A,Dec,60,410.6666667,1.54,SD,"Oct,2024",12,0.010842016,35,4.935064935,4.471243043,160,160,1087,14.71941122,14.71941122,3,25.68421053,24.54356846,4.935064935,4.471243043,5915,53.9,241,45783,301,250,600,4,2400,492.2987013,3369.511111,Dec,2025,23.4,13.1,19.6,23,84,79,4,46.2,84.4,8
1-Aug,6,12,1-Aug,Dec,200,5333.333333,6,VP,"Apr,2023",30,0.042241622,23,8.416666667,10.57608696,160,240,2504,9.584664537,4.35,2,21.90594059,27.37923947,8.416666667,10.57608696,39960,138,1459.5,45947,14,310,620,4,2480,2035.833333,54288.88889,Dec,2025,23.4,13.1,19.6,23,84,79,4,46.2,84.4,8
2-Aug,6.55,6,2-Aug,Dec,200,5822.222222,6.55,VP,"Oct,2023",24,0.046113771,18,6.921119593,9.126378287,160,240,1800,13.33333333,5.11,2,23.34558824,28.94423792,6.921119593,9.126378287,31144,117.9,1076,45884,77,310,1860,4,7440,2000,58222.22222,Dec,2025,23.4,13.1,19.6,23,84,79,4,46.2,84.4,8
9,6.45,18,9,Dec,110,3153.333333,6.45,SD,"Oct,2022",36,0.045409744,22,6.472868217,7.811839323,160,160,1821,8.786381109,8.786381109,1,20.30538922,23.18899414,6.472868217,7.811839323,25705,141.9,1108.5,45783,55,250,385,4,1540,1100,31533.33333,Dec,2025,23.4,13.1,19.6,23,84,79,4,46.2,84.4,8
9A,2,18,9A,Dec,200,1777.777778,2,SD,Nov.2022,36,0.014080541,21,9.5,11.61904762,80,240,2222,10.80108011,10.80108011,2,19.76315789,23.40163934,9.5,11.61904762,11420,42,488,45783,23,180,1161,3,3483,2000,17777.77778,Dec,2025,23.4,13.1,19.6,23,84,79,4,46.2,84.4,8
9A/2,2.4,23,9A/2,Dec,15,160,2.4,VP,Rev 2022,41,0.016896649,4,0,8.333333333,40,40,69,57.97101449,4.82,0,0,0,0,0,227,9.6,80,45783,53,180,225,4,900,150,1600,Dec,2025,23.4,13.1,19.6,23,84,79,4,46.2,84.4,8
